"AA_NonCore Coverage - LAST UPDATED 2026-09-08 09:40. Rebuilt automatically every Friday by Coverage Manager (scheduled task WeeklyCoverageBuilder), immediately after the weekly performance run so prices and returns share one as-of date. 1009 names: every row NOT flagged `Core = Y` in Coverage Manager. Price/market cap from Yahoo Finance that morning, FMP per row where Yahoo had no answer; market cap USD at spot FX, price in local currency. Returns are from the Coverage Manager performance snapshot built 2026-09-04. Size: LC at or above USD 25,000M, else SMID. Valuation columns state their basis in the heading: Fwd P/E (NTM) forward, EV/Sales and EV/EBITDA trailing twelve months. Rating is joined by ticker from Ratings_CoreCoverage.xlsx and is yours to edit - this build never writes it."

#,Ticker,Company Name,Rating,Mkt Cap (USD $M),EV (USD $M),Size,Sector,Subsector,Sub-subsector,Core Coverage,Ccy,Price (local),% of 52W High,Fwd P/E (NTM),EV/Sales (TTM),EV/EBITDA (TTM),YTD,2025,2024,2023,2022,2021,2020,2019,3Y ann.,5Y ann.,Listing,Exchange,Country (HQ)
1,1801.HK,"Innovent Biologics, Inc.",,22286,20045,SMID,Biopharma,Biotech,,,HKD,100.2,89,40,10.0,92.3,34,108,-14,28,-31,-42,212,10,43,9,ADR/Cross-listed,HKEX,China
2,GMAB,Genmab A/S - ADR,,20522,23823,SMID,Biopharma,Biotech,,,USD,33.39,94,21,5.8,17.3,12,48,-34,-25,7,-3,82,36,-4,-7,ADR/Cross-listed,NASDAQ,Denmark
3,TORNTPHARM.NS,Torrent Pharmaceuticals Limited,,19899,19848,SMID,Biopharma,Specialty & Generic Pharma,,,INR,4960.0,94,53,12.0,39.1,27,16,47,51,-4,18,54,5,39,26,Primary,NSE,India
4,6446.TW,PharmaEssentia Corporation,,18462,16697,SMID,Biopharma,Specialty & Generic Pharma,,,TWD,1405.0,85,38,25.3,64.6,210,-15,78,-27,65,212,-13,-37,67,78,Primary,TWSE,Taiwan
5,ASND,Ascendis Pharma A/S,,17275,17406,SMID,Biopharma,Biotech,,,USD,263.37,93,28,16.6,66.1,27,55,9,3,-9,-19,20,122,40,10,ADR/Cross-listed,NASDAQ,Denmark
6,SOBI.ST,Swedish Orphan Biovitrum AB (publ),,16413,18018,SMID,Biopharma,Specialty & Generic Pharma,,,SEK,451.4,93,29,5.6,13.9,38,5,19,30,17,11,8,-20,28,15,Primary,OMX Stockholm,Sweden
7,4507.T,"Shionogi & Co., Ltd.",,16037,18793,SMID,Biopharma,Specialty & Generic Pharma,,,JPY,2897.5,77,15,5.1,19.2,4,32,0,6,-18,47,-15,10,13,6,Primary,TSE,Japan
8,JAZZ,Jazz Pharmaceuticals PLC,,15733,18231,SMID,Biopharma,Biotech,,,USD,242.37,91,9,4.0,9.5,46,38,0,-23,25,-23,11,20,20,13,ADR/Cross-listed,NASDAQ,Ireland
9,NBIX,Neurocrine Biosciences Inc,,15550,15892,SMID,Biopharma,Specialty & Generic Pharma,,,USD,152.98,82,13,4.7,17.4,12,4,4,10,40,-11,-11,51,13,11,Primary,NASDAQ,United States
10,IPN,Ipsen SA,,15149,14527,SMID,Biopharma,,,,EUR,157.8,91,11,2.9,8.4,41,9,4,9,26,20,-13,-29,14,16,Primary,Euronext Paris,France
11,688506.SS,"Sichuan Biokin Pharmaceutical Co.,Ltd.",,15074,15038,SMID,Biopharma,Specialty & Generic Pharma,,,CNY,244.56,60,,39.7,,-19,69,37,,,,,,44,,Primary,SSE,China
12,196170.KQ,ALTEOGEN Inc.,,14369,14604,SMID,Biopharma,Biotech,,,KRW,277000.0,63,51,77.1,150.9,-17,45,214,158,-39,-37,437,134,106,40,Primary,KOSDAQ,South Korea
13,EXEL,Exelixis Inc,,14327,13948,SMID,Biopharma,Biotech,,,USD,57.82,97,14,5.7,13.7,35,32,39,50,-12,-9,14,-10,38,24,Primary,NASDAQ,United States
14,1093.HK,CSPC Pharmaceutical Group Limited,,13703,12029,SMID,Biopharma,Large Pharma,,,HKD,9.42,81,14,3.0,9.6,17,82,-31,-8,-1,8,-16,67,23,3,ADR/Cross-listed,HKEX,China
15,HALO,"Halozyme Therapeutics, Inc.",,13070,,SMID,Biopharma,Biotech,,,USD,110.19,,,,,65,41,29,-35,42,-6,141,21,37,21,Primary,NASDAQ,United States
16,ORNAV.HE,Orion Oyj,,12978,12941,SMID,Biopharma,Large Pharma,,,EUR,79.3,96,,5.4,14.0,28,53,13,-20,47,1,-6,41,32,22,Primary,OMX Helsinki,Finland
17,BMRN,Biomarin Pharmaceutical Inc,,12446,16207,SMID,Biopharma,Biotech,,,USD,64.3,91,10,4.8,25.1,12,-10,-32,-7,17,1,4,-1,-11,-5,Primary,NASDAQ,United States
18,REC.MI,Recordati Industria Chimica e Farmaceutica S.p.A.,,12254,,SMID,Biopharma,Large Pharma,,,EUR,51.8,,,,,9,-2,6,29,-30,27,23,27,8,1,Primary,Borsa Italiana,Italy
19,ZYDUSLIFE.NS,Zydus Lifesciences Limited,,12052,13335,SMID,Biopharma,Specialty & Generic Pharma,,,INR,1145.5,95,23,4.4,18.6,23,-5,41,66,-12,2,90,-26,21,16,Primary,NSE,India
20,CORT,Corcept Therapeutics Inc,,11857,11767,SMID,Biopharma,Biotech,,,USD,109.69,87,25,14.2,1455.6,224,-31,55,60,3,-24,116,-9,50,39,Primary,NASDAQ,United States
21,CIPLA.NS,Cipla Limited,,11793,10903,SMID,Biopharma,Specialty & Generic Pharma,,,INR,1384.0,83,22,3.7,19.9,-7,0,24,17,15,16,73,-7,5,9,Primary,NSE,India
22,9926.HK,"Akeso, Inc.",,11302,10730,SMID,Biopharma,Biotech,,,HKD,96.2,62,63,24.4,,-11,86,31,8,26,-11,,,43,19,ADR/Cross-listed,HKEX,China
23,LAURUSLABS.NS,Laurus Labs Limited,,11095,10954,SMID,Biopharma,Specialty & Generic Pharma,,,INR,1946.9,100,69,14.3,50.9,66,84,40,15,-30,53,395,-5,66,23,Primary,NSE,India
24,AXSM,"Axsome Therapeutics, Inc.",,10720,10731,SMID,Biopharma,Biotech,,,USD,204.66,79,41,13.8,,14,116,6,3,104,-54,-21,3565,37,51,Primary,NASDAQ,United States
25,KRYS,Krystal Biotech Inc,,10202,9767,SMID,Biopharma,Biotech,,,USD,344.69,90,37,22.2,49.0,51,57,26,57,13,17,8,167,43,45,Primary,NASDAQ,United States
26,LUPIN.NS,Lupin Limited,,10151,10023,SMID,Biopharma,Specialty & Generic Pharma,,,INR,2104.7,83,21,3.2,11.0,1,-10,79,81,-22,-2,29,-9,24,17,Primary,NSE,India
27,MANKIND.NS,Mankind Pharma Limited,,10060,10554,SMID,Biopharma,Specialty & Generic Pharma,,,INR,2309.0,86,33,6.8,25.7,6,-24,45,,,,,,10,,Primary,NSE,India
28,RDY,Dr Reddy's Laboratories Ltd,,9970,,SMID,Biopharma,Specialty & Generic Pharma,,,USD,11.97,,,,,-14,-11,14,36,-20,-7,77,8,-3,-1,ADR/Cross-listed,NYSE,India
29,ABVX,Abivax S.A.,,9925,8644,SMID,Biopharma,Biotech,,,USD,113.75,76,,1757.0,,-15,1742,-32,,,,,,,,ADR/Cross-listed,NASDAQ,France
30,PRAX,Praxis Precision Medicines Inc,,9808,,SMID,Biopharma,Biotech,,,USD,351.81,,,,,20,283,245,-38,-88,-64,,,147,2,Primary,NASDAQ,United States
31,300765.SZ,"CSPC Innovation Pharmaceutical Co., Ltd.",,9465,8945,SMID,Biopharma,,,,CNY,45.14,75,73,13.8,43.9,22,36,-12,323,4,7,10,,59,52,Primary,SZSE,China
32,PTGX,Protagonist Therapeutics Inc,,9371,,SMID,Biopharma,Biotech,,,USD,145.72,,,,,70,126,68,110,-68,70,186,5,97,25,Primary,NASDAQ,United States
33,TUB,Financiere de Tubize SA,,9134,9149,SMID,Biopharma,,,,EUR,176.5,70,,,,-12,48,100,2,-21,10,31,6,39,16,Primary,Euronext Brussels,Belgium
34,600196.SS,"Shanghai Fosun Pharmaceutical (Group) Co., Ltd.",,9070,14559,SMID,Biopharma,Specialty & Generic Pharma,,,CNY,22.75,69,21,2.3,16.5,-14,8,0,-28,-27,-9,104,16,-6,-18,Primary,SSE,China
35,IBRX,Immunitybio Inc,,8457,9435,SMID,Biopharma,Biotech,,,USD,7.98,64,,56.9,,314,-23,-49,-1,-17,-54,252,227,75,-6,Primary,NASDAQ,United States
36,TGTX,TG Therapeutics Inc common stock,,8381,8144,SMID,Biopharma,Biotech,,,USD,54.75,92,18,10.2,59.7,90,-1,76,44,-38,-63,369,171,75,13,Primary,NASDAQ,United States
37,BLTE,Belite Bio Inc,,7862,,SMID,Biopharma,Biotech,,,USD,195.23,98,101,,,7,154,38,52,,,,,73,,Primary,NASDAQ,United States
38,SYRE,Spyre Therapeutics Inc,,7629,6847,SMID,Biopharma,Biotech,,,USD,86.53,79,,,,166,41,8,91,-91,-40,3,2,82,-14,Primary,NASDAQ,United States
39,ALKS,Alkermes Plc,,7545,8650,SMID,Biopharma,Specialty & Generic Pharma,,,USD,44.98,81,25,5.2,30.4,68,-3,4,6,12,17,-2,-31,17,9,ADR/Cross-listed,NASDAQ,Ireland
40,4528.T,"Ono Pharmaceutical Co., Ltd.",,7408,6761,SMID,Biopharma,Large Pharma,,,JPY,2424.5,91,14,2.1,7.5,15,39,-33,-16,10,-6,26,14,0,1,Primary,TSE,Japan
41,GLENMARK.NS,Glenmark Pharmaceuticals Limited,,7366,7238,SMID,Biopharma,Specialty & Generic Pharma,,,INR,2474.5,98,25,3.9,14.2,20,27,89,102,-19,8,43,-50,46,36,Primary,NSE,India
42,688578.SS,"Shanghai Allist Pharmaceuticals Co., Ltd.",,7208,6627,SMID,Biopharma,Biotech,,,CNY,107.3,78,15,7.2,16.4,7,75,46,112,-35,6,,,55,31,Primary,SSE,China
43,BANB.SW,Bachem Holding AG,,7203,7326,SMID,Biopharma,,,,CHF,77.8,93,25,8.4,28.2,32,5,-10,-18,-44,82,159,39,1,-9,Primary,SIX,Switzerland
44,000963.SZ,"Huadong Medicine Co., Ltd",,7148,6667,SMID,Biopharma,Specialty & Generic Pharma,,,CNY,27.3,62,11,1.0,8.9,-29,16,-14,-11,17,52,10,12,-8,-1,Primary,SZSE,China
45,ALK-B.CO,ALK-Abelló A/S,,7073,6903,SMID,Biopharma,Biotech,,,DKK,205.0,76,28,6.5,21.2,-7,44,57,5,-44,37,53,70,39,6,Primary,OMX Copenhagen,Denmark
46,CAI,Caris Life Sciences Inc,,7044,6744,SMID,Biopharma,Biotech,,,USD,24.92,71,66,6.8,38.8,-6,,,,,,,,,,Primary,NASDAQ,United States
47,HLUN-B.CO,H. Lundbeck A/S,,6745,7836,SMID,Biopharma,Specialty & Generic Pharma,,,DKK,43.72,92,7,1.9,6.1,5,7,29,28,,,,,11,,Primary,OMX Copenhagen,Denmark
48,BIOCON.NS,Biocon Limited,,6738,8177,SMID,Biopharma,Biotech,,,INR,392.3,88,36,4.5,21.6,1,8,47,-4,-28,-22,58,-6,14,2,Primary,NSE,India
49,ALKEM.NS,Alkem Laboratories Limited,,6534,6455,SMID,Biopharma,Specialty & Generic Pharma,,,INR,5181.0,87,23,4.1,20.9,-5,-1,9,76,-16,25,47,4,14,7,Primary,NSE,India
50,CGON,CG Oncology Inc,,6488,5599,SMID,Biopharma,Biotech,,,USD,73.19,90,,899.1,,79,45,,,,,,,,,Primary,NASDAQ,United States
51,LQDA,Liquidia Corp,,6158,6044,SMID,Biopharma,Specialty & Generic Pharma,,,USD,68.8,73,12,13.4,35.6,99,193,-2,89,31,65,-31,-80,114,90,Primary,NASDAQ,United States
52,DNTH,"Dianthus Therapeutics, Inc.",,6047,,SMID,Biopharma,Biotech,,,USD,108.1,,,,,162,89,110,62,-91,-43,-48,166,109,1,Primary,NASDAQ,United States
53,ORKA,"Oruka Therapeutics, Inc.",,6022,5257,SMID,Biopharma,Biotech,,,USD,90.96,79,,,,200,56,77,-28,10,-46,-30,-4,90,35,Primary,NASDAQ,United States
54,TVTX,Travere Therapeutics Inc,,5987,6281,SMID,Biopharma,Biotech,,,USD,63.52,93,11,10.6,274.1,74,119,94,-57,-32,14,92,-37,65,26,Primary,NASDAQ,United States
55,MIRM,Mirum Pharmaceuticals Inc,,5969,6876,SMID,Biopharma,Biotech,,,USD,97.89,75,,11.1,,27,91,40,51,22,-9,-29,,56,41,Primary,NASDAQ,United States
56,AMRX,Amneal Pharmaceuticals Inc,,5938,8314,SMID,Biopharma,Specialty & Generic Pharma,,,USD,17.05,89,15,2.7,12.1,42,59,30,205,-58,5,-5,-64,62,27,Primary,NASDAQ,United States
57,KNSA,Kiniksa Pharmaceuticals Internationl PLC,,5914,5562,SMID,Biopharma,Specialty & Generic Pharma,,,USD,75.8,91,47,6.6,54.5,95,109,13,17,27,-33,60,-61,65,46,ADR/Cross-listed,NASDAQ,United Kingdom
58,COGT,Cogent Biosciences Inc,,5882,5550,SMID,Biopharma,Biotech,,,USD,33.9,78,,,,-2,355,33,-49,35,-24,290,-84,39,34,Primary,NASDAQ,United States
59,PTCT,"PTC Therapeutics, Inc.",,5784,,SMID,Biopharma,Biotech,,,USD,69.3,,,,,-6,68,64,-28,-4,-35,27,40,21,10,Primary,NASDAQ,United States
60,ABBOTINDIA.NS,Abbott India Limited,,5728,5597,SMID,Biopharma,Specialty & Generic Pharma,,,INR,25555.0,81,28,7.6,27.6,-8,-1,32,8,11,26,22,75,6,7,Primary,NSE,India
61,LGND,Ligand Pharmaceuticals Incorporated,,5724,,SMID,Biopharma,Biotech,,,USD,285.6,,,,,53,76,50,7,-31,55,-5,-23,63,27,Primary,NASDAQ,United States
62,XENE,Xenon Pharmaceuticals Inc,,5686,4862,SMID,Biopharma,Biotech,,,USD,58.71,81,,,,35,14,-15,17,26,103,17,108,15,27,ADR/Cross-listed,NASDAQ,Canada
63,ERAS,Erasca Inc,,5531,5439,SMID,Biopharma,Biotech,,,USD,15.81,65,,,,337,48,18,-51,-72,,,,84,-7,Primary,NASDAQ,United States
64,GRFS,Grifols SA - ADR ADR Class B,,5274,21870,SMID,Biopharma,Large Pharma,,,USD,7.75,76,5,2.9,13.3,-15,28,-36,36,-24,-37,-20,29,-5,-11,ADR/Cross-listed,NASDAQ,Spain
65,IPCALAB.NS,Ipca Laboratories Limited,,5264,5356,SMID,Biopharma,Specialty & Generic Pharma,,,INR,1967.2,98,28,5.0,22.5,39,-16,53,32,-22,-1,94,42,31,10,Primary,NSE,India
66,GLAND.NS,Gland Pharma Limited,,5149,4844,SMID,Biopharma,Specialty & Generic Pharma,,,INR,2959.3,97,31,6.8,26.7,72,-2,-7,22,-59,65,,,21,-5,Primary,NSE,India
67,GALE.SW,Galenica AG,,5109,6418,SMID,Biopharma,,,,CHF,83.0,81,20,1.2,20.3,-12,35,5,-1,13,20,1,43,10,6,Primary,SIX,Switzerland
68,DFTX,"Definium Therapeutics, Inc.",,5056,,SMID,Biopharma,Biotech,,,USD,38.09,,,,,184,92,90,66,-89,-55,5346,27,110,-2,Primary,NASDAQ,United States
69,600085.SS,"Beijing Tongrentang Co., Ltd",,4986,4948,SMID,Biopharma,Specialty & Generic Pharma,,,CNY,24.35,68,22,2.1,18.5,-24,-19,-22,21,0,90,-14,5,-23,-5,Primary,SSE,China
70,300122.SZ,"Chongqing Zhifei Biological Products Co., Ltd.",,4828,5991,SMID,Biopharma,Biotech,,,CNY,13.51,58,,5.0,,-30,-28,-55,8,-29,-16,199,30,-33,-33,Primary,SZSE,China
71,4506.T,"Sumitomo Pharma Co., Ltd.",,4711,5267,SMID,Biopharma,Specialty & Generic Pharma,,,JPY,1615.0,49,94,1.7,11.9,-29,312,21,-53,-23,-12,-27,-38,46,-4,Primary,TSE,Japan
72,ACAD,ACADIA Pharmaceuticals Inc,,4671,3945,SMID,Biopharma,Biotech,,,USD,27.11,88,30,3.5,40.1,4,46,-41,97,-32,-56,25,165,0,11,Primary,NASDAQ,United States
73,EWTX,"Edgewise Therapeutics, Inc.",,4634,,SMID,Biopharma,Biotech,,,USD,43.07,,,,,69,-7,144,22,-41,,,,87,20,Primary,NASDAQ,United States
74,CELC,Celcuity Inc.,,4627,4683,SMID,Biopharma,Biotech,,,USD,94.57,63,,,,-3,662,-10,4,6,44,-14,-56,114,35,Primary,NASDAQ,United States
75,000661.SZ,"Changchun High-Tech Industry (Group) Co., Ltd.",,4624,4415,SMID,Biopharma,Specialty & Generic Pharma,,,CNY,75.93,54,7,2.7,27.1,-20,-5,-29,-12,-38,-39,101,156,-17,-20,Primary,SZSE,China
76,HIK.L,Hikma Pharmaceuticals PLC,,4515,6977,SMID,Biopharma,Specialty & Generic Pharma,,,GBp,1609.0,86,9,1.5,5.9,3,-22,11,15,-30,-12,26,16,-9,-9,Primary,LSE,United Kingdom
77,000100.KS,Yuhan Corporation,,4410,4490,SMID,Biopharma,Specialty & Generic Pharma,,,KRW,79100.0,61,28,2.6,29.7,-27,-6,74,27,-3,-13,68,22,7,8,Primary,KRX,South Korea
78,ELVN,Enliven Therapeutics Inc,,4305,3453,SMID,Biopharma,Biotech,,,USD,58.75,94,,,,287,-32,63,-15,82,-90,,,54,24,Primary,NASDAQ,United States
79,4527.T,"Rohto Pharmaceutical Co.,Ltd.",,4226,4217,SMID,Biopharma,,,,JPY,2876.5,92,17,1.8,10.6,12,-7,2,23,35,15,-7,12,-7,12,Primary,TSE,Japan
80,APN.JO,Aspen Pharmacare Holdings Limited,,4217,5978,SMID,Biopharma,Specialty & Generic Pharma,,,ZAc,15185.0,94,11,2.2,12.6,27,-29,-19,49,-39,79,5,-12,-4,-5,Primary,JSE,South Africa
81,RLAY,Relay Therapeutics Inc,,4172,,SMID,Biopharma,Biotech,,,USD,19.04,,,,,125,105,-63,-26,-51,-26,,,20,-10,Primary,NASDAQ,United States
82,MANE,"Veradermics, Incorporated",,4137,3296,SMID,Biopharma,Biotech,,,USD,99.03,75,,,,,,,,,,,,,,Primary,NYSE,United States
83,LEGN,Legend Biotech Corp,,4110,3484,SMID,Biopharma,Biotech,,,USD,21.13,56,20,2.7,,0,-33,-46,21,7,66,,,-33,-11,Primary,NASDAQ,United States
84,TLX.AX,Telix Pharmaceuticals Limited,,4053,4229,SMID,Biopharma,Biotech,,,AUD,16.5,90,,6.6,83.8,47,-54,144,39,-6,105,144,138,15,19,Primary,ASX,Australia
85,INDV,"Indivior Pharmaceuticals, Inc",,4044,4410,SMID,Biopharma,Specialty & Generic Pharma,,,USD,34.27,80,7,3.3,7.7,-3,189,-19,-30,26,135,182,-61,15,20,Primary,NASDAQ,United States
86,6919.TW,CALIWAY BIOPHARMACEUTICALS CO L,,4034,4084,SMID,Biopharma,Biotech,,,TWD,81.6,31,15,4374.5,,-44,152,60,215,,,,,35,,Primary,TWSE,Taiwan
87,VKTX,Viking Therapeutics Inc,,3986,3570,SMID,Biopharma,Biotech,,,USD,34.17,79,,,,-3,-13,116,98,104,-18,-30,5,33,38,Primary,NASDAQ,United States
88,TARS,Tarsus Pharmaceuticals Inc,,3940,3623,SMID,Biopharma,Biotech,,,USD,89.78,98,39,6.0,,2,48,173,38,-35,-46,,,71,26,Primary,NASDAQ,United States
89,IOVA,Iovance Biotherapeutics Inc,,3863,3730,SMID,Biopharma,Biotech,,,USD,8.53,91,,11.5,,219,-63,-9,27,-67,-59,68,213,12,-19,Primary,NASDAQ,United States
90,TNGX,Tango Therapeutics Inc,,3782,2815,SMID,Biopharma,Biotech,,,USD,22.43,65,,52.3,,157,187,-69,37,-34,-4,,,47,12,Primary,NASDAQ,United States
91,600161.SS,"Beijing Tiantan Biological Products Co., Ltd.",,3758,3693,SMID,Biopharma,Biotech,,,CNY,12.73,63,31,4.4,14.8,-25,-19,-20,31,-1,-30,79,58,-15,-10,Primary,SSE,China
92,IDYA,Ideaya Biosciences Inc,,3751,3046,SMID,Biopharma,Biotech,,,USD,38.88,91,,13.0,,16,35,-28,96,-23,69,87,,10,10,Primary,NASDAQ,United States
93,AMLX,Amylyx Pharmaceuticals Inc,,3722,3554,SMID,Biopharma,Specialty & Generic Pharma,,,USD,33.4,81,,,,181,220,-74,-60,,,,,16,,Primary,NASDAQ,United States
94,4536.T,"Santen Pharmaceutical Co., Ltd.",,3696,3232,SMID,Biopharma,Large Pharma,,,JPY,1766.5,78,16,1.7,7.6,14,3,18,34,-21,-14,-19,33,13,4,Primary,TSE,Japan
95,BION.SW,BB Biotech AG,,3693,-108,SMID,Biopharma,Biotech,,,CHF,54.2,95,,,,31,34,-14,-18,-24,8,19,19,16,-4,Primary,SIX,Switzerland
96,RCUS,"Arcus Biosciences, Inc.",,3665,3313,SMID,Biopharma,Biotech,,,USD,29.14,92,,28.3,,26,60,-22,-8,-49,56,157,-6,12,-2,Primary,NYSE,United States
97,ABCL,AbCellera Biologics Inc,,3642,3100,SMID,Biopharma,Biotech,,,USD,11.24,89,,46.9,,238,17,-49,-44,-29,-64,,,27,-9,ADR/Cross-listed,NASDAQ,Canada
98,002007.SZ,Hualan Biological Engineering Inc.,,3636,3205,SMID,Biopharma,Biotech,,,CNY,13.34,78,12,4.9,17.4,-10,-6,-23,-1,-22,-30,58,62,-13,-13,Primary,SZSE,China
99,OGN,Organon & Co,,3617,11040,SMID,Biopharma,Large Pharma,,,USD,13.78,100,4,1.8,7.1,93,-51,10,-45,-5,,,,-11,-14,Primary,NYSE,United States
100,3320.HK,China Resources Pharmaceutical Group Limited,,3598,18661,SMID,Biopharma,Specialty & Generic Pharma,,,HKD,4.49,69,5,0.5,9.4,2,-19,16,-17,84,-9,-43,-28,-1,5,Primary,HKEX,Hong Kong
101,DYN,Dyne Therapeutics Inc,,3513,3869,SMID,Biopharma,Biotech,,,USD,18.81,69,,,,28,-17,77,15,-3,-43,,,28,8,Primary,NASDAQ,United States
102,ROVI.MC,"Laboratorios Farmaceuticos Rovi, S.A.",,3493,,SMID,Biopharma,Specialty & Generic Pharma,,,EUR,58.75,,,,,-5,3,6,72,-50,96,56,40,6,2,Primary,BME Madrid,Spain
103,DNLI,Denali Therapeutics Inc,,3487,2889,SMID,Biopharma,Biotech,,,USD,21.82,80,,801.5,,38,-19,-5,-23,-38,-47,381,-16,-1,-16,Primary,NASDAQ,United States
104,RGC,Regencell Bioscience Holdings Ltd,,3414,,SMID,Biopharma,Specialty & Generic Pharma,,,USD,6.89,,,,,-69,16054,-53,-62,-12,,,,155,53,ADR/Cross-listed,NASDAQ,Hong Kong
105,GPCR,Structure Therapeutics Inc,,3259,2039,SMID,Biopharma,Biotech,,,USD,45.7,48,,,,-32,156,-33,,,,,,17,,Primary,NASDAQ,United States
106,NEULANDLAB.NS,Neuland Laboratories Limited,,3247,3119,SMID,Biopharma,Specialty & Generic Pharma,,,INR,23995.0,100,49,48.8,553.5,50,11,160,219,8,41,164,-9,83,70,Primary,NSE,India
107,ZEAL.CO,Zealand Pharma A/S,,3143,1101,SMID,Biopharma,Biotech,,,DKK,298.7,54,41,1.5,3.0,-34,-35,92,85,39,-34,-6,186,4,9,Primary,OMX Copenhagen,Denmark
108,ARQT,Arcutis Biotherapeutics Inc,,3137,2880,SMID,Biopharma,Biotech,,,USD,24.96,79,19,6.2,78.9,-19,108,331,-78,-29,-26,,,38,2,Primary,NASDAQ,United States
109,QURE,Uniqure NV,,3087,,SMID,Biopharma,Biotech,,,USD,44.5,,,,,87,36,161,-70,9,-43,-50,149,73,8,ADR/Cross-listed,NASDAQ,Netherlands
110,PPLPHARMA.NS,Piramal Pharma Limited,,3070,,SMID,Biopharma,Specialty & Generic Pharma,,,INR,219.66,,,,,24,-35,92,24,,,,,28,,Primary,NSE,India
111,CLDX,Celldex Therapeutics Inc,,3048,2403,SMID,Biopharma,Biotech,,,USD,38.81,86,,15211.2,,45,7,-36,-11,15,121,686,-26,11,-6,Primary,NASDAQ,United States
112,BIOA-B.ST,BioArctic AB (publ),,3032,2842,SMID,Biopharma,Biotech,,,SEK,327.6,90,113,27.2,,11,56,-26,-2,128,25,1,18,3,18,Primary,OMX Stockholm,Sweden
113,PHVS,Pharvaris NV,,2979,2157,SMID,Biopharma,Biotech,,,USD,42.43,98,,,,29,45,-32,149,-22,,,,19,13,ADR/Cross-listed,NASDAQ,Switzerland
114,MBX,MBX Biosciences Inc,,2970,2557,SMID,Biopharma,Biotech,,,USD,61.67,85,,,,95,71,,,,,,,,,Primary,NASDAQ,United States
115,IMNM,Immunome Inc,,2953,2524,SMID,Biopharma,Biotech,,,USD,26.0,86,,,,26,102,-1,384,-83,34,,,61,12,Primary,NASDAQ,United States
116,ZLAB,Zai Lab Ltd - ADR,,2949,2582,SMID,Biopharma,Biotech,,,USD,26.27,76,,5.7,,53,-33,-4,-11,-51,-54,225,79,1,-29,ADR/Cross-listed,NASDAQ,China
117,008930.KS,"Hanmi Science Co., Ltd.",,2914,2802,SMID,Biopharma,,,,KRW,57700.0,95,,2.7,49.2,47,23,-24,21,-39,-27,103,-50,19,-5,Primary,KRX,South Korea
118,IRON,Disc Medicine Inc,,2902,2385,SMID,Biopharma,Biotech,,,USD,75.6,76,,,,0,25,10,190,-77,-74,,,15,-13,Primary,NASDAQ,United States
119,4967.T,"Kobayashi Pharmaceutical Co., Ltd.",,2858,2365,SMID,Biopharma,,,,JPY,5913.0,96,25,2.2,18.6,6,-11,-7,-24,1,-28,37,25,-6,-7,Primary,TSE,Japan
120,CLS.JO,Clicks Group Limited,,2824,3062,SMID,Biopharma,,,,ZAc,19490.0,50,12,1.0,8.9,-40,-10,15,21,-14,25,-2,34,-10,-8,Primary,JSE,South Africa
121,NAMS,NewAmsterdam Pharma Company NV,,2773,2402,SMID,Biopharma,Biotech,,,USD,23.72,56,,337.4,,-26,36,130,2,12,,,,35,21,ADR/Cross-listed,NASDAQ,Netherlands
122,ATAI,AtaiBeckley Inc,,2737,2519,SMID,Biopharma,Biotech,,,USD,7.38,99,,563.3,,79,208,-6,-47,-65,,,,68,-16,Primary,NASDAQ,United States
123,NRIX,Nurix Therapeutics Inc,,2672,2327,SMID,Biopharma,Biotech,,,USD,25.75,91,,63.3,,33,1,83,-6,-62,-12,,,43,-5,Primary,NASDAQ,United States
124,BEAM,Beam Therapeutics Inc,,2645,2058,SMID,Biopharma,Biotech,,,USD,25.61,67,,13.2,,6,12,-9,-30,-51,-2,,,8,-24,Primary,NASDAQ,United States
125,ALM.MC,"Almirall, S.A.",,2616,2643,SMID,Biopharma,Specialty & Generic Pharma,,,EUR,10.34,74,19,2.0,10.3,-18,59,0,-5,-19,5,-24,11,4,-5,Primary,BME Madrid,Spain
126,SLS,Sellas Life Sciences Group Inc,,2578,,SMID,Biopharma,Biotech,,,USD,13.86,,,,,263,263,-2,-55,-57,-5,35,-93,109,8,Primary,NASDAQ,United States
127,VRDN,Viridian Therapeutics Inc,,2564,1958,SMID,Biopharma,Biotech,,,USD,22.63,66,,27.5,,-26,62,-12,-25,48,20,128,-84,6,13,Primary,NASDAQ,United States
128,VERA,Vera Therapeutics Inc,,2556,2164,SMID,Biopharma,Biotech,,,USD,35.48,63,,,,-31,20,175,-21,-28,,,,24,6,Primary,NASDAQ,United States
129,4015.SR,Jamjoom Pharmaceuticals Factory Company,,2556,2492,SMID,Biopharma,Specialty & Generic Pharma,,,SAR,137.1,83,18,5.9,17.2,-2,-5,35,,,,,,8,,Primary,Tadawul,Saudi Arabia
130,NKTR,Nektar Therapeutics,,2535,1985,SMID,Biopharma,Biotech,,,USD,74.25,68,,36.4,,81,203,66,-75,-83,-21,-21,-34,104,-20,Primary,NASDAQ,United States
131,MLYS,Mineralys Therapeutics Inc,,2520,1930,SMID,Biopharma,Biotech,,,USD,28.5,60,,,,-22,195,43,,,,,,30,,Primary,NASDAQ,United States
132,SUPN,Supernus Pharmaceuticals Inc,,2512,2198,SMID,Biopharma,Specialty & Generic Pharma,,,USD,43.19,72,10,2.6,19.9,-12,37,25,-19,22,16,6,-29,11,10,Primary,NASDAQ,United States
133,BAVA.CO,Bavarian Nordic A/S,,2461,2146,SMID,Biopharma,Biotech,,,DKK,209.4,86,20,2.2,7.7,13,1,7,-17,-21,44,38,35,13,-9,Primary,OMX Copenhagen,Denmark
134,BHC,Bausch Health Companies Inc,,2459,22376,SMID,Biopharma,Specialty & Generic Pharma,,,USD,6.58,82,2,2.1,5.7,-3,-14,0,28,-77,33,-30,62,-7,-25,ADR/Cross-listed,NYSE,Canada
135,HRMY,Harmony Biosciences Holdings Inc,,2440,1953,SMID,Biopharma,Biotech,,,USD,41.91,96,6,2.0,7.6,12,9,7,-41,29,18,,,5,3,Primary,NASDAQ,United States
136,HCM,HUTCHMED (China) Ltd,,2431,1185,SMID,Biopharma,Specialty & Generic Pharma,,,USD,13.98,76,54,2.2,,6,-7,-20,23,-58,10,28,9,-3,-20,ADR/Cross-listed,NASDAQ,Hong Kong
137,PGEN,Precigen Inc,,2407,2602,SMID,Biopharma,Biotech,,,USD,6.72,87,,30.4,,71,273,-16,-12,-59,-64,86,-16,58,3,Primary,NASDAQ,United States
138,TRVI,Trevi Therapeutics Inc,,2367,2141,SMID,Biopharma,Biotech,,,USD,16.61,82,,,,36,204,207,-31,147,-68,-35,,95,61,Primary,NASDAQ,United States
139,GRANULES.NS,Granules India Limited,,2340,2328,SMID,Biopharma,Specialty & Generic Pharma,,,INR,895.35,98,23,3.9,17.4,42,1,46,28,-5,-4,187,39,40,20,Primary,NSE,India
140,BCRX,BioCryst Pharmaceuticals Inc,,2338,3029,SMID,Biopharma,Specialty & Generic Pharma,,,USD,9.15,82,10,3.2,7.0,29,4,26,-48,-17,86,116,-57,11,-8,Primary,NASDAQ,United States
141,TRLV,Trulieve Cannabis Corp.,,2336,2583,SMID,Biopharma,Specialty & Generic Pharma,,,USD,12.13,91,22,2.3,8.6,38,68,0,-31,-71,-18,167,47,28,-15,Primary,NYSE,United States
142,NUVB,Nuvation Bio Inc,,2317,2146,SMID,Biopharma,Biotech,,,USD,6.6,68,,12.6,,-24,237,76,-21,-77,-27,,,60,-7,Primary,NYSE,United States
143,OCUL,Ocular Therapeutix Inc,,2297,1817,SMID,Biopharma,Biotech,,,USD,10.46,64,,34.9,,-12,42,91,59,-60,-66,424,-1,40,-1,Primary,NASDAQ,United States
144,BHVN,Biohaven Ltd,,2276,2399,SMID,Biopharma,Biotech,,,USD,15.07,81,,,,40,-70,-13,208,,,,,-6,,Primary,NYSE,United States
145,PVLA,"Palvella Therapeutics, Inc.",,2205,2038,SMID,Biopharma,Biotech,,,USD,153.04,95,,,,49,772,-18,-82,-72,51,-31,36,78,-18,Primary,NASDAQ,United States
146,RAPP,Rapport Therapeutics Inc,,2189,,SMID,Biopharma,Biotech,,,USD,45.77,,,,,57,71,,,,,,,,,Primary,NASDAQ,United States
147,MESO,Mesoblast Ltd,,2163,2277,SMID,Biopharma,Biotech,,,USD,16.66,77,37,18.9,,-5,-9,800,-62,-39,-43,15,79,79,6,ADR/Cross-listed,NASDAQ,Australia
148,KOD,Kodiak Sciences Inc,,2158,2145,SMID,Biopharma,Biotech,,,USD,34.33,72,,,,30,181,227,-58,-92,-42,104,913,147,-17,Primary,NASDAQ,United States
149,ADMA,ADMA Biologics Inc,,2126,43902,SMID,Biopharma,Biotech,,,USD,9.49,46,10,85.7,195.8,-47,6,279,16,175,-28,-51,67,35,48,Primary,NASDAQ,United States
150,AVDL,Avadel Pharmaceuticals PLC,,2124,,SMID,Biopharma,Specialty & Generic Pharma,,,USD,21.64,,,,,0,105,,,,,,,,,ADR/Cross-listed,NASDAQ,Ireland
151,AUPH,Aurinia Pharmaceuticals Inc,,2120,1761,SMID,Biopharma,Biotech,,,USD,15.93,83,15,5.7,9.8,1,78,0,108,-81,65,-32,197,19,-2,ADR/Cross-listed,NASDAQ,Canada
152,ZBIO,Zenas Biopharma Inc,,2106,1798,SMID,Biopharma,Biotech,,,USD,32.3,72,,1797.7,,-9,343,,,,,,,,,Primary,NASDAQ,United States
153,URGN,Urogen Pharma Ltd,,2095,2243,SMID,Biopharma,Biotech,,,USD,42.86,84,15,11.9,,92,120,-29,69,-7,-47,-46,-23,35,20,Primary,NASDAQ,United States
154,SRPT,Sarepta Therapeutics Inc,,2080,2651,SMID,Biopharma,Biotech,,,USD,19.69,78,8,1.3,,7,-82,26,-26,44,-47,32,18,-43,-22,Primary,NASDAQ,United States
155,PRGO,Perrigo Company PLC,,2064,,SMID,Biopharma,Specialty & Generic Pharma,,,USD,14.92,,,,,10,-44,-17,-2,-10,-11,-12,36,-23,-16,ADR/Cross-listed,NYSE,Ireland
156,COAG,"Hemab Therapeutics Holdings, Inc. Common Stock",,2057,1618,SMID,Biopharma,Biotech,,,USD,44.03,79,,,,,,,,,,,,,,Primary,NASDAQ,United States
157,KLRA,"Kailera Therapeutics, Inc.",,2043,1198,SMID,Biopharma,Biotech,,,USD,15.76,56,,,,,,,,,,,,,,Primary,NASDAQ,United States
158,ZYME,Zymeworks Inc,,2039,1817,SMID,Biopharma,Biotech,,,USD,28.52,91,24,48.9,,14,80,41,32,-52,-65,4,210,59,-2,Primary,NASDAQ,United States
159,GENB,Generate Biomedicines Inc,,1996,1709,SMID,Biopharma,,,,USD,15.55,69,,64.5,,,,,,,,,,,,Primary,NASDAQ,United States
160,BRVE,"Braveheart Bio, Inc.",,1961,885,SMID,Biopharma,Biotech,,,USD,27.75,87,,,,,,,,,,,,,,Primary,NASDAQ,United States
161,NBTX,Nanobiotix SA - ADR,,1928,1920,SMID,Biopharma,Biotech,,,USD,37.94,66,,58.9,,73,706,-61,98,-55,-51,,,62,23,ADR/Cross-listed,NASDAQ,France
162,AGIO,Agios Pharmaceuticals Inc,,1928,1390,SMID,Biopharma,Biotech,,,USD,32.29,70,,14.1,,22,-17,48,-21,-15,-24,-9,4,6,-7,Primary,NASDAQ,United States
163,GHRS,GH Research PLC,,1906,1575,SMID,Biopharma,Biotech,,,USD,27.77,88,,,,120,81,21,-40,-58,,,,39,5,ADR/Cross-listed,NASDAQ,Ireland
164,RXRX,Recursion Pharmaceuticals Inc,,1905,,SMID,Biopharma,Biotech,,,USD,3.63,,,,,-16,-39,-31,28,-55,,,,-28,-34,Primary,NASDAQ,United States
165,STOK,Stoke Therapeutics Inc,,1899,1633,SMID,Biopharma,Biotech,,,USD,29.43,73,,59.2,,-6,188,110,-43,-62,-61,119,,76,3,Primary,NASDAQ,United States
166,NEU.AX,Neuren Pharmaceuticals Limited,,1892,1668,SMID,Biopharma,Biotech,,,AUD,20.64,87,35,33.2,166.1,9,49,-50,214,111,193,-48,77,21,53,Primary,ASX,Australia
167,VIR,"Vir Biotechnology, Inc.",,1890,1487,SMID,Biopharma,Biotech,,,USD,11.17,94,,4.9,,90,-18,-27,-60,-40,56,113,,-3,-25,Primary,NASDAQ,United States
168,ALVO,Alvotech SA,,1873,3207,SMID,Biopharma,Specialty & Generic Pharma,,,USD,5.25,57,23,6.5,42.4,5,-61,15,15,,,,,-19,,ADR/Cross-listed,NASDAQ,Luxembourg
169,XNCR,Xencor Inc,,1865,1692,SMID,Biopharma,Biotech,,,USD,25.08,82,,16.1,,74,-33,8,-18,-35,-8,27,-5,6,-5,Primary,NASDAQ,United States
170,FAGR.BR,Fagron NV,,1855,2445,SMID,Biopharma,Specialty & Generic Pharma,,,EUR,21.75,86,13,2.0,12.0,4,29,3,27,-9,-21,-1,36,11,6,Primary,Euronext Brussels,Belgium
171,CMPS,COMPASS Pathways plc,,1854,1459,SMID,Biopharma,Biotech,,,USD,13.39,87,,,,93,83,-57,9,-64,-54,,,13,-17,ADR/Cross-listed,NASDAQ,United Kingdom
172,DMRA,"Damora Therapeutics, Inc.",,1850,,SMID,Biopharma,Biotech,,,USD,30.06,,,,,22,395,-74,-37,-62,-76,,,24,-24,Primary,NASDAQ,United States
173,SNDX,Syndax Pharmaceuticals Inc,,1822,,SMID,Biopharma,Biotech,,,USD,20.56,,,,,-2,59,-39,-15,16,-2,153,97,2,3,Primary,NASDAQ,United States
174,DVAX,Dynavax Technologies Corp,,1820,,SMID,Biopharma,Specialty & Generic Pharma,,,USD,15.5,,,,,1,20,-9,31,-24,,,,12,,Primary,NASDAQ,United States
175,LKFT,Lakefront Biotherapeutics NV - ADR,,1819,35177,SMID,Biopharma,Biotech,,,USD,27.78,74,,35.5,61.8,-11,19,-32,-8,-19,-44,-52,125,-9,-14,ADR/Cross-listed,NASDAQ,Belgium
176,IMCR,Immunocore Holdings PLC - ADR,,1814,1415,SMID,Biopharma,Biotech,,,USD,35.23,87,,3.3,1872.2,8,18,-57,20,67,,,,-13,3,ADR/Cross-listed,NASDAQ,United Kingdom
177,PPGN.SW,PolyPeptide Group AG,,1794,,SMID,Biopharma,Specialty & Generic Pharma,,,CHF,44.0,,,,,69,-8,62,-31,-81,,,,24,-20,Primary,SIX,Switzerland
178,TSHA,Taysha Gene Therapies Inc,,1769,1426,SMID,Biopharma,Biotech,,,USD,5.43,74,,260.0,,1,218,-2,-22,-81,-56,,,15,-22,Primary,NASDAQ,United States
179,NTLA,Intellia Therapeutics Inc,,1755,1421,SMID,Biopharma,Biotech,,,USD,12.53,44,,23.9,,41,-23,-62,-13,-70,117,271,7,-30,-41,Primary,NASDAQ,United States
180,INBX,Inhibrx Biosciences Inc,,1722,1832,SMID,Biopharma,Biotech,,,USD,117.0,75,,,,55,413,,,,,,,,,Primary,NASDAQ,United States
181,APLLTD.NS,Alembic Pharmaceuticals Limited,,1676,1787,SMID,Biopharma,Specialty & Generic Pharma,,,INR,808.5,81,17,2.2,14.9,-3,-20,42,34,-27,-21,84,-4,3,2,Primary,NSE,India
182,TYRA,Tyra Biosciences Inc,,1676,1361,SMID,Biopharma,Biotech,,,USD,28.08,69,,,,-5,89,0,82,-46,,,,18,,Primary,NASDAQ,United States
183,6472.TW,"Bora Pharmaceuticals Co., Ltd.",,1671,2182,SMID,Biopharma,Specialty & Generic Pharma,,,TWD,412.5,54,12,3.5,17.3,-12,-21,20,102,151,18,83,69,-9,27,Primary,TWSE,Taiwan
184,JUBLPHARMA.NS,Jubilant Pharmova Limited,,1667,1835,SMID,Biopharma,Specialty & Generic Pharma,,,INR,997.75,84,20,2.0,16.3,-13,-2,104,47,-35,-7,60,-24,26,8,Primary,NSE,India
185,SEPN,Septerna Inc,,1657,,SMID,Biopharma,Biotech,,,USD,36.75,,,,,32,22,,,,,,,,,Primary,NASDAQ,United States
186,AVLN,Avalyn Pharma Inc. Common Stock,,1656,1322,SMID,Biopharma,Biotech,,,USD,37.35,93,,,,,,,,,,,,,,Primary,NASDAQ,United States
187,FAE.MC,"Faes Farma, S.A.",,1640,1990,SMID,Biopharma,Specialty & Generic Pharma,,,EUR,4.53,83,13,2.4,13.6,-10,55,15,-6,2,6,-27,74,17,11,Primary,BME Madrid,Spain
188,PHM.MC,"Pharma Mar, S.A.",,1639,1514,SMID,Biopharma,Biotech,,,EUR,81.55,78,13,6.0,29.0,13,-5,98,-35,14,-19,67,228,35,2,Primary,BME Madrid,Spain
189,IDIA.SW,Idorsia Ltd,,1634,3171,SMID,Biopharma,Biotech,,,CHF,4.99,66,90,12.9,,20,418,-61,-84,-28,-27,-14,85,0,-26,Primary,SIX,Switzerland
190,AAPG,Ascentage Pharma Group International,,1632,1852,SMID,Biopharma,Biotech,,,USD,17.48,43,,2.9,,-34,,,,,,,,,,ADR/Cross-listed,NASDAQ,China
191,ANIP,ANI Pharmaceuticals Inc Common Stock,,1630,1775,SMID,Biopharma,Specialty & Generic Pharma,,,USD,70.97,71,7,1.8,8.5,-9,43,0,37,-13,59,-53,37,4,20,Primary,NASDAQ,United States
192,NVAX,Novavax Inc,,1629,1264,SMID,Biopharma,Biotech,,,USD,9.87,82,,3.1,,54,-16,67,-53,-93,28,2702,-89,8,-47,Primary,NASDAQ,United States
193,ANAB,AnaptysBio Inc,,1626,1644,SMID,Biopharma,Biotech,,,USD,54.93,76,10,7.1,39.8,78,266,-38,-31,-11,62,32,-75,64,26,Primary,NASDAQ,United States
194,MARKSANS.NS,Marksans Pharma Limited,,1606,1536,SMID,Biopharma,Specialty & Generic Pharma,,,INR,335.9,96,24,4.6,21.5,82,-39,85,178,-3,0,264,-40,45,36,Primary,NSE,India
195,ETON,"Eton Pharmaceuticals, Inc.",,1601,,SMID,Biopharma,Specialty & Generic Pharma,,,USD,58.45,,,,,254,27,204,55,-34,-47,13,18,136,63,Primary,NASDAQ,United States
196,NATCOPHARM.NS,NATCO Pharma Limited,,1588,1434,SMID,Biopharma,Specialty & Generic Pharma,,,INR,825.75,67,17,3.9,12.7,-8,-35,72,46,-37,-6,64,-12,-2,-3,Primary,NSE,India
197,FBRX,"Forte Biosciences, Inc.",,1578,,SMID,Biopharma,Biotech,,,USD,76.99,,,,,182,20,11,-18,-53,-94,,,54,-36,Primary,NASDAQ,United States
198,MNMD,Mind Medicine (MindMed) Inc.,,1563,,SMID,Biopharma,Biotech,,,USD,20.69,,,,,220,92,90,66,-89,,,,116,,Primary,NASDAQ,United States
199,INVA,Innoviva Inc,,1531,1293,SMID,Biopharma,Biotech,,,USD,21.19,84,10,2.9,6.6,7,15,8,21,-23,39,-12,-19,19,7,Primary,NASDAQ,United States
200,BCAX,Bicara Therapeutics Inc,,1513,1037,SMID,Biopharma,Biotech,,,USD,22.87,74,,,,39,-3,,,,,,,,,Primary,NASDAQ,United States
201,XERS,Xeris Biopharma Holdings Inc,,1508,1723,SMID,Biopharma,Biotech,,,USD,8.27,82,21,5.1,35.3,9,132,44,77,-55,-40,-30,-59,54,26,Primary,NASDAQ,United States
202,RARE,Ultragenyx Pharmaceutical Inc,,1507,,SMID,Biopharma,Biotech,,,USD,15.3,,,,,-35,-45,-12,3,-45,-39,224,-2,-27,-32,Primary,NASDAQ,United States
203,AVBP,Arrivent Biopharma Inc,,1504,1153,SMID,Biopharma,Biotech,,,USD,30.5,85,,,,54,-24,,,,,,,,,Primary,NASDAQ,United States
204,SLBT,SL Science Holding Ltd,,1503,9,SMID,Biopharma,Biotech,,,USD,2.68,18,,2.6,,-70,,,,,,,,,,ADR/Cross-listed,NASDAQ,Taiwan
205,LTGO,Latigo Biotherapeutics Inc.,,1500,384,SMID,Biopharma,Biotech (Pain),,,USD,22.63,87,,,,,,,,,,,,,,Primary,NASDAQ,United States
206,4516.T,"Nippon Shinyaku Co., Ltd.",,1484,1047,SMID,Biopharma,Specialty & Generic Pharma,,,JPY,3387.0,52,8,0.9,3.8,-38,47,-18,-32,-5,20,-28,37,-16,-16,Primary,TSE,Japan
207,ABSI,Absci Corp,,1472,1316,SMID,Biopharma,Biotech,,,USD,8.58,71,,843.3,,152,33,-38,100,-74,,,,68,-15,Primary,NASDAQ,United States
208,VOR,Vor Biopharma Inc,,1463,1019,SMID,Biopharma,Biotech,,,USD,24.73,49,,,,85,-41,-51,-66,-43,,,,-23,-40,Primary,NASDAQ,United States
209,AKTS,Aktis Oncology Inc,,1446,998,SMID,Biopharma,Biotech,,,USD,26.0,76,,99.2,,,,,,,,,,,,Primary,NASDAQ,United States
210,IMTX,Immatics NV,,1436,928,SMID,Biopharma,Biotech,,,USD,9.44,76,,22.3,,-10,48,-32,21,-35,25,4,6,-8,-7,ADR/Cross-listed,NASDAQ,Germany
211,ALMS,Alumis Inc,,1436,971,SMID,Biopharma,Biotech,,,USD,11.1,35,,131.2,,16,24,,,,,,,,,Primary,NASDAQ,United States
212,MAZE,Maze Therapeutics Inc,,1425,1105,SMID,Biopharma,Biotech,,,USD,25.64,48,,55.3,,-38,,,,,,,,,,Primary,NASDAQ,United States
213,TRAX,First Tracks Biotherapeutics Inc,,1419,1282,SMID,Biopharma,Biotech,,,USD,39.72,80,,,,,,,,,,,,,,Primary,NASDAQ,United States
214,HROW,Harrow Inc,,1415,1660,SMID,Biopharma,Specialty & Generic Pharma,,,USD,37.74,69,14,6.0,93.7,-22,46,200,-24,71,26,-12,37,35,30,Primary,NASDAQ,United States
215,LBRX,LB Pharmaceuticals Inc Common Stock,,1415,,SMID,Biopharma,Biotech,,,USD,49.34,,,,,113,,,,,,,,,,Primary,NASDAQ,United States
216,OMER,Omeros Corp,,1357,1537,SMID,Biopharma,Biotech,,,USD,18.74,95,16,40.0,,11,74,202,45,-65,-55,1,26,75,4,Primary,NASDAQ,United States
217,ANRO,Alto Neuroscience Inc,,1356,1175,SMID,Biopharma,Biotech,,,USD,34.55,92,,,,104,321,,,,,,,,,Primary,NYSE,United States
218,ODTX,"Odyssey Therapeutics, Inc.",,1347,1092,SMID,Biopharma,Biotech,,,USD,28.03,96,,11034.2,,,,,,,,,,,,Primary,NASDAQ,United States
219,CGEM,Cullinan Therapeutics Inc,,1317,1089,SMID,Biopharma,Biotech,,,USD,21.43,92,,,,114,-15,20,-3,-32,,,,27,-5,Primary,NASDAQ,United States
220,SPTX,"Seaport Therapeutics, Inc. Common Stock",,1308,1062,SMID,Biopharma,Biotech,,,USD,24.43,86,,,,,,,,,,,,,,Primary,NASDAQ,United States
221,MNKD,MannKind Corp,,1305,1628,SMID,Biopharma,Biotech,,,USD,4.06,62,32,4.1,83.3,-30,-12,77,-31,21,40,143,22,-5,-3,Primary,NASDAQ,United States
222,ORIC,ORIC Pharmaceuticals Inc,,1302,1074,SMID,Biopharma,Biotech,,,USD,12.56,84,,,,56,1,-12,56,-60,-57,,,11,-11,Primary,NASDAQ,United States
223,MGTX,MeiraGTx Holdings PLC,,1274,1303,SMID,Biopharma,Biotech,,,USD,13.27,86,,3.3,6.6,76,31,-13,8,-73,57,-24,108,30,2,Primary,NASDAQ,United States
224,REPL,Replimune Group Inc,,1264,,SMID,Biopharma,Biotech,,,USD,15.04,,,,,57,-20,44,-69,0,-29,166,44,-8,-14,Primary,NASDAQ,United States
225,MLTX,MoonLake Immunotherapeutics,,1255,842,SMID,Biopharma,Biotech,,,USD,14.75,24,,,,15,-76,-10,475,6,-13,,,-34,9,ADR/Cross-listed,NASDAQ,Switzerland
226,CRON,Cronos Group Inc.,,1218,,SMID,Biopharma,Specialty & Generic Pharma,,,USD,3.26,,,,,24,30,-3,-18,-35,-44,-10,-26,18,-13,ADR/Cross-listed,NASDAQ,Canada
227,JBIO,"Jade Biosciences, Inc.",,1211,,SMID,Biopharma,Biotech,,,USD,19.9,,,,,29,-83,-88,-23,149,,,,-67,-51,Primary,NASDAQ,United States
228,JANX,Janux Therapeutics Inc,,1206,287,SMID,Biopharma,Biotech,,,USD,19.72,56,,12.0,,43,-74,399,-19,-33,,,,22,-9,Primary,NASDAQ,United States
229,APMD,"Apnimed, Inc.",,1182,393,SMID,Biopharma,Sleep,,,USD,28.4,80,,3.3,9.5,,,,,,,,,,,Primary,NASDAQ,United States
230,OPK,"OPKO Health, Inc.",,1181,1321,SMID,Biopharma,Biotech,,,USD,1.58,91,,2.2,,28,-14,-3,21,-74,22,169,-51,-4,-15,Primary,NASDAQ,United States
231,ATTO,"Attovia Therapeutics, Inc.",,1179,1314,SMID,Biopharma,Biotech,,,USD,25.82,92,,729.9,,,,,,,,,,,,Primary,NASDAQ,United States
232,CRVS,Corvus Pharmaceuticals Inc,,1168,996,SMID,Biopharma,Biotech,,,USD,13.88,52,,,,90,44,204,107,-65,-32,-35,48,90,39,Primary,NASDAQ,United States
233,GLUE,Monte Rosa Therapeutics Inc,,1157,598,SMID,Biopharma,Biotech,,,USD,13.56,53,,20.8,,-8,126,23,-26,-63,,,,32,-19,Primary,NASDAQ,United States
234,C43.F,Cosmo Pharmaceuticals N.V.,,1155,954,SMID,Biopharma,Specialty & Generic Pharma,,,EUR,57.8,41,,8.0,681.3,-47,73,27,-10,2,-19,11,-11,12,-3,ADR/Cross-listed,Frankfurt,Ireland
235,STAR.NS,Strides Pharma Science Limited,,1154,1314,SMID,Biopharma,Specialty & Generic Pharma,,,INR,1187.4,96,12,2.5,15.2,18,37,2,86,-22,-49,144,-18,33,12,Primary,NSE,India
236,KURA,Kura Oncology Inc,,1120,684,SMID,Biopharma,Biotech,,,USD,12.59,91,,8.9,,27,19,-39,16,-11,-57,138,-2,9,-7,Primary,NASDAQ,United States
237,4553.T,"Towa Pharmaceutical Co., Ltd.",,1109,2366,SMID,Biopharma,Specialty & Generic Pharma,,,JPY,3465.0,77,12,1.3,7.7,-1,12,45,13,-24,52,-31,15,12,5,Primary,TSE,Japan
238,SVRA,Savara Inc,,1105,1220,SMID,Biopharma,Biotech,,,USD,5.38,77,,,,-11,96,-35,203,25,8,-74,-41,12,28,Primary,NASDAQ,United States
239,4547.T,"Kissei Pharmaceutical Co., Ltd.",,1087,752,SMID,Biopharma,Specialty & Generic Pharma,,,JPY,4030.0,80,18,1.2,162.5,-11,15,38,23,18,3,-27,13,9,13,Primary,TSE,Japan
240,IVA,Inventiva ADR Representing Ord Shs,,1081,1124,SMID,Biopharma,Biotech,,,USD,4.58,57,,166.2,,4,117,-53,1,-67,-6,,,10,-19,ADR/Cross-listed,NASDAQ,France
241,SANA,Sana Biotechnology Inc,,1071,,SMID,Biopharma,Biotech,,,USD,3.85,,,,,-4,150,-60,3,-74,,,,-10,-31,Primary,NASDAQ,United States
242,OBX,Obsidian Therapeutics Inc.,,1069,1338,SMID,Biopharma,Biotech,,,USD,17.3,35,,,,,,,,,,,,,,Primary,NASDAQ,United States
243,CVAC,CureVac N.V.,,1049,,SMID,Biopharma,,,,USD,4.66,,,,,3,33,-19,-30,-82,,,,-17,,,NASDAQ,Germany
244,FTH,"Faeth Therapeutics, Inc.",,1032,,SMID,Biopharma,Biotech,,,USD,40.05,,,,,266,9,-29,-54,-74,,,,24,-30,Primary,NASDAQ,United States
245,PCRX,"Pacira BioSciences, Inc.",,1025,1211,SMID,Biopharma,Specialty & Generic Pharma,,,USD,25.71,93,7,1.6,9.8,3,37,-44,-13,-36,1,32,5,-9,-14,Primary,NASDAQ,United States
246,2070.SR,Saudi Pharmaceutical Industries and Medical Appliances Corporation,,1020,1331,SMID,Biopharma,Specialty & Generic Pharma,,,SAR,32.1,97,25,2.9,14.2,19,-18,-15,74,-44,3,47,-4,-6,-10,Primary,Tadawul,Saudi Arabia
247,AVTX,"Avalo Therapeutics, Inc.",,1020,631,SMID,Biopharma,Biotech,,,USD,19.01,78,,10699.5,,5,144,-18,-99,-75,-36,-51,67,-5,-71,Primary,NASDAQ,United States
248,SLDB,Solid Biosciences Inc,,1009,,SMID,Biopharma,Biotech,,,USD,10.25,,,,,85,41,-35,14,-80,-77,70,-83,42,-24,Primary,NASDAQ,United States
249,ABUS,Arbutus Biopharma Corp,,1008,930,SMID,Biopharma,Biotech,,,USD,5.09,93,,5.1,6.3,6,47,31,7,-40,10,28,-27,36,8,Primary,NASDAQ,United States
250,SGP,"SpyGlass Pharma, Inc. Common Stock",,984,735,SMID,Biopharma,Biotech,,,USD,29.41,91,,,,,,,,,,,,,,Primary,NASDAQ,United States
251,LXRX,Lexicon Pharmaceuticals Inc,,979,865,SMID,Biopharma,Biotech,,,USD,2.2,82,,20.9,,97,55,-52,-20,-52,15,-18,-37,10,-15,Primary,NASDAQ,United States
252,GERN,Geron Corp,,977,830,SMID,Biopharma,Biotech,,,USD,1.52,76,38,4.1,,14,-63,68,-13,98,-23,17,36,-15,1,Primary,NASDAQ,United States
253,ANL,Adlai Nortye Ltd,,974,760,SMID,Biopharma,Biotech,,,USD,15.13,88,,42.1,,939,-47,-70,,,,,,,,ADR/Cross-listed,NASDAQ,Cayman Islands
254,AMPH,Amphastar Pharmaceuticals Inc,,974,1384,SMID,Biopharma,Specialty & Generic Pharma,,,USD,22.89,78,7,1.9,7.1,-11,-28,-40,121,20,16,4,-3,-24,4,Primary,NASDAQ,United States
255,ARDX,Ardelyx Inc,,965,943,SMID,Biopharma,Biotech,,,USD,3.74,44,15,2.1,,-36,15,-18,118,159,-83,-14,319,-8,21,Primary,NASDAQ,United States
256,BSLN.SW,Basilea Pharmaceutica AG,,965,849,SMID,Biopharma,Biotech,,,CHF,63.1,94,15,2.8,11.3,18,32,17,-23,12,-23,13,17,11,6,Primary,SIX,Switzerland
257,WVE,Wave Life Sciences Ltd,,940,511,SMID,Biopharma,Biotech,,,USD,4.77,22,,7.8,,-72,37,145,-28,123,-60,-2,-81,1,-5,ADR/Cross-listed,NASDAQ,Singapore
258,CADL,"Candel Therapeutics, Inc.",,937,826,SMID,Biopharma,Biotech,,,USD,12.25,88,,,,130,-35,490,-18,-77,,,,120,10,Primary,NASDAQ,United States
259,DSGN,Design Therapeutics Inc,,934,743,SMID,Biopharma,Biotech,,,USD,14.93,87,,,,60,52,133,-74,-52,,,,82,-3,Primary,NASDAQ,United States
260,IMMX,Immix Biopharma Inc,,926,764,SMID,Biopharma,Biotech,,,USD,13.01,86,,,,164,138,-68,202,-36,,,,82,,Primary,NASDAQ,United States
261,OLMA,Olema Pharmaceuticals Inc,,920,483,SMID,Biopharma,Biotech,,,USD,10.51,29,,,,-57,329,-58,473,-74,-81,,,0,-18,Primary,NASDAQ,United States
262,4587.T,PeptiDream Inc.,,916,837,SMID,Biopharma,Biotech,,,JPY,1096.0,60,10,22.5,62.6,-35,-37,78,-28,-18,-51,-6,29,-16,-23,Primary,TSE,Japan
263,RIGL,Rigel Pharmaceuticals Inc,,900,,SMID,Biopharma,Biotech,,,USD,48.67,,,,,13,155,16,-3,-43,-24,64,-7,60,4,Primary,NASDAQ,United States
264,PHN.MI,Pharmanutra S.p.A.,,898,916,SMID,Biopharma,Specialty & Generic Pharma,,,EUR,80.7,84,26,5.7,23.7,55,2,-2,-8,-16,104,64,60,17,5,Primary,Borsa Italiana,Italy
265,ACRS,Aclaris Therapeutics Inc,,891,819,SMID,Biopharma,Biotech,,,USD,6.05,92,,99.6,,98,21,136,-93,8,125,242,-74,-9,-19,Primary,NASDAQ,United States
266,ANNX,Annexon Inc,,890,739,SMID,Biopharma,Biotech,,,USD,4.7,65,,,,-4,-2,13,-12,-55,-54,,,18,-22,Primary,NASDAQ,United States
267,TBPH,Theravance Biopharma Inc,,887,538,SMID,Biopharma,Biotech,,,USD,17.09,81,13,5.2,48.4,-9,99,-16,0,2,-38,-31,1,20,15,Primary,NASDAQ,United States
268,CLYM,"Climb Bio, Inc.",,883,710,SMID,Biopharma,Biotech,,,USD,15.37,84,,,,265,122,-33,-26,-65,,,,77,-12,Primary,NASDAQ,United States
269,HELP,Cybin Inc,,872,1606,SMID,Biopharma,,,,USD,11.93,83,,,,44,-7,-43,38,-75,-19,13,,0,-35,ADR/Cross-listed,NYSE,Canada
270,ACHV,Achieve Life Sciences Inc,,832,701,SMID,Biopharma,Biotech,,,USD,8.09,94,,,,67,41,-15,68,-69,-4,-24,-56,17,0,Primary,NASDAQ,United States
271,DBVT,DBV Technologies SA - ADR,,830,630,SMID,Biopharma,Biotech,,,USD,13.2,50,,125.1,,-29,520,62,-38,-4,-39,-76,67,63,4,ADR/Cross-listed,NASDAQ,France
272,BLISSGVS.NS,Bliss GVS Pharma Limited,,810,758,SMID,Biopharma,Specialty & Generic Pharma,,,INR,722.3,100,,7.1,37.4,312,0,33,73,-30,-48,35,-8,92,44,Primary,NSE,India
273,PHAR,Pharming Group N V ADS each representing 10 Ord Shs,,805,750,SMID,Biopharma,Biotech,,,USD,11.37,53,37,2.0,22.8,-35,76,-12,4,23,-41,,,-1,1,ADR/Cross-listed,NASDAQ,Netherlands
274,FDMT,4D Molecular Therapeutics Inc,,782,505,SMID,Biopharma,Biotech,,,USD,14.15,84,,5.5,,96,35,-73,-9,1,-47,,,-4,-15,Primary,NASDAQ,United States
275,AGMB,AgomAb Therapeutics N.V. American Depositary Shares,,781,565,SMID,Biopharma,Biotech,,,USD,15.86,89,,,,,,,,,,,,,,ADR/Cross-listed,NASDAQ,Belgium
276,CTMX,CytomX Therapeutics Inc,,780,484,SMID,Biopharma,Biotech,,,USD,3.58,44,,26.4,,-14,314,-34,-3,-63,-34,-21,-45,35,-6,Primary,NASDAQ,United States
277,MNPR,Monopar Therapeutics Inc,,776,655,SMID,Biopharma,Biotech,,,USD,115.61,93,,,,82,197,1194,-86,-26,-48,-63,,234,37,Primary,NASDAQ,United States
278,NGNE,Neurogene Inc,,770,555,SMID,Biopharma,Biotech,,,USD,38.5,88,,,,83,-10,18,90,-89,-66,14,470,36,-25,Primary,NASDAQ,United States
279,PHAT,Phathom Pharmaceuticals Inc,,769,1138,SMID,Biopharma,Biotech,,,USD,9.51,52,9,4.7,,-45,104,-11,-19,-43,-41,7,,-15,-24,Primary,NASDAQ,United States
280,OXB.L,Oxford Biomedica plc,,766,822,SMID,Biopharma,Biotech,,,GBp,466.85,49,,3.6,,-31,47,91,-50,-64,19,60,-9,11,-22,Primary,LSE,United Kingdom
281,CBIO,Crescent Biopharma Inc,,766,728,SMID,Biopharma,Biotech,,,USD,20.62,75,,61.2,,72,-53,-89,-15,-275,-62,-29,-44,-49,,Primary,NASDAQ,United States
282,LABB.MX,"Genomma Lab Internacional, S.A.B. de C.V.",,763,1082,SMID,Biopharma,Specialty & Generic Pharma,,,MXN,13.22,58,6,1.1,4.7,-26,-26,87,-13,-18,21,1,59,1,-3,Primary,BMV,Mexico
283,GYRE,Gyre Therapeutics Inc,,761,713,SMID,Biopharma,Biotech,,,USD,7.17,76,120,6.5,,-9,-42,-53,422,122,-86,-7,-14,-2,-10,Primary,NASDAQ,United States
284,AURA,Aura Biosciences Inc,,760,477,SMID,Biopharma,Biotech,,,USD,7.33,77,,,,35,-34,-7,-16,-38,,,,-11,,Primary,NASDAQ,United States
285,SANOFI.NS,Sanofi India Limited,,758,,SMID,Biopharma,Specialty & Generic Pharma,,,INR,3122.0,,,,,-22,-31,-23,47,-18,-1,24,11,-22,-14,Primary,NSE,India
286,NVCT,Nuvectis Pharma Inc,,758,776,SMID,Biopharma,Biotech,,,USD,23.23,79,,,,223,40,-35,11,,,,,18,,Primary,NASDAQ,United States
287,GNFT,Genfit SA,,743,847,SMID,Biopharma,,,,EUR,12.76,82,15,10.3,,165,49,0,-11,-8,8,-77,2,63,31,Primary,Euronext Paris,France
288,4565.T,"Nxera Pharma Co., Ltd.",,736,932,SMID,Biopharma,Biotech,,,JPY,1234.0,98,28,4.3,190.2,38,-21,-26,-34,12,6,-17,172,-12,-9,Primary,TSE,Japan
289,ZVRA,Zevra Therapeutics Inc,,733,516,SMID,Biopharma,Biotech,,,USD,12.34,82,11,3.8,12.7,40,7,27,43,-47,-22,85,-79,33,6,Primary,NASDAQ,United States
290,4534.T,"Mochida Pharmaceutical Co., Ltd.",,730,617,SMID,Biopharma,Specialty & Generic Pharma,,,JPY,3185.0,80,17,0.8,6.7,-7,3,10,-4,3,-10,-9,0,1,0,Primary,TSE,Japan
291,ASMB,"Assembly Biosciences, Inc.",,729,427,SMID,Biopharma,Biotech,,,USD,35.8,90,,5.7,,6,116,60,-37,-44,-61,-70,-10,45,-2,Primary,NASDAQ,United States
292,COLL,Collegium Pharmaceutical Inc,,728,1854,SMID,Biopharma,Specialty & Generic Pharma,,,USD,23.5,46,3,2.3,4.6,-49,62,-7,33,24,-7,-3,20,0,3,Primary,NASDAQ,United States
293,DHT-UN.TO,DRI Healthcare Trust,,722,976,SMID,Biopharma,Specialty & Generic Pharma,,,CAD,17.69,90,6,6.7,7.8,11,41,-2,81,23,,,,18,24,Primary,TSX,Canada
294,VSTM,Verastem Inc,,715,691,SMID,Biopharma,Biotech,,,USD,7.9,73,,7.9,,3,49,-36,70,-80,-4,59,-60,-7,-25,Primary,NASDAQ,United States
295,BBOT,BridgeBio Oncology Therapeutics Inc.,,706,497,SMID,Biopharma,Biotech,,,USD,8.8,59,,,,-29,19,,,,,,,,,Primary,NASDAQ,United States
296,SPARC.NS,Sun Pharma Advanced Research Company Limited,,696,764,SMID,Biopharma,Specialty & Generic Pharma,,,INR,203.27,70,4,3.8,4.5,48,-33,-30,37,-27,48,24,-17,-9,-8,Primary,NSE,India
297,IRWD,"Ironwood Pharmaceuticals, Inc.",,692,1022,SMID,Biopharma,Specialty & Generic Pharma,,,USD,4.18,72,3,2.6,4.3,27,-24,-61,-8,6,2,-14,53,-23,-20,Primary,NASDAQ,United States
298,SLN,Silence Therapeutics PLC - ADR,,689,,SMID,Biopharma,Biotech,,,USD,14.59,,,,,143,-12,-60,14,-36,9,,,20,-8,ADR/Cross-listed,NASDAQ,United Kingdom
299,PROK,ProKidney Corp,,676,,SMID,Biopharma,Biotech,,,USD,2.01,,,,,-14,33,-5,-74,-31,,,,-39,-28,Primary,NASDAQ,United States
300,PRME,Prime Medicine Inc,,668,,SMID,Biopharma,Biotech,,,USD,3.7,,,,,7,19,-67,-52,,,,,-34,,Primary,NASDAQ,United States
301,MDXG,"MiMedx Group, Inc.",,666,,SMID,Biopharma,Biotech,,,USD,4.57,,,,,-35,-30,10,215,-54,-33,20,323,-17,-22,Primary,NASDAQ,United States
302,OCS,Oculis Holding AG,,666,525,SMID,Biopharma,Biotech,,,USD,11.99,35,,448.0,,-39,17,51,11,4,,,,-2,5,ADR/Cross-listed,NASDAQ,Switzerland
303,BLSM,"BlossomHill Therapeutics, Inc.",,658,222,SMID,Biopharma,Biotech (Oncology),,,USD,22.61,100,,,,,,,,,,,,,,Primary,NASDAQ,United States
304,ALT,Altimmune Inc,,657,375,SMID,Biopharma,Biotech,,,USD,3.38,52,,12096.4,,-11,-50,-36,-32,80,-19,497,-8,7,-28,Primary,NASDAQ,United States
305,AQST,Aquestive Therapeutics Inc,,655,631,SMID,Biopharma,Specialty & Generic Pharma,,,USD,5.22,69,,11.7,,-17,81,76,124,-77,-27,-8,-8,47,3,Primary,NASDAQ,United States
306,STTK,Shattuck Labs Inc,,654,476,SMID,Biopharma,Biotech,,,USD,6.52,78,,475.8,,91,202,-83,210,-73,-84,,,46,-20,Primary,NASDAQ,United States
307,ALLO,Allogene Therapeutics Inc,,650,427,SMID,Biopharma,Biotech,,,USD,1.88,42,,92.0,,45,-36,-34,-49,-58,-41,-3,-4,-21,-40,Primary,NASDAQ,United States
308,EVO,Evotec SE,,643,671,SMID,Biopharma,Specialty & Generic Pharma,,,USD,1.81,42,,0.9,,-38,-26,-65,45,-66,29,43,29,-46,-40,ADR/Cross-listed,NASDAQ,Germany
309,CRMD,CorMedix Inc,,641,548,SMID,Biopharma,Biotech,,,USD,8.23,60,24,1.2,2.1,-27,44,115,-11,-7,-39,2,13,27,6,Primary,NASDAQ,United States
310,VALN,Valneva SE,,640,742,SMID,Biopharma,Biotech,,,USD,6.75,55,6,5.2,,-20,102,-58,-18,-77,,,,-20,-32,ADR/Cross-listed,NASDAQ,France
311,DOCM.SW,DocMorris AG,,640,847,SMID,Biopharma,,,,CHF,10.16,90,,0.6,,78,-70,-73,189,-89,-17,164,19,-44,-51,Primary,SIX,Switzerland
312,DRUG,Bright Minds Biosciences Inc,,632,335,SMID,Biopharma,Biotech,,,USD,64.4,52,,,,-13,117,2419,-61,-77,,,,215,20,Primary,NASDAQ,United States
313,CTNM,Contineum Therapeutics Inc,,627,398,SMID,Biopharma,Biotech,,,USD,16.66,94,,,,54,-22,,,,,,,,,Primary,NASDAQ,United States
314,MPLT,MapLight Therapeutics Inc,,626,336,SMID,Biopharma,Biotech,,,USD,13.49,33,,,,-25,,,,,,,,,,Primary,NASDAQ,United States
315,4016.SR,Middle East Pharmaceutical Industries Company,,625,648,SMID,Biopharma,Specialty & Generic Pharma,,,SAR,67.1,85,13,4.7,18.7,8,-7,,,,,,,,,Primary,Tadawul,Saudi Arabia
316,OABI,OmniAb Inc,,616,596,SMID,Biopharma,Biotech,,,USD,4.24,78,,15.5,,157,-48,-43,71,-64,,,,-7,,Primary,NASDAQ,United States
317,TLRY,Tilray Brands Inc,,615,1931,SMID,Biopharma,Specialty & Generic Pharma,,,USD,4.47,19,10,2.1,128.8,-50,-32,-42,-14,-62,-15,-52,-76,-47,-49,ADR/Cross-listed,NASDAQ,Canada
318,TECX,Tectonic Therapeutic Inc,,602,378,SMID,Biopharma,Biotech,,,USD,30.8,78,,,,43,-55,183,92,-82,-72,-31,21,17,-17,Primary,NASDAQ,United States
319,FDC.NS,FDC Limited,,594,534,SMID,Biopharma,Specialty & Generic Pharma,,,INR,345.95,66,15,2.3,14.4,-18,-15,27,46,-11,-8,57,23,-3,1,Primary,NSE,India
320,ARVN,Arvinas Inc,,586,54,SMID,Biopharma,Biotech,,,USD,9.08,63,,0.2,,-22,-38,-53,20,-58,-3,107,220,-31,-36,Primary,NASDAQ,United States
321,EOLS,Evolus Inc,,584,734,SMID,Biopharma,Specialty & Generic Pharma,,,USD,8.84,95,32,2.3,,36,-40,5,40,15,94,-72,2,-3,-1,Primary,NASDAQ,United States
322,EIKN,Eikon Therapeutics Inc,,583,309,SMID,Biopharma,Biotech,,,USD,10.77,62,,,,,,,,,,,,,,Primary,NASDAQ,United States
323,AUTL,Autolus Therapeutics PLC,,583,-129,SMID,Biopharma,Biotech,,,USD,2.19,85,,,1.9,15,-15,-64,239,-63,-42,-32,-60,-12,-21,ADR/Cross-listed,NASDAQ,United Kingdom
324,ZURA,Zura Bio Ltd,,575,392,SMID,Biopharma,Biotech,,,USD,6.0,81,,,,12,110,-46,,,,,,-6,,Primary,NASDAQ,United States
325,CABA,Cabaletta Bio Inc,,571,389,SMID,Biopharma,Biotech,,,USD,3.37,80,,,,59,-4,-90,145,144,-70,-11,,-36,-21,Primary,NASDAQ,United States
326,4559.T,"Zeria Pharmaceutical Co., Ltd.",,568,628,SMID,Biopharma,Specialty & Generic Pharma,,,JPY,1980.0,81,9,1.1,4.8,-4,-12,24,-9,17,5,-8,9,-5,0,Primary,TSE,Japan
327,SPRY,ARS Pharmaceuticals Inc,,540,587,SMID,Biopharma,Biotech,,,USD,5.43,41,,5.0,,-51,10,93,-36,28,-86,,,-7,-23,Primary,NASDAQ,United States
328,OVID,Ovid Therapeutics Inc,,534,442,SMID,Biopharma,Biotech,,,USD,2.73,88,,279.4,,71,75,-71,73,-42,39,-44,71,-8,-5,Primary,NASDAQ,United States
329,SEQUENT.NS,Viyash Scientific Limited,,533,,SMID,Biopharma,Specialty & Generic Pharma,,,INR,202.4,,,,,,,,,,,,,,,Primary,NSE,India
330,BOI.PA,Boiron SA,,531,475,SMID,Biopharma,Specialty & Generic Pharma,,,EUR,26.3,82,12,0.8,5.9,-11,19,-31,2,45,-11,17,-23,-11,-2,Primary,Euronext Paris,France
331,CAPR,Capricor Therapeutics Inc,,528,400,SMID,Biopharma,Biotech,,,USD,9.09,23,,,,-68,109,182,27,32,-15,168,-69,12,13,Primary,NASDAQ,United States
332,SCTX,Scribe Therapeutics Inc.,,525,663,SMID,Biopharma,Biotech,,,USD,27.74,70,,19.9,,,,,,,,,,,,Primary,NASDAQ,United States
333,ARTV,Artiva Biotherapeutics Inc,,524,208,SMID,Biopharma,Biotech,,,USD,10.72,74,,,,159,-57,,,,,,,,,Primary,NASDAQ,United States
334,PRTA,Prothena Corporation PLC,,514,,SMID,Biopharma,Biotech,,,USD,9.82,,,,,1,-31,-62,-40,22,311,-24,54,-44,-33,ADR/Cross-listed,NASDAQ,Ireland
335,ENTX,Entera Bio Ltd,,508,509,SMID,Biopharma,Biotech,,,USD,2.94,70,,,,52,-8,253,-18,-74,161,-50,-30,64,-10,ADR/Cross-listed,NASDAQ,Israel
336,KYTX,Kyverna Therapeutics Inc,,497,344,SMID,Biopharma,Biotech,,,USD,8.03,59,,,,-11,151,,,,,,,,,Primary,NASDAQ,United States
337,KMDA,Kamada Ltd,,478,436,SMID,Biopharma,Specialty & Generic Pharma,,,USD,8.28,89,14,2.3,10.5,23,19,0,53,-39,2,-5,37,16,11,ADR/Cross-listed,NASDAQ,Israel
338,EDIT,Editas Medicine Inc,,473,300,SMID,Biopharma,Biotech,,,USD,3.08,68,,6.4,,50,61,-87,14,-67,-62,137,30,-30,-46,Primary,NASDAQ,United States
339,RPGLIFE.NS,RPG Life Sciences Limited,,466,,SMID,Biopharma,Specialty & Generic Pharma,,,INR,2673.4,,,,,18,7,65,60,39,70,22,32,31,36,Primary,NSE,India
340,RLMD,Relmada Therapeutics Inc,,465,,SMID,Biopharma,Biotech,,,USD,4.43,,,,,-10,829,-87,19,-85,-30,-18,748,5,-29,Primary,NASDAQ,United States
341,RGNX,Regenxbio Inc,,462,,SMID,Biopharma,Biotech,,,USD,8.94,,,,,-36,86,-57,-21,-31,-28,11,-2,-20,-23,Primary,NASDAQ,United States
342,DNA,Ginkgo Bioworks Holdings Inc,,462,570,SMID,Biopharma,Biotech,,,USD,6.86,39,,4.3,,-16,-15,-85,0,-80,,,,-57,-56,Primary,NYSE,United States
343,PBYI,Puma Biotechnology Inc,,461,404,SMID,Biopharma,Biotech,,,USD,8.93,92,26,1.7,10.1,58,95,-30,2,39,-70,17,-57,36,5,Primary,NASDAQ,United States
344,VOGX,Vogenx Inc.,,461,168,SMID,Biopharma,Biotech,,,USD,31.0,87,,,,,,,,,,,,,,Primary,NASDAQ,United States
345,CGC,Canopy Growth Corporation,,458,351,SMID,Biopharma,Specialty & Generic Pharma,,,USD,0.96,40,,1.2,,-15,-58,-46,-78,-74,-65,17,-22,-44,-64,ADR/Cross-listed,NASDAQ,Canada
346,GALT,Galectin Therapeutics Inc. Common Stock,,455,598,SMID,Biopharma,Biotech,,,USD,4.51,63,,,,5,222,-22,47,-45,-8,-22,-17,35,2,Primary,NASDAQ,United States
347,AVIR,Atea Pharmaceuticals Inc,,454,249,SMID,Biopharma,Biotech,,,USD,5.66,88,,,,63,7,10,-37,-46,-79,,,20,-27,Primary,NASDAQ,United States
348,OCGN,Ocugen Inc,,451,449,SMID,Biopharma,Biotech,,,USD,1.33,49,,98.0,,0,68,40,-56,-71,149,252,-90,46,-29,Primary,NASDAQ,United States
349,EVMN,Evommune Inc,,445,253,SMID,Biopharma,Biotech,,,USD,12.27,37,,25.3,,-30,,,,,,,,,,Primary,NYSE,United States
350,CCCC,C4 Therapeutics Inc,,444,266,SMID,Biopharma,Biotech,,,USD,3.61,70,,7.6,,96,-47,-36,-4,-82,-3,,,9,-39,Primary,NASDAQ,United States
351,RZLT,Rezolute Inc,,441,,SMID,Biopharma,Biotech,,,USD,4.58,,,,,92,-52,393,-52,-57,-60,109,28,46,-13,Primary,NASDAQ,United States
352,BNTC,Benitec Biopharma Inc,,438,252,SMID,Biopharma,Biotech,,,USD,12.75,76,,,,-8,7,291,12,-94,-13,-61,-66,63,-29,Primary,NASDAQ,United States
353,AVCT.L,Avacta Group Plc,,433,411,SMID,Biopharma,Biotech,,,GBp,68.13,74,,2685.0,,18,16,-57,1,-9,11,561,-43,-13,-13,Primary,LSE,United Kingdom
354,FENC,Fennec Pharmaceuticals Inc.,,430,,SMID,Biopharma,Biotech,,,USD,12.39,,,,,63,22,-44,17,118,-41,15,2,14,10,Primary,NASDAQ,United States
355,BIOA,BIOAGE Labs Inc,,428,124,SMID,Biopharma,Specialty & Generic Pharma,,,USD,9.32,36,,12.0,,-28,128,,,,,,,,,Primary,NASDAQ,United States
356,ARCT,Arcturus Therapeutics Holdings Inc,,425,281,SMID,Biopharma,Biotech,,,USD,14.96,62,,9.6,,154,-64,-46,86,-54,-15,299,140,-21,-22,Primary,NASDAQ,United States
357,AGY.L,Allergy Therapeutics plc,,423,439,SMID,Biopharma,Specialty & Generic Pharma,,,GBp,4.92,41,,5.7,,-53,69,160,-60,-81,94,62,-25,26,-31,Primary,LSE,United Kingdom
358,RCKT,Rocket Pharmaceuticals Inc,,421,,SMID,Biopharma,Biotech,,,USD,3.86,,,,,8,-72,-58,53,-10,-60,141,54,-38,-36,Primary,NASDAQ,United States
359,4552.T,"JCR Pharmaceuticals Co., Ltd.",,419,710,SMID,Biopharma,Large Pharma,,,JPY,528.0,64,14,2.6,82.4,-25,21,-47,-29,-24,-8,11,91,-23,-28,Primary,TSE,Japan
360,FYB.DE,Formycon AG,,416,370,SMID,Biopharma,Biotech,,,EUR,20.25,75,18,5.2,33.8,-20,-52,-6,-35,47,11,66,23,-30,-18,Primary,XETRA,Germany
361,4569.T,"KYORIN Pharmaceutical Co., Ltd.",,412,455,SMID,Biopharma,Specialty & Generic Pharma,,,JPY,1103.0,64,11,0.6,10.3,-24,6,-13,7,-4,-2,5,-18,-11,-6,Primary,TSE,Japan
362,CMPX,Compass Therapeutics Inc.,,408,258,SMID,Biopharma,Biotech,,,USD,2.27,33,,,,-56,270,-7,-69,59,,,,0,-8,Primary,NASDAQ,United States
363,AARTIDRUGS.NS,Aarti Drugs Limited,,406,,SMID,Biopharma,Specialty & Generic Pharma,,,INR,421.5,79,15,,,5,-10,-6,7,-15,-23,390,1,-11,-7,Primary,NSE,India
364,ENTA,Enanta Pharmaceuticals Inc,,402,403,SMID,Biopharma,Biotech,,,USD,13.79,80,,6.2,,-11,174,-39,-80,-38,78,-32,-13,-2,-25,Primary,NASDAQ,United States
365,XFOR,X4 Pharmaceuticals Inc,,401,270,SMID,Biopharma,Biotech,,,USD,4.04,84,,17.0,,1,-82,-13,-16,-57,-64,-40,-23,-53,-52,Primary,NASDAQ,United States
366,019170.KS,"Shinpoong Pharmaceutical Co.,Ltd",,398,373,SMID,Biopharma,Specialty & Generic Pharma,,,KRW,9940.0,63,,2.1,35.7,-29,36,-24,-36,-34,-74,1614,13,-17,-32,Primary,KRX,South Korea
367,PSG.DE,Pharma SGP SE,,388,,SMID,Biopharma,,,,EUR,29.0,,,,,,,,,,,,,,,,XETRA,Germany
368,LRMR,Larimar Therapeutics Inc,,386,248,SMID,Biopharma,Biotech,,,USD,3.72,58,,,,1,-2,-15,10,-62,-50,61,-78,0,-24,Primary,NASDAQ,United States
369,IRD,"Opus Genetics, Inc.",,386,,SMID,Biopharma,Biotech,,,USD,4.67,,,,,129,69,-60,-15,-5,-43,-15,-83,5,1,Primary,NASDAQ,United States
370,LXEO,Lexeo Therapeutics Inc,,382,196,SMID,Biopharma,Biotech,,,USD,4.66,42,,,,-51,51,-51,,,,,,,,Primary,NASDAQ,United States
371,EYPT,EyePoint Inc,,377,407,SMID,Biopharma,Biotech,,,USD,4.5,24,,146.1,,-75,145,-68,560,-71,86,-58,-18,-24,-16,Primary,NASDAQ,United States
372,TKNO,"Alpha Teknova, Inc.",,372,381,SMID,Biopharma,Specialty & Generic Pharma,,,USD,6.92,88,,8.7,,91,-54,124,-34,-72,,,,58,-18,Primary,NASDAQ,United States
373,ZNTL,Zentalis Pharmaceuticals Inc,,370,149,SMID,Biopharma,Biotech,,,USD,3.91,56,,,,204,-55,-80,-25,-76,62,,,-47,-43,Primary,NASDAQ,United States
374,PALI,"Palisade Bio, Inc.",,369,239,SMID,Biopharma,Biotech,,,USD,2.12,74,,478.1,,-13,42,-81,-89,-92,-75,-11,-84,-41,-75,Primary,NASDAQ,United States
375,DMAC,DiaMedica Therapeutics Inc.,,364,,SMID,Biopharma,Biotech,,,USD,6.75,,,,,-18,47,91,80,-58,-63,109,67,29,10,Primary,NASDAQ,United States
376,OPT,Optima Health PLC,,358,499,SMID,Biopharma,,,,GBp,243.0,95,14,3.1,35.9,21,40,,,,,,,,,Primary,LSE,United Kingdom
377,QTTB,Q32 Bio Inc,,357,,SMID,Biopharma,Biotech,,,USD,11.99,,,,,286,-3,-69,-52,-65,-68,-45,-7,-16,-38,Primary,NASDAQ,United States
378,SGMT,Sagimet Biosciences Inc,,356,,SMID,Biopharma,Biotech,,,USD,10.94,,,,,84,32,-17,,,,,,-3,,Primary,NASDAQ,United States
379,AGEN,Agenus Inc,,355,386,SMID,Biopharma,Biotech,,,USD,7.89,89,,2.9,9.5,162,15,-83,-65,-25,1,-22,71,-33,-41,Primary,NASDAQ,United States
380,LYEL,Lyell Immunopharma Inc,,352,195,SMID,Biopharma,Biotech,,,USD,14.37,32,,7208.7,,-53,140,-67,-44,-55,,,,-33,-47,Primary,NASDAQ,United States
381,CATX,Perspective Therapeutics Inc,,348,124,SMID,Biopharma,,,,USD,3.04,49,,304.1,,13,-14,-20,60,-36,-13,-27,107,-9,-15,Primary,NYSE,United States
382,EMBC,Embecta Corp.,,344,,SMID,Biopharma,Specialty & Generic Pharma,,,USD,5.8,,,,,-51,-40,14,-23,,,,,-30,,Primary,NASDAQ,United States
383,SABS,"SAB Biotherapeutics, Inc.",,337,241,SMID,Biopharma,Biotech,,,USD,3.7,72,,,,-1,-1,-45,17,-92,,,,-20,-48,Primary,NASDAQ,United States
384,ABEO,Abeona Therapeutics Inc,,334,216,SMID,Biopharma,Biotech,,,USD,5.84,76,,8.5,,13,-5,11,63,-64,-78,-52,-54,12,-29,Primary,NASDAQ,United States
385,IKT,"Inhibikase Therapeutics, Inc.",,330,,SMID,Biopharma,Biotech,,,USD,2.5,,,,,23,-37,156,-58,-66,-79,,,9,-29,Primary,NASDAQ,United States
386,CLLS,Cellectis SA,,324,149,SMID,Biopharma,Biotech,,,USD,3.22,59,,2.3,,-31,169,-42,47,-74,-70,58,3,18,-26,ADR/Cross-listed,NASDAQ,France
387,SION,Sionna Therapeutics Inc,,324,,SMID,Biopharma,Biotech,,,USD,7.18,,,,,-84,,,,,,,,,,Primary,NASDAQ,United States
388,VCRE,Vicore Pharma Holding AB,,324,,SMID,Biopharma,Biotech,,,USD,11.51,65,,,,,,,,,,,,,,ADR/Cross-listed,NASDAQ,Sweden
389,IFRX,Inflarx NV,,323,169,SMID,Biopharma,Biotech,,,USD,2.19,74,,,,121,-59,52,-47,-35,-5,27,-89,-19,-3,ADR/Cross-listed,NASDAQ,Germany
390,UPB,Upstream Bio Inc,,321,69,SMID,Biopharma,Biotech,,,USD,5.87,17,,21.8,,-78,65,,,,,,,,,Primary,NASDAQ,United States
391,ILM1.DE,Medios AG,,321,443,SMID,Biopharma,,,,EUR,10.82,62,7,0.2,5.5,-25,10,-17,-9,-55,4,42,96,-10,-23,Primary,XETRA,Germany
392,HIKAL.NS,Hikal Limited,,320,,SMID,Biopharma,Specialty & Generic Pharma,,,INR,246.01,87,27,,,-2,-42,29,-26,-22,222,46,-26,-10,-18,Primary,NSE,India
393,VNDA,Vanda Pharmaceuticals Inc.,,319,181,SMID,Biopharma,Biotech,,,USD,5.28,53,26,0.8,,-39,84,14,-43,-53,19,-20,-37,1,-20,Primary,NASDAQ,United States
394,STRO,Sutro Biopharma Inc,,319,179,SMID,Biopharma,Biotech,,,USD,19.21,44,,3.9,,78,-37,-57,-47,-46,-31,97,22,-23,-38,Primary,NASDAQ,United States
395,PRLD,Prelude Therapeutics Inc,,311,,SMID,Biopharma,Biotech,,,USD,5.46,,,,,81,127,-70,-29,-51,-83,,,13,-32,Primary,NASDAQ,United States
396,TTRX,Turn Therapeutics Inc,,308,288,SMID,Biopharma,Biotech,,,USD,10.13,38,,,,156,,,,,,,,,,Primary,NASDAQ,United States
397,EBS,Emergent Biosolutions Inc,,306,767,SMID,Biopharma,Specialty & Generic Pharma,,,USD,5.97,42,6,1.0,3.3,-50,29,298,-80,-73,-51,66,-9,7,-37,Primary,NYSE,United States
398,IMRX,Immuneering Corp,,305,166,SMID,Biopharma,Biotech,,,USD,4.72,47,,,,-23,199,-70,52,-70,,,,-18,-29,Primary,NASDAQ,United States
399,NWRN.SW,Newron Pharmaceuticals S.p.A.,,305,302,SMID,Biopharma,Biotech,,,CHF,11.86,37,16,12.8,,-50,166,81,219,-4,-25,-66,13,29,42,ADR/Cross-listed,SIX,Italy
400,OBIO,Orchestra Biomed Holdings Inc,,304,276,SMID,Biopharma,Biotech,,,USD,5.05,87,,8.6,,14,4,-56,-9,-1,-21,,,-9,-14,Primary,NASDAQ,United States
401,RAC.AX,Racura Oncology Ltd,,302,,SMID,Biopharma,Biotech,,,AUD,2.13,,,,,-23,102,61,-58,-44,106,821,153,37,-9,Primary,ASX,Australia
402,BCYC,Bicycle Therapeutics PLC,,297,-194,SMID,Biopharma,Biotech,,,USD,4.25,46,,,1.0,-40,-49,-23,-39,-51,239,90,,-42,-36,ADR/Cross-listed,NASDAQ,United Kingdom
403,NGEN.V,NervGen Pharma Corp.,,296,,SMID,Biopharma,Biotech,,,CAD,5.15,,,,,,,,,,,,,,,Primary,TSXV,Canada
404,CUV.AX,Clinuvel Pharmaceuticals Limited,,294,117,SMID,Biopharma,Biotech,,,AUD,8.07,60,11,1.7,3.9,-34,4,-24,-26,-20,22,-21,57,-23,-27,Primary,ASX,Australia
405,FULC,Fulcrum Therapeutics Inc,,291,-20,SMID,Biopharma,Biotech,,,USD,3.81,24,,,0.2,-66,141,-30,-7,-59,51,-30,,-12,-33,Primary,NASDAQ,United States
406,FATE,Fate Therapeutics Inc,,288,219,SMID,Biopharma,Biotech,,,USD,2.4,74,,33.7,,147,-41,-56,-63,-83,-36,365,53,-5,-49,Primary,NASDAQ,United States
407,FHTX,Foghorn Therapeutics Inc,,287,168,SMID,Biopharma,Biotech,,,USD,4.83,63,,4.6,,-10,14,-27,1,-72,13,,,-14,-19,Primary,NASDAQ,United States
408,YDES,YD Bio Limited Ordinary Shares,,285,2,SMID,Biopharma,Biotech,,,USD,4.02,16,,3.9,,-70,,,,,,,,,,ADR/Cross-listed,NASDAQ,Taiwan
409,ACIU,AC Immune SA,,283,213,SMID,Biopharma,Biotech,,,USD,2.85,71,5,12.2,,-7,16,-46,145,-59,-4,-39,-10,-5,-16,ADR/Cross-listed,NASDAQ,Switzerland
410,SANN.SW,Santhera Pharmaceuticals Holding AG,,283,,SMID,Biopharma,Biotech,,,CHF,15.46,,,,,24,-9,41,-29,4,-52,-75,68,22,-6,Primary,SIX,Switzerland
411,AMRN,Amarin Corporation PLC,,282,-20,SMID,Biopharma,Specialty & Generic Pharma,,,USD,13.36,64,14,,0.9,-2,42,-44,-28,-64,-31,-77,58,-14,-34,ADR/Cross-listed,NASDAQ,Ireland
412,EPRX,Eupraxia Pharmaceuticals Inc.,,281,,SMID,Biopharma,Biotech,,,USD,8.4,,,,,-1,138,,,,,,,,,ADR/Cross-listed,NASDAQ,Canada
413,ALXO,ALX Oncology Holdings Inc,,279,151,SMID,Biopharma,Biotech,,,USD,2.02,76,,,,80,-32,-89,32,-48,-75,,,-23,-51,Primary,NASDAQ,United States
414,TNG.PA,Transgene SA,,278,159,SMID,Biopharma,Biotech,,,EUR,0.86,57,,19.0,,-13,41,-50,-17,-35,54,6,-42,-22,-21,Primary,Euronext Paris,France
415,LCTX,Lineage Cell Therapeutics Inc,,278,223,SMID,Biopharma,Biotech,,,USD,1.1,53,,17.1,,-34,234,-54,-7,-52,39,98,-2,-6,-17,Primary,NYSE,United States
416,TRDA,Entrada Therapeutics Inc,,273,83,SMID,Biopharma,Biotech,,,USD,7.01,43,,17.6,,-30,-41,15,12,-21,,,,-23,,Primary,NASDAQ,United States
417,RNAC,Cartesian Therapeutics Inc,,272,,SMID,Biopharma,Biotech,,,USD,9.27,,,,,26,-60,-13,-39,-65,8,27,-11,-37,-42,Primary,NASDAQ,United States
418,CAMP,CAMP4 Therapeutics Corp,,270,193,SMID,Biopharma,Biotech,,,USD,4.31,56,,45.7,,-27,17,,,,,,,,,Primary,NASDAQ,United States
419,ORY.MC,Oryzon Genomics S.A.,,269,247,SMID,Biopharma,Biotech,,,EUR,2.83,70,314,13.8,,-9,122,-26,-24,-8,-23,26,28,11,-4,Primary,BME Madrid,Spain
420,CPH,Cipher Pharmaceuticals Inc,,267,258,SMID,Biopharma,Specialty & Generic Pharma,,,CAD,14.5,71,,7.2,13.4,-4,5,158,44,117,90,-38,-12,54,47,Primary,TSX,Canada
421,AFT.NZ,AFT Pharmaceuticals Limited,,265,290,SMID,Biopharma,Specialty & Generic Pharma,,,NZD,4.31,89,18,1.9,19.9,30,17,-17,-4,-19,-19,57,63,9,1,Primary,NZX,New Zealand
422,AKBA,Akebia Therapeutics Inc,,264,314,SMID,Biopharma,Specialty & Generic Pharma,,,USD,0.95,30,,1.4,,-39,-15,53,115,-74,-19,-56,14,-10,-20,Primary,NASDAQ,United States
423,SRZN,"Surrozen, Inc.",,263,172,SMID,Biopharma,Biotech,,,USD,22.41,64,,14.9,,0,57,53,8,-91,,,,40,-27,Primary,NASDAQ,United States
424,ALEC,Alector Inc,,262,135,SMID,Biopharma,Biotech,,,USD,2.35,69,,9.7,,61,-17,-76,-14,-55,36,-12,,-23,-38,Primary,NASDAQ,United States
425,MGNX,MacroGenics Inc,,262,142,SMID,Biopharma,Biotech,,,USD,4.11,81,,0.8,,164,-50,-66,43,-58,-30,110,-14,-4,-28,Primary,NASDAQ,United States
426,CYPH,Cypherpunk Technologies Inc.,,258,,SMID,Biopharma,Biotech,,,USD,2.42,,,,,96,-60,-31,-8,-86,44,101,-44,1,-33,Primary,NASDAQ,United States
427,AVXL,Anavex Life Sciences Corp,,257,147,SMID,Biopharma,Biotech,,,USD,2.77,27,,,,-20,-67,15,1,-47,221,108,66,-29,-32,Primary,NASDAQ,United States
428,WHWK,Whitehawk Therapeutics Inc,,257,72,SMID,Biopharma,Biotech,,,USD,4.51,82,,,,91,-23,56,-84,-47,64,57,-63,-8,-30,Primary,NASDAQ,United States
429,VRXA,Veraxa Biotech Holding AG,,256,,SMID,Biopharma,Biotech,,,USD,1.81,7,,,,-86,6,,,,,,,,,ADR/Cross-listed,NASDAQ,Germany
430,RJF.MC,"Laboratorio Reig Jofre, S.A.",,255,,SMID,Biopharma,Specialty & Generic Pharma,,,EUR,2.67,,,,,6,5,12,4,-32,-25,76,13,4,-10,Primary,BME Madrid,Spain
431,CRDL,Cardiol Therapeutics Inc.,,254,,SMID,Biopharma,Specialty & Generic Pharma,,,USD,2.2,,,,,126,-25,52,65,-72,-15,-38,,29,-11,ADR/Cross-listed,NASDAQ,Canada
432,NAGE,Niagen Bioscience Inc,,247,187,SMID,Biopharma,Biotech,,,USD,3.12,30,31,1.4,19.5,-51,20,271,-15,-55,-22,11,26,26,-17,Primary,NASDAQ,United States
433,PYXS,Pyxis Oncology Inc,,246,,SMID,Biopharma,Biotech,,,USD,3.89,,,,,210,-26,-13,34,-88,,,,15,,Primary,NASDAQ,United States
434,ACB,Aurora Cannabis Inc.,,246,179,SMID,Biopharma,Specialty & Generic Pharma,,,USD,3.89,58,,0.6,,-8,-1,-11,-48,-83,-35,-68,-56,-6,-45,ADR/Cross-listed,NASDAQ,Canada
435,IVVD,Invivyd Inc,,245,92,SMID,Biopharma,Biotech,,,USD,0.83,27,,1.6,,-66,458,-89,163,-79,,,,-23,-54,Primary,NASDAQ,United States
436,RNA,"Atrium Therapeutics, Inc.",,243,,SMID,Biopharma,Biotech,,,USD,14.19,,,,,,,,,,,,,,,Primary,NASDAQ,United States
437,CGEN,Compugen Ltd.,,242,123,SMID,Biopharma,Biotech,,,USD,2.56,79,,1.7,4.0,67,0,-23,175,-83,-64,103,175,31,-18,ADR/Cross-listed,NASDAQ,Israel
438,NGEN,NervGen Pharma Corp. Common stock,,242,164,SMID,Biopharma,Biotech,,,USD,2.25,36,,,,-59,157,7,71,-44,22,10,,15,7,ADR/Cross-listed,NASDAQ,Canada
439,ELDN,Eledon Pharmaceuticals Inc,,242,157,SMID,Biopharma,Biotech,,,USD,2.98,65,,,,94,-63,129,-21,-48,-71,48,-64,28,-18,Primary,NASDAQ,United States
440,ADAG,Adagene Inc,,238,135,SMID,Biopharma,Biotech,,,USD,3.55,73,,14.5,,95,-5,3,46,-84,,,,39,-26,ADR/Cross-listed,NASDAQ,China
441,INDOCO.NS,Indoco Remedies Limited,,237,353,SMID,Biopharma,Specialty & Generic Pharma,,,INR,244.25,74,20,1.8,20.0,12,-29,-16,-2,-10,50,59,-11,-6,-11,Primary,NSE,India
442,SIGA,SIGA Technologies Inc,,236,,SMID,Biopharma,Specialty & Generic Pharma,,,USD,3.29,,,,,-40,12,15,-18,4,3,52,-40,-2,-7,Primary,NASDAQ,United States
443,NMRA,Neumora Therapeutics Inc,,235,183,SMID,Biopharma,Biotech,,,USD,1.25,34,,,,-25,-83,-38,,,,,,,,Primary,NASDAQ,United States
444,GLSI,Greenwich Lifesciences Inc,,234,225,SMID,Biopharma,Biotech,,,USD,15.95,47,,,,-26,87,7,-31,-38,-33,,,19,-19,Primary,NASDAQ,United States
445,IPHA,Innate Pharma SA,,228,183,SMID,Biopharma,Biotech,,,USD,2.04,75,,20.4,,21,-5,-34,-25,-18,11,-36,,-10,-19,ADR/Cross-listed,NASDAQ,France
446,TARA,Protara Therapeutics Inc,,228,93,SMID,Biopharma,Biotech,,,USD,3.85,49,,,,-26,1,182,-30,-60,-72,48,-82,22,-13,Primary,NASDAQ,United States
447,SLGL,Sol Gel Technologies Ltd,,227,,SMID,Biopharma,Biotech,,,USD,69.52,,,,,66,353,-16,-76,-38,-24,-43,185,37,-7,ADR/Cross-listed,NASDAQ,Israel
448,CLN.WA,Celon Pharma S.A.,,225,325,SMID,Biopharma,Specialty & Generic Pharma,,,PLN,21.5,91,13,4.7,63.1,7,-23,72,11,-58,-18,2,28,11,-12,Primary,WSE,Poland
449,ABOS,Acumen Pharmaceuticals Inc,,224,151,SMID,Biopharma,Biotech,,,USD,3.1,86,,,,46,23,-55,-29,-20,,,,-20,-28,Primary,NASDAQ,United States
450,TNXP,Tonix Pharmaceuticals Holding Corp,,222,50,SMID,Biopharma,Biotech,,,USD,12.92,41,,1.7,,-14,-53,-97,-84,-97,-47,-42,-95,-84,-88,Primary,NASDAQ,United States
451,DERM,Journey Medical Corp,,221,222,SMID,Biopharma,Specialty & Generic Pharma,,,USD,7.82,82,,3.3,182.4,2,97,-32,200,-64,,,,55,,Primary,NASDAQ,United States
452,ANTX,AN2 Therapeutics Inc,,220,144,SMID,Biopharma,Biotech,,,USD,5.82,81,,,,422,-17,-93,115,,,,,-27,,Primary,NASDAQ,United States
453,PRQR,ProQR Therapeutics NV,,218,,SMID,Biopharma,Biotech,,,USD,2.07,,,,,3,-24,34,-46,-54,91,-58,-37,10,-21,ADR/Cross-listed,NASDAQ,Netherlands
454,KROS,Keros Therapeutics Inc,,218,-17,SMID,Biopharma,Biotech,,,USD,10.98,49,,,0.2,-45,29,-60,-17,-18,-17,,,-33,-19,Primary,NASDAQ,United States
455,ORGO,Organogenesis Holdings Inc.,,216,381,SMID,Biopharma,Specialty & Generic Pharma,,,USD,1.68,24,,0.8,,-68,62,-22,52,-71,23,57,-53,-17,-37,Primary,NASDAQ,United States
456,CHRS,Coherus Oncology Inc,,216,168,SMID,Biopharma,Biotech,,,USD,1.4,53,,3.3,,-4,3,-59,-58,-50,-8,-3,99,-37,-39,Primary,NASDAQ,United States
457,PLX,Protalix Biotherapeutics Inc,,215,,SMID,Biopharma,Biotech,,,USD,2.67,,,,,46,-4,6,30,65,-77,11,6,10,10,Primary,NYSE,United States
458,PEPG,PepGen Inc,,213,114,SMID,Biopharma,Biotech,,,USD,3.08,39,,,,-51,72,-44,-49,,,,,-21,,Primary,NASDAQ,United States
459,VYGR,Voyager Therapeutics Inc,,212,133,SMID,Biopharma,Biotech,,,USD,3.44,62,,3.8,,-14,-31,-33,38,125,-62,-49,48,-31,0,Primary,NASDAQ,United States
460,ARMP,Armata Pharmaceuticals Inc,,210,507,SMID,Biopharma,Biotech,,,USD,5.65,35,,91.5,,-12,239,-43,161,-77,84,-8,11,20,9,Primary,NYSE,United States
461,NERV,Minerva Neurosciences Inc,,210,208,SMID,Biopharma,Biotech,,,USD,4.39,35,,,,17,81,-64,287,-75,-66,-67,5,-18,-20,Primary,NASDAQ,United States
462,HESTERBIO.NS,Hester Biosciences Limited,,208,233,SMID,Biopharma,Specialty & Generic Pharma,,,INR,2318.3,86,,6.7,27.8,51,-33,65,-18,-29,49,18,29,11,1,Primary,NSE,India
463,ORMP,"Oramed Pharmaceuticals, Inc.",,207,159,SMID,Biopharma,Biotech,,,USD,4.97,91,,,,86,18,5,-81,-16,237,-18,72,15,-23,Primary,NASDAQ,United States
464,CRBP,Corbus Pharmaceuticals Holdings Inc,,205,101,SMID,Biopharma,Biotech,,,USD,10.59,52,,,,41,-31,95,81,-82,-51,-77,-7,20,-21,Primary,NASDAQ,United States
465,NBP,NovaBridge Biosciences,,202,22,SMID,Biopharma,Biotech,,,USD,1.75,26,,,,-55,368,-55,-55,-91,1,,,-2,-52,Primary,NASDAQ,United States
466,NKTX,Nkarta Inc,,202,100,SMID,Biopharma,Biotech,,,USD,2.81,76,,,,51,-26,-62,10,-61,-75,,,16,-37,Primary,NASDAQ,United States
467,DTIL,Precision BioSciences Inc,,201,147,SMID,Biopharma,Biotech,,,USD,7.3,76,,3.3,,77,9,-65,-69,-84,-11,-40,,-20,-55,Primary,NASDAQ,United States
468,ACOG,Alpha Cognition Inc,,199,166,SMID,Biopharma,Biotech,,,USD,9.15,90,,10.9,,42,10,,,,,,,,,Primary,NASDAQ,United States
469,MSLE,Satellos Bioscience Inc.,,191,128,SMID,Biopharma,Biotech,,,USD,9.0,67,,,,54,-17,82,89,-79,-17,-8,66,33,-11,ADR/Cross-listed,NASDAQ,Canada
470,CUE,Cue Biopharma Inc,,190,185,SMID,Biopharma,Biotech,,,USD,26.13,57,,4.9,,202,-72,-59,-7,-75,-10,-21,238,-30,-40,Primary,NASDAQ,United States
471,MYX.AX,Mayne Pharma Group Limited,,187,157,SMID,Biopharma,,,,AUD,3.16,49,,0.6,6.5,0,-37,-19,75,-32,-14,-21,-44,-5,-11,Primary,ASX,Australia
472,IPSC,"Century Therapeutics, Inc.",,183,,SMID,Biopharma,Biotech,,,USD,2.11,,,,,110,-1,-70,-35,-68,,,,-5,-40,Primary,NASDAQ,United States
473,CNTN,Canton Strategic Holdings Inc,,182,144,SMID,Biopharma,Biotech,,,USD,2.29,33,,96.6,,-26,49,-73,-95,,,,,-71,,Primary,NASDAQ,United States
474,MENS,Jyong Biotech Ltd. Ordinary Shares,,182,,SMID,Biopharma,Biotech,,,USD,2.39,,,,,-43,,,,,,,,,,ADR/Cross-listed,NASDAQ,Taiwan
475,KRRO,Korro Bio Inc,,175,107,SMID,Biopharma,Biotech,,,USD,11.89,21,,45.1,,45,-79,-21,-75,-25,-85,101,,-21,-50,Primary,NASDAQ,United States
476,LENZ,Lenz Therapeutics Inc,,174,-32,SMID,Biopharma,Biotech,,,USD,5.54,11,,,0.2,-64,-45,231,-21,-73,,,,-8,-39,Primary,NASDAQ,United States
477,NYKD.OL,Nykode Therapeutics AS,,172,137,SMID,Biopharma,Biotech,,,NOK,4.05,78,1622,2740.0,,69,21,-86,-24,-65,8,,,-40,-40,Primary,Oslo Bors,Norway
478,IMUX,Immunic Inc,,171,24,SMID,Biopharma,Biotech,,,USD,12.51,72,,,,139,-47,-33,7,-85,-37,58,30,-9,-34,Primary,NASDAQ,United States
479,MDWD,Mediwound Ltd,,170,145,SMID,Biopharma,Biotech,,,USD,13.2,65,,12.2,,-28,4,75,-25,-18,-36,19,-24,17,-13,ADR/Cross-listed,NASDAQ,Israel
480,QSI,Quantum-Si incorporated,,170,59,SMID,Biopharma,Biotech,,,USD,0.78,25,,36.9,,-31,-59,34,10,-77,-22,,,-32,-40,Primary,NASDAQ,United States
481,MOLN,Molecular Partners AG,,167,102,SMID,Biopharma,Biotech,,,USD,4.35,81,,,,0,-8,14,-36,-66,,,,-10,-27,ADR/Cross-listed,NASDAQ,Switzerland
482,LFCR,Lifecore Biomedical Inc,,165,356,SMID,Biopharma,Specialty & Generic Pharma,,,USD,4.37,49,,2.7,43.2,-47,10,20,-4,-42,2,-4,-4,-18,-16,Primary,NASDAQ,United States
483,ADCT,ADC Therapeutics SA,,165,393,SMID,Biopharma,Biotech,,,USD,1.3,26,,4.9,,-63,77,20,-57,-81,-37,,,3,-46,ADR/Cross-listed,NYSE,Switzerland
484,CARA,Carasent AB (publ),,165,,SMID,Biopharma,,,,NOK,21.1,,,,,,,,,,,,,,,,Oslo Bors,Norway
485,SPRB,Spruce Biosciences Inc,,165,78,SMID,Biopharma,Biotech,,,USD,57.26,24,7,,,-34,-96,-86,167,-75,-82,,,-83,-74,Primary,NASDAQ,United States
486,CDXS,Codexis Inc,,162,178,SMID,Biopharma,Biotech,,,USD,1.48,50,,2.3,,-13,-66,56,-35,-85,43,37,-4,-8,-45,Primary,NASDAQ,United States
487,OGI,Organigram Global Inc.,,161,236,SMID,Biopharma,Specialty & Generic Pharma,,,USD,1.12,50,47,0.8,14.3,-30,4,23,-59,-54,32,-46,,-9,-36,ADR/Cross-listed,NASDAQ,Canada
488,OTLK,Outlook Therapeutics Inc,,159,169,SMID,Biopharma,Biotech,,,USD,0.65,26,,,,-59,-16,-76,-64,-21,5,120,-85,-48,-58,Primary,NASDAQ,United States
489,CRBU,"Caribou Biosciences, Inc.",,156,,SMID,Biopharma,Biotech,,,USD,1.57,,,,,-1,0,-72,-9,-58,,,,-36,-45,Primary,NASDAQ,United States
490,TNYA,Tenaya Therapeutics Inc,,155,79,SMID,Biopharma,Biotech,,,USD,0.69,29,,59.2,,-2,-50,-56,61,-89,,,,-43,-51,Primary,NASDAQ,United States
491,OKUR,Onkure Therapeutics Inc,,150,-30,SMID,Biopharma,Biotech,,,USD,3.71,69,,,0.5,23,-66,-46,-31,-73,,,,-62,-47,Primary,NASDAQ,United States
492,MIST,Milestone Pharmaceuticals Inc,,149,140,SMID,Biopharma,Biotech,,,USD,1.2,39,,59.9,,-40,-14,41,-58,-40,-2,-58,,-23,-27,ADR/Cross-listed,NASDAQ,Canada
493,LFMD,"LifeMD, Inc.",,149,,SMID,Biopharma,Specialty & Generic Pharma,,,USD,3.08,,,,,-11,-31,-40,327,-50,-41,988,-14,-10,-16,Primary,NASDAQ,United States
494,NRXP,NRX Pharmaceuticals Inc,,148,125,SMID,Biopharma,Biotech,,,USD,3.42,68,7,36.9,,27,23,-52,-59,-77,-80,130,4,5,-53,Primary,NASDAQ,United States
495,ALSEN.PA,Sensorion SA,,147,96,SMID,Biopharma,Biotech,,,EUR,0.25,30,,14.2,,-27,-47,48,16,-81,28,78,-16,-30,-33,Primary,Euronext Paris,France
496,MRSN,Mersana Therapeutics Inc,,145,,SMID,Biopharma,,,,USD,29.08,,,,,1,-19,-38,-60,-6,,,,-41,,,NASDAQ,United States
497,INO,Inovio Pharmaceuticals Inc,,145,119,SMID,Biopharma,Biotech,,,USD,1.41,47,,,,-22,-5,-70,-67,-69,-44,168,-18,-37,-58,Primary,NASDAQ,United States
498,UNCY,"Unicycive Therapeutics, Inc.",,140,83,SMID,Biopharma,Biotech,,,USD,5.12,59,4,,,-8,-27,-9,61,-74,,,,-13,-28,Primary,NASDAQ,United States
499,CRNO-B.ST,Cereno Scientific AB (publ),,140,156,SMID,Biopharma,Specialty & Generic Pharma,,,SEK,4.3,45,,,,-41,27,20,118,-59,150,-41,51,21,-3,Primary,OMX Stockholm,Sweden
500,INDP,"Indaptus Therapeutics, Inc.",,138,,SMID,Biopharma,Biotech,,,USD,1.22,,,,,-60,-88,-52,21,-75,-59,-66,-93,-76,-66,Primary,NASDAQ,United States
501,EQ,Equillium Inc,,138,84,SMID,Biopharma,Biotech,,,USD,2.17,61,,,,43,107,4,-32,-72,-30,58,-59,41,-18,Primary,NASDAQ,United States
502,BMEA,"Biomea Fusion, Inc.",,137,113,SMID,Biopharma,Biotech,,,USD,1.89,63,,,,54,-68,-73,72,13,,,,-52,-32,Primary,NASDAQ,United States
503,HURA,"TuHURA Biosciences, Inc.",,136,,SMID,Biopharma,Biotech,,,USD,2.14,,,,,177,-81,-31,-98,-73,-60,86,-80,-76,-76,Primary,NASDAQ,United States
504,SLV.WA,Selvita S.A.,,132,,SMID,Biopharma,,,,PLN,26.7,,,,,-38,-13,-15,-29,1,66,110,,-26,-18,Primary,WSE,Poland
505,VTVT,vTv Therapeutics Inc,,132,328,SMID,Biopharma,Biotech,,,USD,33.34,76,,8.9,,-16,190,20,-57,-33,-47,9,-36,18,-15,Primary,NASDAQ,United States
506,RFL,Rafael Holdings Inc,,131,,SMID,Biopharma,,,,USD,2.56,,,,,109,-27,-10,-2,-63,-78,31,125,4,-43,Primary,NYSE,United States
507,MXCT,MaxCyte Inc,,131,44,SMID,Biopharma,,,,USD,1.27,68,,1.4,,-19,-63,-11,-14,-46,,,,-30,-41,Primary,NASDAQ,United States
508,CURN.SW,Curatis Holding AG,,128,131,SMID,Biopharma,Specialty & Generic Pharma,,,CHF,19.5,70,41,9.8,,70,-8,625,-96,-85,-5,376,55,-6,-46,Primary,SIX,Switzerland
509,NTHI,"Neonc Technologies Holdings, Inc.",,127,127,SMID,Biopharma,Biotech,,,USD,4.9,38,,3163.8,,-42,,,,,,,,,,Primary,NASDAQ,United States
510,VANI,Vivani Medical Inc,,126,132,SMID,Biopharma,Biotech,,,USD,1.4,73,,,,13,6,14,20,-83,-13,-68,-16,14,-34,Primary,NASDAQ,United States
511,CNXU,Conexeu Sciences Inc.,,125,126,SMID,Biopharma,Biotech,,,USD,4.68,25,,,,,,,,,,,,,,Primary,NASDAQ,United States
512,AARD,Aardvark Therapeutics Inc,,125,45,SMID,Biopharma,Biotech,,,USD,5.71,32,,,,-56,,,,,,,,,,Primary,NASDAQ,United States
513,TLSA,Tiziana Life Sciences Ltd - ADR,,124,119,SMID,Biopharma,Biotech,,,USD,0.98,42,,,,-35,113,25,-7,-37,-52,87,-28,8,-14,ADR/Cross-listed,NASDAQ,United Kingdom
514,CTX.WA,Captor Therapeutics Spolka Akcyjna,,123,117,SMID,Biopharma,Biotech,,,PLN,71.9,81,,181.9,,-2,70,-57,-38,-11,,,,-18,-18,Primary,WSE,Poland
515,CBUS,"Cibus, Inc.",,122,387,SMID,Biopharma,Biotech,,,USD,1.6,38,,89.1,,-9,-37,-86,165,-93,-50,-40,-32,-53,-62,Primary,NASDAQ,United States
516,VXRT,Vaxart Inc,,122,69,SMID,Biopharma,Biotech,,,USD,0.5,60,,0.3,1.5,40,-47,16,-41,-85,10,1531,-81,-16,-44,,OQX,United States
517,ENGN,enGene Holdings Inc,,119,-103,SMID,Biopharma,Biotech,,,USD,1.78,15,,,0.8,-80,36,-28,-11,,,,,-45,,ADR/Cross-listed,NASDAQ,Canada
518,BDTX,"Black Diamond Therapeutics, Inc.",,119,28,SMID,Biopharma,Biotech,,,USD,2.08,42,,,,-14,14,-24,56,-66,-83,,,-16,-27,Primary,NASDAQ,United States
519,BGM,BGM Group Ltd.,,116,48,SMID,Biopharma,Specialty & Generic Pharma,,,USD,0.29,2,,1.0,,-92,-56,119,8,-72,,,,-59,-57,ADR/Cross-listed,NASDAQ,China
520,CNTB,Connect Biopharma Holdings Limited,,116,85,SMID,Biopharma,Biotech,,,USD,1.84,48,,28.8,,-32,104,17,36,-83,,,,34,-40,Primary,NASDAQ,United States
521,PMN,"ProMIS Neurosciences, Inc.",,115,60,SMID,Biopharma,Biotech,,,USD,12.86,47,,,,89,-71,-17,-74,-34,38,-38,-35,-37,-44,ADR/Cross-listed,NASDAQ,Canada
522,NAUT,Nautilus Biotechnology Inc,,115,59,SMID,Biopharma,Biotech,,,USD,0.91,21,,310.2,,-53,16,-44,66,-65,-52,,,-35,-35,Primary,NASDAQ,United States
523,NANEXA.ST,Nanexa AB (publ),,115,117,SMID,Biopharma,Specialty & Generic Pharma,,,SEK,5.78,84,26,33.0,,35,106,76,-56,-31,-64,13,29,26,2,Primary,OMX Stockholm,Sweden
524,RPTX,Repare Therapeutics Inc.,,114,,SMID,Biopharma,Biotech,,,USD,2.65,,,,,2,98,-82,-50,-30,,,,-40,,ADR/Cross-listed,NASDAQ,Canada
525,COYA,Coya Therapeutics Inc,,112,68,SMID,Biopharma,Biotech,,,USD,4.79,62,,8.5,,-22,1,-23,56,,,,,9,,Primary,NASDAQ,United States
526,GNLX,Genelux Corp,,112,93,SMID,Biopharma,Biotech,,,USD,2.48,29,,11636.4,,-42,85,-83,,,,,,-52,,Primary,NASDAQ,United States
527,GUTS,"Fractyl Health, Inc.",,111,,SMID,Biopharma,Biotech,,,USD,0.7,,,,,-69,7,,,,,,,,,Primary,NASDAQ,United States
528,ATRA,Atara Biotherapeutics Inc,,110,98,SMID,Biopharma,Biotech,,,USD,10.98,57,7,15.8,,-47,36,4,-84,-79,-20,19,-53,-37,-52,Primary,NASDAQ,United States
529,GBT.PA,Guerbet SA,,109,481,SMID,Biopharma,,,,EUR,7.48,37,6,0.5,9.0,-48,-47,39,18,-53,16,-19,-20,-28,-25,Primary,Euronext Paris,France
530,PYPD,PolyPid Ltd.,,109,104,SMID,Biopharma,Biotech,,,USD,5.36,93,,,,21,43,-20,-82,-88,-42,,,-16,-54,ADR/Cross-listed,NASDAQ,Israel
531,SEER,"Seer, Inc.",,109,-22,SMID,Biopharma,Biotech,,,USD,1.96,81,,,0.3,6,-21,19,-67,-75,-59,,,-11,-46,Primary,NASDAQ,United States
532,ONCY,Oncolytics Biotech Inc,,106,104,SMID,Biopharma,Biotech,,,USD,0.83,55,,,,-1,-4,-33,-17,17,-42,-50,163,-29,-17,ADR/Cross-listed,NASDAQ,Canada
533,CPIX,Cumberland Pharmaceuticals Inc.,,102,,SMID,Biopharma,Specialty & Generic Pharma,,,USD,6.79,,,,,119,68,32,-20,-52,58,-43,-15,74,25,Primary,NASDAQ,United States
534,HUMA,"Humacyte, Inc.",,102,,SMID,Biopharma,Biotech,,,USD,0.6,,,,,-38,-81,78,35,-71,-29,,,-47,-47,Primary,NASDAQ,United States
535,RNXT,"RenovoRx, Inc.",,102,99,SMID,Biopharma,Biotech,,,USD,2.25,87,,50.0,,182,-35,-44,-3,-51,,,,12,-21,Primary,NASDAQ,United States
536,ANIX,Anixa Biosciences Inc,,101,90,SMID,Biopharma,Biotech,,,USD,2.97,54,,,,-2,34,-40,-9,43,-3,-6,-17,-6,-11,Primary,NASDAQ,United States
537,PLYX,"Polaryx Therapeutics, Inc. Common Stock",,98,88,SMID,Biopharma,Biotech,,,USD,1.97,4,,,,,,,,,,,,,,Primary,NASDAQ,United States
538,CGTX,"Cognition Therapeutics, Inc.",,96,65,SMID,Biopharma,Biotech,,,USD,1.0,39,,,,-22,93,-62,-12,-67,,,,-12,,Primary,NASDAQ,United States
539,OSTX,OS Therapies Inc,,92,88,SMID,Biopharma,Biotech,,,USD,1.99,85,6,,,30,-67,,,,,,,,,Primary,NYSE,United States
540,VISTN.OL,Vistin Pharma ASA,,91,92,SMID,Biopharma,Specialty & Generic Pharma,,,NOK,19.0,80,,2.0,8.3,-4,-8,10,47,-18,13,82,39,-1,1,Primary,Oslo Bors,Norway
541,EAPI.PA,Euroapi S.A.,,91,160,SMID,Biopharma,Specialty & Generic Pharma,,,EUR,0.82,24,,0.2,1.0,-62,-21,-50,-59,,,,,-59,,Primary,Euronext Paris,France
542,VRCA,Verrica Pharmaceuticals Inc,,91,82,SMID,Biopharma,Biotech,,,USD,5.3,54,,2.7,,-35,19,-90,166,-70,-20,-28,95,-51,-48,Primary,NASDAQ,United States
543,IBT-B.ST,Infant Bacterial Therapeutics AB (publ),,90,79,SMID,Biopharma,Biotech,,,SEK,64.2,83,,,,29,-6,-40,80,-25,-40,-22,1,-9,-5,Primary,OMX Stockholm,Sweden
544,RLYB,Rallybio Corporation,,90,-3,SMID,Biopharma,Biotech,,,USD,16.93,96,,,0.1,207,-29,-60,-64,-31,,,,-27,-32,Primary,NASDAQ,United States
545,ACET,Adicet Bio Inc,,90,-2,SMID,Biopharma,Biotech,,,USD,9.6,55,,,0.0,12,-45,-49,-79,-49,24,35,-83,-33,-41,Primary,NASDAQ,United States
546,FBIO,Fortress Biotech Inc,,90,-11,SMID,Biopharma,Biotech,,,USD,2.69,59,,,0.4,-26,80,-33,-70,-74,-21,23,199,-23,-44,Primary,NASDAQ,United States
547,ICCC,ImmuCell Corporation,,90,,SMID,Biopharma,Biotech,,,USD,9.9,,,,,63,19,1,-17,-24,34,16,-27,30,2,Primary,NASDAQ,United States
548,PTHS,Pelthos Therapeutics Inc.,,89,142,SMID,Biopharma,Biotech,,,USD,23.3,62,,3.3,,-21,384,,,,,,,,,Primary,NYSE American,United States
549,ACRV,Acrivon Therapeutics Inc,,89,3,SMID,Biopharma,Biotech,,,USD,2.07,58,,,,-15,-60,22,-57,,,,,-44,,Primary,NASDAQ,United States
550,ALDX,Aldeyra Therapeutics Inc,,89,44,SMID,Biopharma,Biotech,,,USD,1.47,25,,,,-71,4,42,-50,74,-42,18,-30,-42,-31,Primary,NASDAQ,United States
551,NANOFS.ST,Nanoform Finland Oyj,,86,89,SMID,Biopharma,Biotech,,,SEK,9.62,63,,153.6,,-16,-17,-19,-49,-46,-4,,,-26,-32,ADR/Cross-listed,OMX Stockholm,Finland
552,KLRS,Kalaris Therapeutics Inc,,85,,SMID,Biopharma,Biotech,,,USD,3.9,,,,,-53,-13,-38,-87,-60,-66,,,-62,-61,Primary,NASDAQ,United States
553,MNOV,Medicinova Inc,,84,55,SMID,Biopharma,Biotech,,,USD,1.72,88,,59.7,,24,-38,40,-27,-24,-49,-22,-18,-12,-17,Primary,NASDAQ,United States
554,CRDF,"Cardiff Oncology, Inc.",,84,,SMID,Biopharma,Biotech,,,USD,1.09,,,,,-62,-35,193,6,-77,-67,1351,-61,-16,-32,Primary,NASDAQ,United States
555,GOSS,Gossamer Bio Inc,,84,69,SMID,Biopharma,Biotech,,,USD,0.17,4,,1.3,,-94,243,-1,-58,-81,17,-38,,-45,-55,Primary,NASDAQ,United States
556,YARW,Yarrow Bioscience Inc,,84,173,SMID,Biopharma,Biotech,,,USD,31.29,67,,,,76,-83,44,-14,-85,-84,-66,13,-38,-49,Primary,NASDAQ,United States
557,ZOMDF,Zomedica Corp.,,83,41,SMID,Biopharma,,,,USD,0.09,54,,1.1,,-18,-15,-40,23,-47,33,-30,-73,-24,-33,Primary,OTC,United States
558,IBIO,Ibio Inc,,83,-2,SMID,Biopharma,Biotech,,,USD,1.29,34,,,0.1,-33,-21,79,-84,-97,-48,320,-67,-39,-71,Primary,NASDAQ,United States
559,OSE.PA,OSE Immunotherapeutics SA,,83,69,SMID,Biopharma,Biotech,,,EUR,2.95,38,,21.9,,-42,-28,68,-36,-35,43,95,9,-4,-25,Primary,Euronext Paris,France
560,ATHE,Alterity Therapeutics Limited,,82,46,SMID,Biopharma,Biotech,,,USD,4.5,76,,12.6,,47,-7,33,-29,-51,-46,72,-39,18,-20,ADR/Cross-listed,NASDAQ,Australia
561,INCR,InterCure Ltd,,82,,SMID,Biopharma,Specialty & Generic Pharma,,,USD,5.46,65,,,,478,-43,23,-61,-49,398,5,,50,-6,ADR/Cross-listed,NASDAQ,Israel
562,OKYO,OKYO Pharma Ltd,,82,62,SMID,Biopharma,Biotech,,,USD,1.56,49,,,,-25,80,-35,-7,,,,,-8,,ADR/Cross-listed,NASDAQ,United Kingdom
563,ECOR,"electroCore, Inc.",,82,83,SMID,Biopharma,,,,USD,9.08,83,,2.2,,105,-72,172,54,-56,-63,-2,-75,18,-10,Primary,NASDAQ,United States
564,MAIA,Maia Biotechnology Inc,,80,53,SMID,Biopharma,Biotech,,,USD,1.31,41,1,,,-13,-23,69,-67,,,,,-10,,Primary,NYSE,United States
565,CTOR,"Citius Oncology, Inc.",,80,,SMID,Biopharma,Specialty & Generic Pharma,,,USD,0.86,,,,,-21,-13,-89,8,,,,,-58,,Primary,NASDAQ,United States
566,APLM,"Apollomics, Inc.",,80,58,SMID,Biopharma,Biotech,,,USD,27.5,65,,6.5,,50,92,-90,-91,4,,,,-61,,Primary,NASDAQ,United States
567,TELO,Telomir Pharmaceuticals Inc,,78,75,SMID,Biopharma,Biotech,,,USD,1.14,55,,,,-13,-68,,,,,,,,,Primary,NASDAQ,United States
568,DWTX,"Dogwood Therapeutics, Inc.",,77,,SMID,Biopharma,Biotech,,,USD,2.29,,,,,-43,67,-83,144,-95,-32,,,-56,-56,Primary,NASDAQ,United States
569,GANX,"Gain Therapeutics, Inc.",,77,,SMID,Biopharma,Biotech,,,USD,1.8,,,,,-43,49,-34,4,-42,,,,-18,-25,Primary,NASDAQ,United States
570,ZYBT,Zhengye Biotechnology Holding Limited,,76,156,SMID,Biopharma,Specialty & Generic Pharma,,,USD,1.6,14,,1.3,,42,,,,,,,,,,ADR/Cross-listed,NASDAQ,China
571,TENX,"Tenax Therapeutics, Inc.",,75,-7,SMID,Biopharma,Biotech,,,USD,2.01,10,,,,-85,97,-72,-88,-89,-44,32,17,-60,-77,Primary,NASDAQ,United States
572,NRXS,"NeurAxis, Inc.",,75,67,SMID,Biopharma,Biotech,,,USD,5.94,64,,12.6,,34,93,-12,,,,,,12,,Primary,NYSE American,United States
573,NTRB,Nutriband Inc.,,75,69,SMID,Biopharma,Biotech,,,USD,6.13,71,,42.9,,24,-4,103,-36,-58,,,,21,,Primary,NASDAQ,United States
574,CING,Cingulate Inc,,74,52,SMID,Biopharma,Biotech,,,USD,5.07,43,,,,20,-12,-95,-62,-64,,,,-68,,Primary,NASDAQ,United States
575,BSEM,"BioStem Technologies, Inc.",,74,60,SMID,Biopharma,Biotech,,,USD,4.13,49,14,1.7,,-5,-72,136,96,188,-28,-42,-22,27,24,Primary,NASDAQ,United States
576,CSBR,"Champions Oncology, Inc.",,73,,SMID,Biopharma,Biotech,,,USD,5.22,,,,,-24,-19,52,25,-46,-23,30,7,-6,-14,Primary,NASDAQ,United States
577,PLRX,Pliant Therapeutics Inc,,72,,SMID,Biopharma,Biotech,,,USD,1.16,,,,,-7,-91,-27,-6,43,-41,,,-59,-43,Primary,NASDAQ,United States
578,LONA,LeonaBio Inc (fka Athira Pharma),,71,21,SMID,Biopharma,Biotech,,,USD,7.58,53,,,,2,29,-76,-23,-76,-62,,,-30,-41,Primary,NASDAQ,United States
579,NMAD,"NOMAD Power Solutions, Inc.",,71,54,SMID,Biopharma,Biotech,,,USD,3.88,46,,,,-7,94,-14,-54,-57,-62,-22,-27,13,-32,Primary,NASDAQ,United States
580,SPRO,Spero Therapeutics Inc,,70,22,SMID,Biopharma,Biotech,,,USD,1.21,39,,0.5,,-48,126,-30,-15,-89,-17,102,56,-7,-42,Primary,NASDAQ,United States
581,PMVP,PMV Pharmaceuticals Inc,,69,,SMID,Biopharma,Biotech,,,USD,1.29,,,,,-1,-17,-51,-64,-62,-62,,,-45,-46,Primary,NASDAQ,United States
582,INMB,INmune Bio Inc,,68,51,SMID,Biopharma,Biotech,,,USD,2.45,98,,,,46,-67,-59,78,-38,-41,197,,-35,-39,Primary,NASDAQ,United States
583,XBIT,XBiotech Inc,,67,-42,SMID,Biopharma,Biotech,,,USD,2.2,64,17,,0.9,-8,-39,-1,14,-68,-17,-16,267,-23,-33,Primary,NASDAQ,United States
584,BOLD,Boundless Bio Inc,,67,-7,SMID,Biopharma,Biotech,,,USD,2.94,93,,,0.1,139,-59,,,,,,,,,Primary,NASDAQ,United States
585,EXOZ,eXoZymes Inc,,66,59,SMID,Biopharma,Biotech,,,USD,7.14,39,,,,-38,-34,,,,,,,,,Primary,NASDAQ,United States
586,HRTX,Heron Therapeutics Inc,,65,172,SMID,Biopharma,Biotech,,,USD,0.34,22,,1.1,,-75,-15,-10,-32,-73,-57,-10,-9,-41,-51,Primary,NASDAQ,United States
587,ALPS,Alps Group Inc,,63,,SMID,Biopharma,Biotech,,,USD,0.38,13,,,,-56,,,,,,,,,,,NASDAQ,
588,TLPH,Talphera Inc,,62,52,SMID,Biopharma,Specialty & Generic Pharma,,,USD,1.2,76,,51710.0,,5,119,-30,-67,-80,-55,-41,-9,5,-44,Primary,NASDAQ,United States
589,HYFT,MindWalk Holdings Corp.,,62,,SMID,Biopharma,Biotech,,,USD,1.32,,,,,-27,342,-76,-67,-3,-64,580,-14,-13,-29,Primary,NASDAQ,United States
590,CIRC,"Circle8 Group, Inc.",,60,629,SMID,Biopharma,Specialty & Generic Pharma,,,USD,0.65,13,,0.8,,-51,-73,18,-65,-84,,,,-67,-67,Primary,NASDAQ,United States
591,INKT,Mink Therapeutics Inc,,59,51,SMID,Biopharma,Biotech,,,USD,11.61,68,,,,1,60,-35,-59,-41,,,,-8,,Primary,NASDAQ,United States
592,XLO,Xilio Therapeutics Inc,,59,-70,SMID,Biopharma,Biotech,,,USD,9.0,71,,,2.3,1,-33,74,-80,-83,,,,-39,,Primary,NASDAQ,United States
593,ANVS,Annovis Bio Inc,,59,40,SMID,Biopharma,Biotech,,,USD,1.38,25,,,,-60,-31,-73,39,-24,133,,,-52,-48,Primary,NYSE,United States
594,IBO,Impact BioMedical Inc.,,58,,SMID,Biopharma,Biotech,,,USD,0.54,,,,,-5,-65,,,,,,,,,Primary,NYSE American,United States
595,IMA,ImageneBio Inc,,57,-79,SMID,Biopharma,Biotech,,,USD,4.98,53,,,1.4,-29,-65,-17,-26,-79,,,,-56,-51,Primary,NASDAQ,United States
596,RANI,Rani Therapeutics Holdings Inc,,57,,SMID,Biopharma,Biotech,,,USD,0.87,,,,,-37,-1,-59,-44,-64,,,,-39,-47,Primary,NASDAQ,United States
597,MCRB,Seres Therapeutics Inc,,56,98,SMID,Biopharma,Biotech,,,USD,5.57,19,,52.0,,-62,-10,-41,-75,-33,-66,610,-24,-57,-47,Primary,NASDAQ,United States
598,IMMP,Immutep Ltd - ADR,,53,-14,SMID,Biopharma,Biotech,,,USD,0.36,10,,,0.2,-87,32,-10,37,-47,4,75,-3,-42,-39,ADR/Cross-listed,NASDAQ,Australia
599,ELOX,"Eloxx Pharmaceuticals, Inc.",,52,,SMID,Biopharma,Biotech,,,USD,15.0,,,,,,,,,,,,,,,Primary,NASDAQ,United States
600,TIL,Instil Bio Inc,,51,69,SMID,Biopharma,Biotech,,,USD,7.58,27,,,,-30,-42,151,-40,-96,,,,-6,-55,Primary,NASDAQ,United States
601,CELU,Celularity Inc,,50,117,SMID,Biopharma,Biotech,,,USD,1.73,68,,4.4,,65,-47,-16,-81,-75,-53,11,,-20,-54,Primary,NASDAQ,United States
602,ATYR,aTyr Pharma Inc,,49,2,SMID,Biopharma,Biotech,,,USD,0.5,8,,13.0,,-36,-78,157,-36,-71,93,-7,-40,-33,-38,Primary,NASDAQ,United States
603,CLNN,Clene Inc.,,48,62,SMID,Biopharma,Biotech,,,USD,3.72,28,,315.4,,-32,11,-12,-70,-76,-62,3,6,-35,-52,Primary,NASDAQ,United States
604,TVGN,Tevogen Bio Holdings Inc,,48,65,SMID,Biopharma,Biotech,,,USD,7.32,16,,,,-57,-68,-91,8,,,,,-76,,Primary,NASDAQ,United States
605,GNTA,Genenta Science SPA,,46,2,SMID,Biopharma,Biotech,,,USD,0.96,10,,,,-36,-66,-12,-10,-50,,,,-44,,ADR/Cross-listed,NASDAQ,Italy
606,SVE.WA,Synthaverse S.A.,,46,84,SMID,Biopharma,Biotech,,,PLN,2.97,64,,7.4,,-19,-19,6,-29,35,-50,753,0,-18,-21,Primary,WSE,Poland
607,SCLX,Scilex Holding Co,,46,,SMID,Biopharma,Specialty & Generic Pharma,,,USD,5.42,,,,,-30,-18,-79,-49,-60,,,,-57,-52,Primary,NASDAQ,United States
608,ELTX,"Elicio Therapeutics, Inc.",,46,,SMID,Biopharma,Biotech,,,USD,2.41,,,,,-69,56,-39,3,-72,,,,-32,-54,Primary,NASDAQ,United States
609,HOWL,Werewolf Therapeutics Inc,,46,25,SMID,Biopharma,Biotech,,,USD,0.94,40,,1.2,,49,-57,-62,88,-83,,,,-29,-44,Primary,NASDAQ,United States
610,EDSA,"Edesa Biotech, Inc.",,46,,SMID,Biopharma,Biotech,,,USD,4.73,,,,,235,-15,-63,-70,-62,32,4,-25,-7,-35,ADR/Cross-listed,NASDAQ,Canada
611,SDEV,Stablecoin Development Corp.,,45,38,SMID,Biopharma,Specialty & Generic Pharma,,,USD,0.89,1,,,,-97,1322,-91,-90,-85,-46,9,-17,-77,-80,Primary,NYSE American,United States
612,VERU,Veru Inc,,45,22,SMID,Biopharma,Biotech,,,USD,2.63,36,,,,24,-67,-10,-86,-10,-32,158,139,-37,-52,Primary,NASDAQ,United States
613,RLF.SW,Relief Therapeutics Holding SA,,45,,SMID,Biopharma,,,,CHF,2.88,,,,,,,,,,,,,,,,SIX,Switzerland
614,MGX,"Metagenomi, Inc. Common Stock",,44,,SMID,Biopharma,Biotech,,,USD,1.17,,,,,-28,-55,,,,,,,,,Primary,NASDAQ,United States
615,GRCE,"Grace Therapeutics, Inc",,44,30,SMID,Biopharma,Biotech,,,USD,2.09,40,,,,-38,-7,29,-4,-60,-52,-87,195,1,-32,Primary,NASDAQ,United States
616,NSRX,Nasus Pharma Ltd.,,44,32,SMID,Biopharma,Specialty & Generic Pharma,,,USD,3.73,39,,,,-59,,,,,,,,,,ADR/Cross-listed,NYSE American,Israel
617,BOT.AX,Botanix Pharmaceuticals Limited,,42,16,SMID,Biopharma,Biotech,,,AUD,0.02,12,,0.6,,-84,-69,129,258,-5,-55,52,17,-51,-23,Primary,ASX,Australia
618,SER,Serina Therapeutics Inc,,41,,SMID,Biopharma,Biotech,,,USD,2.73,,,,,41,-62,-64,-30,-49,-28,-16,-39,-53,-41,Primary,NYSE,United States
619,MREO,Mereo BioPharma Group plc - ADR,,40,11,SMID,Biopharma,Biotech,,,USD,0.25,11,,,,-35,-88,52,208,-53,-55,9,,-43,-37,ADR/Cross-listed,NASDAQ,United Kingdom
620,KPTI,Karyopharm Therapeutics Inc,,40,304,SMID,Biopharma,Biotech,,,USD,1.75,16,,2.1,,-76,-27,-22,-75,-47,-58,-19,105,-56,-54,Primary,NASDAQ,United States
621,FLNA,"Filana Therapeutics, Inc.",,40,,SMID,Biopharma,Biotech,,,USD,0.82,,,,,-58,-16,-90,-24,-32,541,31,512,-66,-56,Primary,NASDAQ,United States
622,IXHL,Incannex Healthcare Inc,,39,-36,SMID,Biopharma,Specialty & Generic Pharma,,,USD,3.3,16,,,1.4,-70,-83,-54,-59,,,,,-74,,ADR/Cross-listed,NASDAQ,Australia
623,LITS,"Lite Strategy, Inc.",,39,,SMID,Biopharma,Biotech,,,USD,1.14,,,,,-21,-46,-58,56,-91,1,6,-6,-37,-53,Primary,NASDAQ,United States
624,CRVO,CervoMed Inc,,38,14,SMID,Biopharma,Biotech,,,USD,2.52,24,,41.6,,-68,238,-69,1,-67,-61,74,-77,-24,-43,Primary,NASDAQ,United States
625,ALGS,"Aligos Therapeutics, Inc.",,37,12,SMID,Biopharma,Biotech,,,USD,5.88,43,,0.4,,-33,-77,140,-30,-92,-57,,,-34,-57,Primary,NASDAQ,United States
626,ELUT,Elutia Inc,,36,,SMID,Biopharma,Biotech,,,USD,0.82,,,,,21,-81,73,-49,-33,-54,,,-17,-37,Primary,NASDAQ,United States
627,GBIO,Generation Bio Co.,,36,,SMID,Biopharma,Biotech,,,USD,5.34,,,,,-6,-46,-36,-58,-44,,,,-53,,Primary,NASDAQ,United States
628,ALGEN.PA,genOway Société anonyme,,36,,SMID,Biopharma,Biotech,,,EUR,2.5,78,17,,,-8,-28,-18,15,-7,38,148,-42,-13,-10,Primary,Euronext Paris,France
629,PDSB,PDS Biotechnology Corp,,36,11,SMID,Biopharma,Biotech,,,USD,0.64,41,,,,-71,-53,-67,-62,63,279,-19,-59,-67,-57,Primary,NASDAQ,United States
630,NXTC,"NextCure, Inc.",,34,20,SMID,Biopharma,Biotech,,,USD,7.48,48,,,,-45,53,-32,-19,-76,-45,-81,,-23,-39,Primary,NASDAQ,United States
631,ATNM,Actinium Pharmaceuticals Inc,,34,-3,SMID,Biopharma,Biotech,,,USD,1.09,63,,,,-23,8,-75,-52,77,-23,19,-44,-46,-30,Primary,NYSE,United States
632,KYNB,"Kyntra Bio, Inc.",,34,-35,SMID,Biopharma,,,,USD,8.41,67,,,0.7,-3,-34,-40,-94,14,-62,-14,-7,-32,-51,Primary,NASDAQ,United States
633,ACTU,Actuate Therapeutics Inc,,34,31,SMID,Biopharma,Biotech,,,USD,1.4,16,,,,-78,-23,,,,,,,,,Primary,NASDAQ,United States
634,SCYX,SCYNEXIS Inc,,33,,SMID,Biopharma,Specialty & Generic Pharma,,,USD,5.3,,,,,6,-48,-46,43,-74,-20,-16,89,-43,-37,Primary,NASDAQ,United States
635,CPHI,"China Pharma Holdings, Inc.",,33,,SMID,Biopharma,Specialty & Generic Pharma,,,USD,0.82,,,,,-31,-47,-62,-88,-79,7,88,-8,-54,-70,ADR/Cross-listed,NYSE American,China
636,CNTX,Context Therapeutics Inc,,33,-10,SMID,Biopharma,Biotech,,,USD,0.36,10,,,0.2,-75,40,-7,73,-75,,,,-29,,Primary,NASDAQ,United States
637,MIRA,"MIRA Pharmaceuticals, Inc.",,32,,SMID,Biopharma,Specialty & Generic Pharma,,,USD,0.76,,,,,-51,32,9,,,,,,-51,,Primary,NASDAQ,United States
638,RMTI,Rockwell Medical Inc,,32,,SMID,Biopharma,Specialty & Generic Pharma,,,USD,7.99,,,,,-4,-59,8,87,-78,-59,-59,8,-30,-35,Primary,NASDAQ,United States
639,BRNS,Barinthus Biotherapeutics PLC - ADR,,31,-20,SMID,Biopharma,Biotech,,,USD,0.75,41,,,0.6,3,-42,-67,57,-79,,,,-29,-46,ADR/Cross-listed,NASDAQ,United Kingdom
640,SGMO,Sangamo Therapeutics Inc,,31,,SMID,Biopharma,Biotech,,,USD,0.07,,,,,-84,-59,88,-83,-58,,,,-63,,Primary,NASDAQ,United States
641,BCTX,BriaCell Therapeutics Corp.,,30,8,SMID,Biopharma,Biotech,,,USD,3.5,24,,,,-50,27,-90,34,-47,99,-54,-40,-63,-45,ADR/Cross-listed,NASDAQ,Canada
642,RADX,Radiopharm Theranostics Limited,,30,18,SMID,Biopharma,Biotech,,,USD,2.08,13,,1.3,,-59,16,,,,,,,,,ADR/Cross-listed,NASDAQ,Australia
643,TAOX,TAO Synergies Inc.,,30,31,SMID,Biopharma,Biotech,,,USD,4.0,40,,40.5,,10,6,-49,-77,-86,42,,,-32,-53,Primary,NASDAQ,United States
644,IGC,"IGC Pharma, Inc.",,30,,SMID,Biopharma,Biotech,,,USD,0.3,,,,,7,-18,21,-12,-67,-37,148,125,-4,-29,Primary,NYSE American,United States
645,CVM,CEL-SCI Corp,,29,30,SMID,Biopharma,Biotech,,,USD,1.65,15,,,,-69,-56,-85,16,-67,-39,27,219,-66,-66,Primary,NYSE,United States
646,NNVC,"NanoViricides, Inc",,29,21,SMID,Biopharma,Biotech,,,USD,1.12,50,,,,2,-21,40,-8,-70,30,14,-37,-7,-22,Primary,NYSE,United States
647,OPTH,Optimi Health Corp.,,28,19,SMID,Biopharma,Specialty & Generic Pharma,,,USD,4.83,75,,110.5,,,,,,,,,,,,ADR/Cross-listed,NASDAQ,Canada
648,ESLA,"Estrella Immunopharma, Inc.",,28,,SMID,Biopharma,Biotech,,,USD,0.65,,,,,-59,30,8,-89,4,,,,-69,,Primary,NASDAQ,United States
649,PLRZ,Polyrizon Ltd.,,27,6,SMID,Biopharma,Biotech,,,USD,11.24,62,,,,48,-100,,,,,,,,,ADR/Cross-listed,NASDAQ,Israel
650,ABVC,"ABVC BioPharma, Inc.",,27,30,SMID,Biopharma,Biotech,,,USD,1.0,29,,,,-53,261,-49,-81,-82,-34,17,-88,-7,-50,Primary,NASDAQ,United States
651,BYSI,Beyondspring Inc,,25,19,SMID,Biopharma,Biotech,,,USD,0.62,25,,,,-62,0,81,-52,-58,-63,-21,-17,-13,-53,Primary,NASDAQ,United States
652,TCRX,Tscan Therapeutics Inc,,25,17,SMID,Biopharma,Biotech,,,USD,0.37,15,,2.4,,-63,-67,-48,276,-66,,,,-47,-47,Primary,NASDAQ,United States
653,TVRD,"Tvardi Therapeutics, Inc.",,25,10,SMID,Biopharma,Biotech,,,USD,1.88,4,,,,-57,-77,-31,-93,-12,-19,-6,24,-72,-68,Primary,NASDAQ,United States
654,NECLIFE.NS,Nectar Lifesciences Limited,,25,12,SMID,Biopharma,Specialty & Generic Pharma,,,INR,12.15,54,4,7596.4,,-37,-50,21,31,-8,12,97,-41,-24,-16,Primary,NSE,India
655,RNTX,Rein Therapeutics Inc,,25,,SMID,Biopharma,Biotech,,,USD,0.89,,,,,-27,-50,-25,29,-79,-46,82,-32,-20,-49,Primary,NASDAQ,United States
656,ATOS,Atossa Therapeutics Inc,,25,-1,SMID,Biopharma,Biotech,,,USD,2.48,13,,,0.0,-71,-37,7,66,-67,68,-39,54,-40,-46,Primary,NASDAQ,United States
657,IMU.AX,Imugene Limited,,25,27,SMID,Biopharma,Biotech,,,AUD,0.07,14,,17.7,,-81,-71,-66,-24,-64,300,212,78,-69,-65,Primary,ASX,Australia
658,JSPR,Jasper Therapeutics Inc,,25,17,SMID,Biopharma,Biotech,,,USD,0.74,28,,,,-63,-91,171,63,-94,-22,,,-61,-63,Primary,NASDAQ,United States
659,TXMD,TherapeuticsMD Inc,,25,22,SMID,Biopharma,Specialty & Generic Pharma,,,USD,2.12,72,6,6.7,,37,90,-62,-60,-69,-70,-50,-36,-16,-44,Primary,NASDAQ,United States
660,BFRI,Biofrontera Inc,,24,27,SMID,Biopharma,Specialty & Generic Pharma,,,USD,1.62,98,4,0.6,,165,-48,-61,-85,-88,,,,-44,,Primary,NASDAQ,United States
661,AYTU,Aytu Biopharma Inc,,24,20,SMID,Biopharma,Specialty & Generic Pharma,,,USD,2.21,72,,0.4,,-12,53,-40,-25,-86,-77,-38,23,10,-50,Primary,NASDAQ,United States
662,LTRN,Lantern Pharma Inc,,24,17,SMID,Biopharma,Biotech,,,USD,1.85,39,,,,-38,-5,-25,-29,-24,-59,,,-26,-33,Primary,NASDAQ,United States
663,LEXX,Lexaria Bioscience Corp.,,23,,SMID,Biopharma,Biotech,,,USD,14.15,,,,,1897,-71,68,-49,-39,,,,131,14,ADR/Cross-listed,NASDAQ,Canada
664,CLRB,"Cellectar Biosciences, Inc.",,23,-10,SMID,Biopharma,Biotech,,,USD,2.46,38,,,0.4,-20,-67,-89,62,-74,-68,-8,45,-65,-62,Primary,NASDAQ,United States
665,PTN,Palatin Technologies Inc,,23,,SMID,Biopharma,Biotech,,,USD,12.7,,,,,-15,-72,-72,55,-80,-25,-13,10,-50,-54,Primary,NYSE,United States
666,AKTX,"Akari Therapeutics, Plc",,22,15,SMID,Biopharma,Biotech,,,USD,11.33,23,,,,-6,-76,-61,-67,-69,-19,6,11,-57,-63,Primary,NASDAQ,United States
667,COCP,Cocrystal Pharma Inc,,22,21,SMID,Biopharma,Biotech,,,USD,1.12,42,,63.5,,15,-51,17,-12,-75,-52,172,-86,-26,-39,Primary,NASDAQ,United States
668,ALLR,"Allarity Therapeutics, Inc.",,22,28,SMID,Biopharma,Biotech,,,USD,1.36,71,,80.9,,32,-8,-100,-100,-97,,,,-89,,Primary,NASDAQ,United States
669,QNTM,Quantum BioPharma Ltd.,,21,21,SMID,Biopharma,Biotech,,,USD,3.34,16,,,,-60,98,-94,17,-23,-35,-71,-87,-67,-52,ADR/Cross-listed,NASDAQ,Canada
670,LGVN,Longeveron Inc,,21,12,SMID,Biopharma,Biotech,,,USD,6.68,54,,10.3,,1200,-71,-87,-58,-73,,,,-37,-29,Primary,NASDAQ,United States
671,CTSO,Cytosorbents Corp,,21,26,SMID,Biopharma,,,,USD,6.76,32,,0.7,,-45,-30,-18,-28,-63,-47,107,-52,-48,-48,Primary,NASDAQ,United States
672,CNSY,"Cerenome, Inc.",,21,12,SMID,Biopharma,Specialty & Generic Pharma,,,USD,2.76,12,,2.9,,-77,-56,-34,-64,-70,-48,-16,-83,-65,-67,Primary,NASDAQ,United States
673,MRKR,"Marker Therapeutics, Inc.",,21,8,SMID,Biopharma,Biotech,,,USD,1.24,50,,2.4,,-17,-52,-43,104,-72,-34,-50,-48,-39,-42,Primary,NASDAQ,United States
674,NEUP,Neuphoria Therapeutics Inc,,20,1,SMID,Biopharma,Biotech,,,USD,3.77,18,,,,-3,13,-81,-68,-63,,,,-46,,Primary,NASDAQ,United States
675,SIGHT.PA,GenSight Biologics S.A.,,20,,SMID,Biopharma,Biotech,,,EUR,0.11,,,,,1,-61,-41,-86,-40,-22,187,-25,-38,-58,Primary,Euronext Paris,France
676,CMMB,Chemomab Therapeutics Ltd.,,20,13,SMID,Biopharma,Biotech,,,USD,2.75,77,,,,72,-77,255,-84,-54,-75,24,,-15,-45,ADR/Cross-listed,NASDAQ,Israel
677,KZIA,Kazia Therapeutics Ltd ADR,,20,,SMID,Biopharma,Biotech,,,USD,12.31,,,,,76,-22,-60,-28,-93,-3,99,79,-37,-53,ADR/Cross-listed,NASDAQ,Australia
678,UPC,Universe Pharmaceuticals Inc.,,20,-17,SMID,Biopharma,Specialty & Generic Pharma,,,USD,3.95,22,,,10.7,14,-84,-98,-77,-11,,,,-83,-78,ADR/Cross-listed,NASDAQ,China
679,EVAX,Evaxion Biotech A/S,,20,,SMID,Biopharma,Biotech,,,USD,3.12,,,,,-35,13,-88,-61,-60,,,,-58,-62,ADR/Cross-listed,NASDAQ,Denmark
680,LPCN,Lipocine Inc,,20,-3,SMID,Biopharma,Biotech,,,USD,2.39,19,,,0.2,-70,65,75,-59,-60,-27,253,-70,-14,-35,Primary,NASDAQ,United States
681,KTTA,Pasithea Therapeutics Corp.,,19,,SMID,Biopharma,Biotech,,,USD,0.58,,,,,-55,-59,-57,-42,-64,,,,-64,,Primary,NASDAQ,United States
682,NCEL,NewcelX Ltd.,,19,16,SMID,Biopharma,Biotech,,,USD,3.35,14,,,,76,-91,-91,-54,16,,,,-81,-68,ADR/Cross-listed,NASDAQ,Switzerland
683,ADIL,Adial Pharmaceuticals Inc,,19,29,SMID,Biopharma,Biotech,,,USD,6.55,61,,,,21,-78,-46,-66,-92,59,-29,-53,-60,-70,Primary,NASDAQ,United States
684,VYNE,Vyne Therapeutics Inc,,19,-6,SMID,Biopharma,Biotech,,,USD,28.56,61,,,0.2,,,,,,,,,,,Primary,NASDAQ,United States
685,DYAI,"Dyadic International, Inc.",,19,,SMID,Biopharma,Biotech,,,USD,0.52,,,,,-47,-46,9,31,-73,-16,4,174,-36,-39,Primary,NASDAQ,United States
686,EVOK,Evoke PLC,,19,,SMID,Biopharma,,,,USD,11.0,,,,,,149,-65,-61,-59,,,,-22,,,NASDAQ,United States
687,ENLV,Enlivex Therapeutics Ltd.,,19,,SMID,Biopharma,Biotech,,,USD,1.1,,,,,-89,-40,-57,-31,-37,-26,0,36,-68,-63,ADR/Cross-listed,NASDAQ,Israel
688,NRSN,NeuroSense Therapeutics Ltd.,,18,18,SMID,Biopharma,Biotech,,,USD,0.48,24,,,,-48,-36,53,-36,-50,,,,-24,,ADR/Cross-listed,NASDAQ,Israel
689,BIVI,BioVie Inc.,,18,6,SMID,Biopharma,Biotech,,,USD,2.11,56,,,,75,-94,-84,-84,73,-74,,,-81,-70,Primary,NASDAQ,United States
690,PBM,Psyence Biomedical Ltd.,,17,10,SMID,Biopharma,Biotech,,,USD,4.53,2,,,,-85,-96,-100,-10,4,,,,-97,,ADR/Cross-listed,NASDAQ,Canada
691,TPST,Tempest Therapeutics Inc,,17,23,SMID,Biopharma,Biotech,,,USD,1.02,8,,,,-63,-74,-81,283,-78,-84,-68,-15,-47,-65,Primary,NASDAQ,United States
692,BCDA,"BioCardia, Inc.",,17,13,SMID,Biopharma,Biotech,,,USD,1.1,48,,,,-13,-43,-78,-68,8,-44,-6,-66,-55,-53,Primary,NASDAQ,United States
693,PLUR,Pluri Inc.,,17,45,SMID,Biopharma,Biotech,,,USD,1.38,27,,41.3,,-54,-30,-8,-38,-36,-79,79,-50,-36,-44,ADR/Cross-listed,NASDAQ,Israel
694,CTXR,Citius Pharmaceuticals Inc,,16,16,SMID,Biopharma,Biotech,,,USD,0.58,27,,2.2,,-23,-81,-79,-4,-49,51,0,-2,-70,-59,Primary,NASDAQ,United States
695,CYCN,Cyclerion Therapeutics Inc,,16,18,SMID,Biopharma,Biotech,,,USD,3.36,40,,9.6,,291,-61,-4,-74,-62,-44,12,,12,-40,Primary,NASDAQ,United States
696,HIND,"Vyome Holdings, Inc.",,16,,SMID,Biopharma,Biotech,,,USD,2.22,,,,,-35,-99,-69,-96,-92,-64,-21,-91,-93,-92,Primary,NASDAQ,United States
697,SCNX,Scienture Holdings Inc,,15,,SMID,Biopharma,,,,USD,0.37,,,,,-27,-92,87,-14,-83,-55,-20,267,-63,-62,Primary,NASDAQ,United States
698,AIXC,"AIxCrypto Holdings, Inc.",,15,-9,SMID,Biopharma,Specialty & Generic Pharma,,,USD,0.71,8,,,0.8,-70,-44,-85,-57,-88,-64,-29,-72,-76,-75,Primary,NASDAQ,United States
699,LSTA,"Lisata Therapeutics, Inc.",,15,,SMID,Biopharma,Biotech,,,USD,1.65,,,,,-12,-38,9,8,-80,-41,-43,-29,-9,-39,Primary,NASDAQ,United States
700,PASG,Passage Bio Inc,,15,-9,SMID,Biopharma,Biotech,,,USD,4.64,23,,,0.2,-60,4,-44,-27,-78,-75,,,-33,-54,Primary,NASDAQ,United States
701,COSM,Cosmos Health Inc.,,15,,SMID,Biopharma,Specialty & Generic Pharma,,,USD,0.27,,,,,-47,-26,-53,-69,35,-34,132,-45,-39,-44,ADR/Cross-listed,NASDAQ,Greece
702,APLT,"Applied Therapeutics, Inc.",,15,,SMID,Biopharma,Biotech,,,USD,0.1,,,,,3,-88,-74,341,-92,,,,-54,,Primary,NASDAQ,United States
703,QNRX,Quoin Pharmaceuticals Ltd - ADR,,15,,SMID,Biopharma,Biotech,,,USD,7.26,,,,,-45,-37,-87,-71,-94,-79,-3,-79,-66,-86,Primary,NASDAQ,United States
704,CALC,"CalciMedica, Inc.",,14,5,SMID,Biopharma,Biotech,,,USD,2.11,6,,,,-93,86,24,,,,,,-48,,Primary,NASDAQ,United States
705,HOOK,Hookipa Pharma Inc,,14,,SMID,Biopharma,Biotech,,,USD,1.15,,,,,29,-56,-75,0,-65,,,,-49,,Primary,OTC,United States
706,DARE,Dare Bioscience Inc,,14,5,SMID,Biopharma,Biotech,,,USD,0.73,19,,3.8,,-63,-38,-16,-63,-58,49,63,15,-56,-49,Primary,NASDAQ,United States
707,SYBX,Synlogic Inc,,14,1,SMID,Biopharma,Biotech,,,USD,1.17,63,,,,9,-20,-64,-66,-69,12,-16,-63,-44,-52,Primary,OTC,United States
708,INTS,Intensity Therapeutics Inc,,13,4,SMID,Biopharma,Biotech,,,USD,4.08,9,,,,-61,-77,-79,,,,,,-70,,Primary,NASDAQ,United States
709,BLRX,BioLine RX Ltd - ADR,,13,9,SMID,Biopharma,Biotech,,,USD,2.69,59,,6.8,,-3,-67,-87,166,-71,-19,12,-66,-68,-52,ADR/Cross-listed,NASDAQ,Israel
710,PHIO,Phio Pharmaceuticals Corp,,13,0,SMID,Biopharma,Biotech,,,USD,1.08,26,,,0.0,6,-42,-74,-83,-63,-63,-71,-48,-61,-65,Primary,NASDAQ,United States
711,ASBP,"Aspire Biopharma Holdings, Inc.",,12,0,SMID,Biopharma,Biotech,,,USD,8.89,47,,2.8,,75,-99,6,6,,,,,-72,,Primary,NASDAQ,United States
712,MTVA,MetaVia Inc.,,12,-1,SMID,Biopharma,Biotech,,,USD,1.81,10,,,0.1,-78,-62,-45,-36,-98,-77,-40,-57,-64,-82,Primary,NASDAQ,United States
713,AEON,Aeon Biopharma Inc,,12,11,SMID,Biopharma,Biotech,,,USD,0.24,16,,,,-77,-97,-93,,,,,,-91,,Primary,NYSE,United States
714,AIMD,"Ainos, Inc.",,12,24,SMID,Biopharma,Biotech,,,USD,1.6,36,,1779.7,,-5,-28,-78,-34,-95,,,,-53,-65,Primary,NASDAQ,United States
715,BIOT,Instinct Bio Technical Co. Holdings Inc.,,12,,SMID,Biopharma,Biotech,,,USD,0.41,1,,,,,,,,,,,,,,ADR/Cross-listed,NASDAQ,Japan
716,IMRN,Immuron Limited,,12,,SMID,Biopharma,Biotech,,,USD,1.8,,,,,45,-55,-9,-10,-17,-61,75,-37,-16,-26,ADR/Cross-listed,NASDAQ,Australia
717,BCLI,Brainstorm Cell Therapeutics Inc,,12,13,SMID,Biopharma,Biotech,,,USD,1.05,62,,,,95,-76,-44,-84,-59,-12,6,21,-65,-54,,OQB,United States
718,INAB,"IN8bio, Inc.",,12,,SMID,Biopharma,Biotech,,,USD,1.2,,,,,-50,-70,-81,-40,-47,,,,-67,-66,Primary,NASDAQ,United States
719,TOVX,"Theriva Biologics, Inc.",,11,4,SMID,Biopharma,Biotech,,,USD,0.25,29,,12.8,,19,-88,-84,-4,-83,-29,-25,-9,-73,-71,Primary,NYSE American,United States
720,KPRX,"Kiora Pharmaceuticals, Inc.",,11,,SMID,Biopharma,Biotech,,,USD,2.55,,,,,29,-40,-30,-85,-94,-69,-51,44,-17,-67,Primary,NASDAQ,United States
721,VTGN,Vistagen Therapeutics Inc,,11,-20,SMID,Biopharma,Biotech,,,USD,0.25,5,,,0.3,-62,-78,-43,71,-95,1,181,-54,-65,-70,Primary,NASDAQ,United States
722,GRDX,GridAI Technologies Corp.,,11,,SMID,Biopharma,Biotech,,,USD,3.25,,,,,-36,150,-85,-97,-98,-85,-7,-14,-45,-87,ADR/Cross-listed,NASDAQ,United Kingdom
723,LNAI,Lunai Bioworks Inc.,,11,,SMID,Biopharma,,,,USD,2.39,,,,,-67,-89,-74,208,-86,147,-41,-28,-79,-67,Primary,NASDAQ,United States
724,XBIO,Xenetic Biosciences Inc,,11,4,SMID,Biopharma,Biotech,,,USD,4.57,33,,1.4,,113,-46,16,21,-78,-37,42,-93,2,-30,Primary,NASDAQ,United States
725,AZTR,Azitra Inc,,11,5,SMID,Biopharma,Biotech,,,USD,0.18,16,,,,-32,-91,-98,,,,,,-93,,Primary,NYSE,United States
726,SNTI,Senti Biosciences Inc,,11,24,SMID,Biopharma,Biotech,,,USD,0.34,12,,436.0,,-67,-70,-47,-53,-86,,,,-63,-68,Primary,NASDAQ,United States
727,APRE,Aprea Therapeutics Inc,,10,-31,SMID,Biopharma,Biotech,,,USD,0.82,49,,,2.3,-6,-74,-30,-29,-88,-42,-89,,-40,-61,Primary,NASDAQ,United States
728,GDTC,CytoMed Therapeutics Ltd,,10,9,SMID,Biopharma,Biotech,,,USD,0.86,23,,10.6,,-34,-61,-31,,,,,,-37,,ADR/Cross-listed,NASDAQ,Singapore
729,KALA,KALA BIO Inc,,10,3,SMID,Biopharma,Biotech,,,USD,0.51,0,,,,-98,-92,-1,-82,-37,-82,84,-25,-91,-85,Primary,NASDAQ,United States
730,XCUR,"Exicure, Inc.",,9,6,SMID,Biopharma,Biotech,,,USD,1.44,15,,,,-77,-60,371,-50,-81,-89,-38,-19,-35,-64,Primary,NASDAQ,United States
731,BFRG,Bullfrog AI Holdings Inc,,9,3,SMID,Biopharma,,,,USD,0.49,24,,8.4,,-45,-56,-39,,,,,,-46,,Primary,NASDAQ,United States
732,GELS,Gelteq Ltd,,9,15,SMID,Biopharma,Specialty & Generic Pharma,,,USD,0.83,41,,32.2,,12,-66,,,,,,,,,ADR/Cross-listed,NASDAQ,Australia
733,IMNN,Imunon Inc,,9,12,SMID,Biopharma,Biotech,,,USD,1.56,26,,,,-59,-69,40,-50,-83,-24,-58,21,-54,-62,Primary,NASDAQ,United States
734,QNCX,Quince Therapeutics Inc,,9,,SMID,Biopharma,Biotech,,,USD,31.32,,,,,-95,79,78,65,-95,-55,-51,,-51,-72,Primary,NASDAQ,United States
735,MGRX,Mangoceuticals Inc,,9,9,SMID,Biopharma,,,,USD,0.4,15,,28.3,,-47,-69,-42,,,,,,-72,,Primary,NASDAQ,United States
736,TRAW,"Traws Pharma, Inc.",,9,3,SMID,Biopharma,Biotech,,,USD,0.56,17,,,,-52,-87,-53,15,-75,-64,24,-82,-70,-67,Primary,NASDAQ,United States
737,ENSC,Ensysce Biosciences Inc,,9,8,SMID,Biopharma,Biotech,,,USD,0.44,16,,1.8,,-52,-89,-49,-88,-99,-62,19,6,-75,-87,Primary,NASDAQ,United States
738,CDT,CDT Equity Inc.,,8,1,SMID,Biopharma,Biotech,,,USD,0.62,0,,,,-98,-100,-98,-56,,,,,-99,,Primary,NASDAQ,United States
739,CUPR,Cuprina Holdings (Cayman) Limited Class A Ordinary Shares,,8,,SMID,Biopharma,Biotech,,,USD,3.16,,,,,-8,,,,,,,,,,ADR/Cross-listed,NASDAQ,Singapore
740,ICU,SeaStar Medical Holding Corporation,,8,,SMID,Biopharma,Biotech,,,USD,2.98,,,,,21,-88,-82,-89,-59,,,,-64,-74,Primary,NASDAQ,United States
741,CNSP,"CNS Pharmaceuticals, Inc.",,8,-12,SMID,Biopharma,Biotech,,,USD,5.64,53,,,0.7,12,-93,-100,-47,-89,-61,-55,,-95,-92,Primary,NASDAQ,United States
742,AIM,AIM ImmunoTech Inc,,8,1,SMID,Biopharma,Biotech,,,USD,0.23,8,,9.3,,-79,-94,-55,42,-66,-49,231,-93,-84,-74,Primary,NYSE,United States
743,SKYE,Skye Bioscience Inc,,8,,SMID,Biopharma,Biotech,,,USD,1.86,,,,,137,-73,4,-32,-69,30,-69,-67,-25,-44,Primary,NASDAQ,United States
744,CODX,"Co-Diagnostics, Inc.",,8,5,SMID,Biopharma,Biotech,,,USD,1.15,2,,7.5,,-77,-77,-44,-47,-72,-4,939,-40,-68,-68,Primary,NASDAQ,United States
745,HEPA,Hepion Pharmaceuticals Inc,,8,8,SMID,Biopharma,Biotech,,,USD,0.09,80,,,,10,-100,-85,-46,-74,-48,-59,-73,-94,-87,,OQB,United States
746,ALZN,Alzamend Neuro Inc,,8,7,SMID,Biopharma,Biotech,,,USD,1.64,61,,,,-7,-83,-87,-89,-70,,,,-83,-79,Primary,NASDAQ,United States
747,OSRH,"OSR Holdings, Inc.",,8,33,SMID,Biopharma,Biotech,,,USD,0.23,25,,18.0,,-57,-95,10,,,,,,-71,,Primary,NASDAQ,United States
748,GTBP,"GT Biopharma, Inc.",,8,,SMID,Biopharma,Biotech,,,USD,0.24,,,,,-68,-74,-60,-71,-71,-58,423,-88,-69,-75,Primary,NASDAQ,United States
749,BOLT,"Bolt Biotherapeutics, Inc.",,8,12,SMID,Biopharma,Biotech,,,USD,3.9,54,,2.5,,-29,-49,-52,-14,-73,,,,-44,-60,Primary,NASDAQ,United States
750,ADAPY,Adaptimmune Therapeutics PLC,,7,-5,SMID,Biopharma,,,,USD,0.03,10,,,0.1,0,-95,-32,-46,-61,-30,349,-79,-68,-65,ADR/Cross-listed,OTC,United Kingdom
751,CURX,Curanex Pharmaceuticals Inc Common Stock,,7,,SMID,Biopharma,Biotech,,,USD,5.05,,,,,1332,,,,,,,,,,Primary,NASDAQ,United States
752,CELZ,"Creative Medical Technology Holdings, Inc.",,7,-1,SMID,Biopharma,Biotech,,,USD,1.07,17,,,0.2,-46,-15,-50,21,-83,-84,-38,-97,-39,-62,Primary,NASDAQ,United States
753,POM,POMDOCTOR Ltd,,7,424,SMID,Biopharma,Specialty & Generic Pharma,,,USD,0.71,1,,1.1,,-84,,,,,,,,,,ADR/Cross-listed,NASDAQ,China
754,CLGN,CollPlant Biotechnologies Ltd.,,6,4,SMID,Biopharma,Biotech,,,USD,3.42,11,,9.0,,-76,-61,-44,-23,-49,,,,-63,-55,ADR/Cross-listed,NASDAQ,Israel
755,SNOA,Sonoma Pharmaceuticals Inc,,6,,SMID,Biopharma,Specialty & Generic Pharma,,,USD,,,,,,-64,35,-25,-84,-75,-37,67,-32,-58,-59,Primary,NASDAQ,United States
756,XTLB,XTL Biopharmaceuticals Ltd.,,6,6,SMID,Biopharma,Biotech,,,USD,2.53,25,,,,8,-71,101,-17,-56,-9,121,-21,-14,-33,ADR/Cross-listed,NASDAQ,Israel
757,ACXP,"Acurx Pharmaceuticals, Inc.",,6,-3,SMID,Biopharma,Biotech,,,USD,1.42,17,,,,-44,-85,-79,-4,-8,,,,-66,-59,Primary,NASDAQ,United States
758,BGMS,"Bio Green Med Solution, Inc.",,6,2,SMID,Biopharma,Specialty & Generic Pharma,,,USD,0.9,13,,1.2,,-38,-97,-86,-73,-83,-50,-42,10,-89,-85,ADR/Cross-listed,NASDAQ,Malaysia
759,NCNA,NuCana PLC,,6,-13,SMID,Biopharma,Biotech,,,USD,1.42,20,,,0.9,-60,-98,-84,-55,-72,-47,-26,-58,-92,-84,ADR/Cross-listed,NASDAQ,United Kingdom
760,PCSA,"Processa Pharmaceuticals, Inc.",,6,6,SMID,Biopharma,Biotech,,,USD,2.08,15,,,,-29,-87,-87,-70,-78,-26,-63,-29,-77,-77,Primary,NASDAQ,United States
761,BIAF,bioAffinity Technologies Inc,,6,7,SMID,Biopharma,,,,USD,9.52,5,,1.2,,983,-96,-38,-8,,,,,-38,,Primary,NASDAQ,United States
762,SNGX,"Soligenix, Inc. Common Stock",,6,,SMID,Biopharma,Biotech,,,USD,0.38,,,,,-72,-50,-78,-89,-32,-48,-12,69,-62,-73,Primary,NASDAQ,United States
763,KAPA,"Kairos Pharma, Ltd.",,6,,SMID,Biopharma,Biotech,,,USD,1.84,,,,,-66,-53,,,,,,,,,Primary,NYSE American,United States
764,CDIO,"Cardio Diagnostics Holdings, Inc.",,6,0,SMID,Biopharma,Biotech,,,USD,1.88,24,,19.9,,-32,-90,-63,135,,,,,-52,,Primary,NASDAQ,United States
765,YCBD,"cbdMD, Inc.",,5,5,SMID,Biopharma,Specialty & Generic Pharma,,,USD,0.48,19,,0.3,,-64,-55,-64,-90,-79,-63,31,-27,-62,-78,Primary,NYSE American,United States
766,TLIS,Talis Biomedical Corporation,,5,,SMID,Biopharma,,,,USD,2.84,,,,,0,61,-76,11,-89,,,,-27,,Primary,OTC,United States
767,PMCB,"PharmaCyte Biotech, Inc.",,5,-31,SMID,Biopharma,Biotech,,,USD,0.48,32,,,,-32,-54,-27,-26,17,-76,-83,9,-42,-32,Primary,NASDAQ,United States
768,PULM,Pulmatrix Inc,,5,,SMID,Biopharma,Biotech,,,USD,1.39,,,,,-39,-68,275,-52,-56,-63,38,-64,-17,-39,Primary,NASDAQ,United States
769,NIKI,"Niki BioSolutions, Inc.",,5,-3,SMID,Biopharma,Biotech,,,USD,6.2,24,,,,-39,-62,14,-55,-63,-39,-84,4,-34,-52,Primary,NASDAQ,United States
770,MLEC,Moolec Science S.A.,,5,,SMID,Biopharma,Biotech,,,USD,6.93,,,,,87,-97,-67,-80,23,,,,-76,-66,ADR/Cross-listed,NASDAQ,Cayman Islands
771,LIMN,"Liminatus Pharma, Inc. Class A Common Stock",,5,,SMID,Biopharma,Biotech,,,USD,3.71,,,,,-88,,,,,,,,,,Primary,NASDAQ,United States
772,ERNA,Ernexa Therapeutics Inc,,5,2,SMID,Biopharma,Biotech,,,USD,4.2,6,,,,-85,-72,-84,-44,-96,-7,2,13,-83,-86,Primary,NASDAQ,United States
773,ALOPM.PA,Oncodesign Precision Medicine Société anonyme,,5,10,SMID,Biopharma,Biotech,,,EUR,0.22,24,0,4.9,1.5,-44,-42,-61,6,,,,,-52,,Primary,Euronext Paris,France
774,CANF,Can Fite Biopharma ADR Representing 300 Ord Shs,,5,-4,SMID,Biopharma,Biotech,,,USD,2.27,17,,,0.4,-41,-88,-26,-64,-53,-28,-46,-83,-66,-64,ADR/Cross-listed,NYSE,Israel
775,EVGN,Evogene Ltd.,,5,,SMID,Biopharma,Biotech,,,USD,0.54,,,,,-50,-41,-78,20,-57,-65,209,-23,-58,-56,ADR/Cross-listed,NASDAQ,Israel
776,SBFM,"Sunshine Biopharma, Inc.",,5,-9,SMID,Biopharma,Specialty & Generic Pharma,,,USD,1.19,5,0,,1.8,-91,-59,-99,-57,,,,,-95,,Primary,NASDAQ,United States
777,MNK,Mallinckrodt plc,,5,,SMID,Biopharma,,,,USD,0.34,,,,,,,,-99,,,,,,,,NYSE,Ireland
778,ADXN,Addex Therapeutics Ltd - ADR,,4,3,SMID,Biopharma,Biotech,,,USD,3.53,29,,25.5,,-52,10,16,-52,-90,-53,,,-26,-54,ADR/Cross-listed,NASDAQ,Switzerland
779,CVKD,Cadrenal Therapeutics Inc,,4,2,SMID,Biopharma,Biotech,,,USD,1.22,8,,,,-81,-53,31,,,,,,-54,,Primary,NASDAQ,United States
780,GLMD,Galmed Pharmaceuticals Ltd,,4,-7,SMID,Biopharma,Biotech,,,USD,3.88,29,,,,422,-76,-42,-94,-73,-41,-46,-15,-28,-63,ADR/Cross-listed,NASDAQ,Israel
781,MBIO,"Mustang Bio, Inc.",,4,,SMID,Biopharma,Biotech,,,USD,0.54,,,,,-43,-89,-87,-77,-76,-56,-7,39,-85,-81,Primary,NASDAQ,United States
782,TCRT,Alaunos Therapeutics Inc,,4,4,SMID,Biopharma,Biotech,,,USD,1.61,35,,1339.0,,-49,69,-82,-89,-40,-57,-47,152,-57,-63,Primary,NASDAQ,United States
783,SILO,"Silo Pharma, Inc.",,4,-1,SMID,Biopharma,Biotech,,,USD,2.33,15,,,0.3,-52,-62,-38,-57,-53,,,,-57,-55,Primary,NASDAQ,United States
784,PAVS,Paranovus Entertainment Technology Ltd.,,4,-13,SMID,Biopharma,Specialty & Generic Pharma,,,USD,4.71,0,,,10.7,-100,-99,-44,-45,-61,-69,-59,,-98,-93,Primary,NASDAQ,United States
785,REVB,"Revelation Biosciences, Inc.",,4,-7,SMID,Biopharma,Biotech,,,USD,1.01,9,,,0.6,-68,-96,-97,-92,-98,1,,,-94,-95,Primary,NASDAQ,United States
786,BRTX,"BioRestorative Therapies, Inc.",,4,-3,SMID,Biopharma,Biotech,,,USD,2.9,8,,,0.2,-88,-18,-18,-37,-37,-84,38,-99,-60,-62,Primary,NASDAQ,United States
787,XRTX,XORTX Therapeutics Inc.,,4,3,SMID,Biopharma,Biotech,,,USD,2.19,31,3,,,-23,-50,-51,-96,-61,,,,-80,,ADR/Cross-listed,NASDAQ,Canada
788,FBLG,"FibroBiologics, Inc. Common Stock",,4,,SMID,Biopharma,Biotech,,,USD,1.81,,,,,-61,-89,,,,,,,,,Primary,NASDAQ,United States
789,MDCX,Medicus Pharma Ltd. Common Stock,,4,,SMID,Biopharma,Biotech,,,USD,0.17,,,,,-89,-37,,,,,,,,,Primary,NASDAQ,United States
790,MBRX,"Moleculin Biotech, Inc.",,4,,SMID,Biopharma,Biotech,,,USD,0.71,,,,,-80,-92,-87,-19,-43,-61,-13,-12,-85,-78,Primary,NASDAQ,United States
791,VIVS,"VivoSim Labs, Inc.",,4,3,SMID,Biopharma,Biotech,,,USD,0.28,5,,24.8,,-85,-67,-59,-21,-61,-70,71,-62,-72,-69,Primary,NASDAQ,United States
792,ONCO,"Onconetix, Inc.",,4,-2,SMID,Biopharma,Biotech,,,USD,0.84,0,,,0.2,-99,-97,-92,-82,,,,,-98,,Primary,NASDAQ,United States
793,APUS,"Apimeds Pharmaceuticals US, Inc",,4,,SMID,Biopharma,Biotech,,,USD,2.42,4,,,,-85,,,,,,,,,,Primary,NYSE American,United States
794,CLDI,"Calidi Biotherapeutics, Inc.",,4,1,SMID,Biopharma,Biotech,,,USD,1.39,5,,,,-93,-92,-92,-85,4,,,,-96,,Primary,NYSE American,United States
795,GOVX,"GeoVax Labs, Inc.",,4,,SMID,Biopharma,Biotech,,,USD,0.48,,,,,-88,-93,-54,-43,-83,7,,,-87,-81,Primary,NASDAQ,United States
796,ARTL,"Artelo Biosciences, Inc.",,3,-1,SMID,Biopharma,Biotech,,,USD,6.04,3,,,,-81,-81,-24,-52,-63,-29,-73,,-73,-69,Primary,NASDAQ,United States
797,SXTP,"60 Degrees Pharmaceuticals, Inc.",,3,12,SMID,Biopharma,Biotech,,,USD,0.94,11,,9.7,,-54,-92,-89,,,,,,-86,,Primary,NASDAQ,United States
798,LABT,Lakewood-Amedex Biotherapeutics Inc. Common Stock,,3,,SMID,Biopharma,Biotech,,,USD,1.88,,,,,,,,,,,,,,,Primary,NASDAQ,United States
799,EGRX,Eagle Pharmaceuticals Inc,,3,67,SMID,Biopharma,Specialty & Generic Pharma,,,USD,0.25,7,0,0.3,1.1,7,40,-90,-82,-43,9,-22,49,-65,-57,Primary,OTC,United States
800,APVO,Aptevo Therapeutics Inc.,,3,-2,SMID,Biopharma,Biotech,,,USD,1.77,4,,,0.1,-82,-99,-99,-92,-71,-79,300,-48,-98,-96,Primary,NASDAQ,United States
801,CRIS,Curis Inc,,3,-1,SMID,Biopharma,Biotech,,,USD,1.32,3,,,0.0,-93,-68,-76,16,-88,-42,382,146,-82,-79,Primary,NASDAQ,United States
802,CASIF,CASI Pharmaceuticals Inc,,3,40,SMID,Biopharma,Biotech,,,USD,0.15,6,,2.0,,-82,-70,-60,300,-78,-73,-5,-23,-59,-61,ADR/Cross-listed,OTC,China
803,SPRC,SciSparc Ltd.,,3,0,SMID,Biopharma,Biotech,,,USD,5.22,7,,,0.0,-58,-82,-93,-75,-88,,,,-81,-82,ADR/Cross-listed,NASDAQ,Israel
804,AFMD,Affimed N.V.,,3,,SMID,Biopharma,,,,USD,0.18,,,,,0,-85,-81,-50,-78,,,,-71,,,NASDAQ,Netherlands
805,BCAB,Bioatla Inc,,3,7,SMID,Biopharma,Biotech,,,USD,1.74,2,,0.8,,-95,-4,-76,-70,-58,-42,,,-79,-77,Primary,NASDAQ,United States
806,GNPX,Genprex Inc,,3,-12,SMID,Biopharma,Biotech,,,USD,3.5,0,,,,-91,-96,-91,-84,11,-68,1197,-71,-95,-88,Primary,NASDAQ,United States
807,MTNB,Matinas BioPharma Holdings Inc,,3,2,SMID,Biopharma,Biotech,,,USD,0.19,9,,,,-69,15,-95,-57,-50,-26,-40,282,-72,-66,Primary,NYSE,United States
808,PPBT,Purple Biotech Ltd.,,3,-4,SMID,Biopharma,Biotech,,,USD,1.6,11,,,0.5,-70,-86,-70,-43,-65,2,-51,18,-80,-71,ADR/Cross-listed,NASDAQ,Israel
809,INM,InMed Pharmaceuticals Inc.,,2,,SMID,Biopharma,Biotech,,,USD,1.38,,,,,25,-78,-43,-79,-94,-60,-45,-29,-57,-74,ADR/Cross-listed,NASDAQ,Canada
810,VRXAW,Veraxa Biotech AG,,2,,SMID,Biopharma,Biotech,,,USD,0.1,96,,,,,,,,,,,,,,ADR/Cross-listed,NASDAQ,Germany
811,ATORX.ST,Alligator Bioscience AB (publ),,2,3,SMID,Biopharma,Biotech,,,SEK,0.03,0,,43.5,,-92,-98,-64,-27,-40,-63,-25,-52,-91,-84,Primary,OMX Stockholm,Sweden
812,JAGX,Jaguar Health Inc,,2,16,SMID,Biopharma,Biotech,,,USD,0.47,1,,0.6,,-98,-96,-89,-98,-92,-57,2,-95,-97,-97,Primary,NASDAQ,United States
813,ELAB,PMGC Holdings Inc.,,2,,SMID,Biopharma,Biotech,,,USD,5.21,,,,,-99,-97,-99,,,,,,,,Primary,NASDAQ,United States
814,BTAI,BioXcel Therapeutics Inc,,2,94,SMID,Biopharma,Specialty & Generic Pharma,,,USD,0.07,2,,126.6,,-93,-73,-87,-86,6,-56,216,278,-88,-81,Primary,NASDAQ,United States
815,PPCB,Propanc Biopharma Inc,,2,,SMID,Biopharma,Biotech,,,USD,1.01,,,,,-92,134050,-98,-98,-99,-84,-100,-96,-22,-77,ADR/Cross-listed,NASDAQ,Australia
816,OGEN,Oragenics Inc,,2,-2,SMID,Biopharma,Biotech,,,USD,0.51,35,,,,-36,-93,-93,-15,-76,0,-13,-40,-83,-79,Primary,NYSE,United States
817,RDHL,RedHill Biopharma Ltd,,2,,SMID,Biopharma,Specialty & Generic Pharma,,,USD,0.72,,,,,-31,-83,-83,-74,-95,-68,33,9,-68,-85,ADR/Cross-listed,NASDAQ,Israel
818,CLSD,"Clearside Biomedical, Inc.",,2,,SMID,Biopharma,Biotech,,,USD,0.41,,,,,-57,-95,-19,4,-59,,,,-75,,Primary,NASDAQ,United States
819,RNAZ,"TransCode Therapeutics, Inc.",,2,193,SMID,Biopharma,Biotech,,,USD,1.97,9,,,,-68,-93,-98,-99,-74,,,,-97,-94,Primary,NASDAQ,United States
820,VRAX,Virax Biolabs Group Limited,,2,-5,SMID,Biopharma,Biotech,,,USD,2.61,12,,,0.8,-70,-85,54,-80,,,,,-69,,ADR/Cross-listed,NASDAQ,United Kingdom
821,SLXN,Silexion Therapeutics Ltd.,,2,1,SMID,Biopharma,Biotech,,,USD,0.36,0,,,,-98,-94,-81,8,4,,,,-94,-81,ADR/Cross-listed,NASDAQ,Israel
822,VCNX,Vaccinex Inc,,2,3,SMID,Biopharma,Biotech,,,USD,0.75,50,,4.3,,-31,10,-89,-93,-38,-50,-57,33,-75,-73,Primary,OTC,United States
823,SHPH,"Shuttle Pharmaceuticals Holdings, Inc.",,2,1,SMID,Biopharma,Specialty & Generic Pharma,,,USD,3.42,6,,,,-81,-92,-76,-77,,,,,-87,,Primary,NASDAQ,United States
824,AKAN,Akanda Corp.,,2,15,SMID,Biopharma,Specialty & Generic Pharma,,,USD,3.33,2,,58.7,,-64,-91,-95,-70,,,,,-89,,ADR/Cross-listed,NASDAQ,Canada
825,BBLG,Bone Biologics Corporation,,2,-2,SMID,Biopharma,Biotech,,,USD,0.58,20,,,,-62,-74,-79,-91,-94,,,,-74,,Primary,NASDAQ,United States
826,FUM.L,Futura Medical plc,,2,-2,SMID,Biopharma,Biotech,,,GBp,0.2,2,,,0.1,-80,-96,24,-50,30,158,10,126,-84,-64,Primary,LSE,United Kingdom
827,ITRM,Iterum Therapeutics PLC,,2,,SMID,Biopharma,Biotech,,,USD,0.03,,,,,-94,-81,-10,135,-86,,,,-75,,ADR/Cross-listed,NASDAQ,Ireland
828,JUNS,"Jupiter Neurosciences, Inc.",,2,,SMID,Biopharma,Biotech,,,USD,3.28,,,,,220,-90,,,,,,,,,Primary,NASDAQ,United States
829,CMND,Clearmind Medicine Inc.,,1,-12,SMID,Biopharma,Biotech,,,USD,0.97,0,,,1.5,-91,-97,-51,-97,,,,,-93,,ADR/Cross-listed,NASDAQ,Canada
830,DCOY,Decoy Therapeutics Inc.,,1,,SMID,Biopharma,Biotech,,,USD,2.69,,,,,-63,-98,-65,-58,-88,-45,-76,-54,-87,-85,Primary,NASDAQ,United States
831,HKPD,"Cellyan Biotechnology Co., Ltd",,1,,SMID,Biopharma,Specialty & Generic Pharma,,,USD,0.13,,,,,-83,,,,,,,,,,ADR/Cross-listed,NASDAQ,Hong Kong
832,VAXX,Vaxxinity Inc,,1,-14,SMID,Biopharma,Biotech,,,USD,0.01,5,,,0.3,-67,-94,-99,-39,-75,,,,-96,,Primary,OTC,United States
833,SXTC,"China SXT Pharmaceuticals, Inc.",,1,-26,SMID,Biopharma,Specialty & Generic Pharma,,,USD,2.3,0,,,3.7,-99,215,-87,-71,-17,-51,-60,,-83,-78,ADR/Cross-listed,NASDAQ,China
834,IMCC,IM Cannabis Corp.,,1,,SMID,Biopharma,Specialty & Generic Pharma,,,USD,1.98,,,,,58,-40,9,-63,-97,-57,,,-24,-60,ADR/Cross-listed,NASDAQ,Canada
835,SCNI,Scinai Immunotherapeutics Ltd.,,1,8,SMID,Biopharma,Biotech,,,USD,1.69,10,,5.1,,-73,-79,-44,-80,-87,-16,-70,95,-75,-76,ADR/Cross-listed,NASDAQ,Israel
836,CYTO,Cytophage Technologies Ltd,,1,,SMID,Biopharma,,,,USD,0.3,,,,,0,171,-97,-96,-87,,,,-82,,,NASDAQ,United States
837,EVFM,Evofem Biosciences Inc,,1,60,SMID,Biopharma,Biotech,,,USD,0.01,40,,3.3,,-20,0,-84,-99,-99,-84,-61,47,-65,-91,Primary,OTC,United States
838,HCWB,HCW Biologics Inc.,,1,,SMID,Biopharma,Biotech,,,USD,2.94,,,,,-51,-95,-64,-36,-17,,,,-81,-68,Primary,NASDAQ,United States
839,BIOR,"Biora Therapeutics, Inc.",,1,,SMID,Biopharma,Biotech,,,USD,0.22,,,,,0,0,-98,-59,-94,,,,-80,,Primary,OTC,United States
840,NEXR,Nexera Technologies Ltd,,1,-1,SMID,Biopharma,Biotech,,,USD,1.67,0,,,0.1,-99,-98,-16,-62,,,,,-94,,ADR/Cross-listed,NASDAQ,Israel
841,IOBT,IO Biotech Inc,,1,,SMID,Biopharma,Biotech,,,USD,0.01,,,,,-99,-34,-51,-18,-64,,,,-88,,ADR/Cross-listed,NASDAQ,Denmark
842,BDRX,Biodexa Pharmaceuticals Plc,,1,-8,SMID,Biopharma,Biotech,,,USD,0.83,1,,,0.9,-93,-94,-94,-99,-81,-44,-46,-56,-95,-95,ADR/Cross-listed,NASDAQ,United Kingdom
843,ENVB,"Enveric Biosciences, Inc.",,1,,SMID,Biopharma,Biotech,,,USD,1.39,,,,,-60,-100,-72,-38,-96,-37,-84,-48,-94,-92,Primary,NASDAQ,United States
844,DRMA,"Dermata Therapeutics, Inc.",,1,,SMID,Biopharma,Biotech,,,USD,1.21,,,,,-47,-83,-85,-91,-76,,,,-81,-84,Primary,NASDAQ,United States
845,APM,Aptorum Group Ltd,,1,-2,SMID,Biopharma,Biotech,,,USD,0.7,2,,,1.4,,,,,,,,,,,ADR/Cross-listed,NASDAQ,United Kingdom
846,ERNAW,Ernexa Therapeutics Inc. Warrants,,0,,SMID,Biopharma,Biotech,,,USD,0.06,,,,,,,,,,,,,,,Primary,NASDAQ,United States
847,GRI,"GRI Bio, Inc.",,0,,SMID,Biopharma,Biotech,,,USD,2.88,,,,,-67,-98,-98,-96,-95,,,,-97,-95,Primary,NASDAQ,United States
848,PTPI,Petros Pharmaceuticals Inc,,0,,SMID,Biopharma,Specialty & Generic Pharma,,,USD,0.01,,,,,-38,-100,-72,-39,-93,-24,,,-96,-90,Primary,OTC,United States
849,AMPE,Ampio Pharmaceuticals Inc,,0,-3,SMID,Biopharma,Biotech,,,USD,0.18,28,,,0.4,3421,100,-100,-54,-97,-64,173,48,-64,-80,Primary,OTC,United States
850,OCEA,Ocean Biomedical Inc,,0,,SMID,Biopharma,Biotech,,,USD,0.0,11,,,,100,-100,-16,,,,,,-94,,Primary,OTC,United States
851,PRFX,PRF Technologies Ltd,,0,,SMID,Biopharma,Specialty & Generic Pharma,,,USD,0.97,,,,,-70,-81,-80,-33,-69,-70,,,-81,-74,ADR/Cross-listed,NASDAQ,Israel
852,BIOTW,Instinct Bio Technical Company Holdings Inc. Warrants,,0,,SMID,Biopharma,Biotech,,,USD,0.02,,,,,,,,,,,,,,,ADR/Cross-listed,NASDAQ,Japan
853,SYRS,Syros Pharmaceuticals Inc,,0,2,SMID,Biopharma,Biotech,,,USD,0.0,2,,5.1,,14,-100,-97,117,-89,-70,57,24,-95,-91,Primary,OTC,United States
854,TRVN,Trevena Inc,,0,24,SMID,Biopharma,Biotech,,,USD,0.01,1,,44.1,,-92,-99,-92,-50,-90,-73,154,96,-96,-93,Primary,OTC,United States
855,EFTR,eFFECTOR Therapeutics Inc,,0,-5,SMID,Biopharma,Biotech,,,USD,0.0,8,,,0.2,300,0,-100,9,-95,,,,-96,,Primary,OTC,United States
856,LIPO,Lipella Pharmaceuticals Inc,,0,-2,SMID,Biopharma,Biotech,,,USD,0.0,0,,,0.3,-100,-94,-63,-67,,,,,-97,,Primary,OTC,United States
857,CALA,Calithera Biosciences Inc,,0,-1,SMID,Biopharma,,,,USD,0.0,30,,,0.0,200,0,-100,-99,-75,-86,-14,42,-82,-91,Primary,OTC,United States
858,JULPHAR.AE,Julphar (Gulf Pharmaceutical Industries),,,,,Biopharma,,,,AED,,,,,,,,,,,,,,,,,ADX,United Arab Emirates
859,RIG2.F,Gedeon Richter PLC,,,,,Biopharma,Specialty & Generic Pharma,,,EUR,,,,,,-108,-106,-107,-107,-108,-113,-147,-121,,,ADR/Cross-listed,Frankfurt,Hungary
860,GOOG,Alphabet Inc Class C,,4058259,3997181,LC,Tech,,,,USD,331.83,82,22,9.0,23.1,8,65,36,59,-39,65,31,29,36,19,Primary,NASDAQ,United States
861,TSM,Taiwan Semiconductor Manufacturing Company Limited,,2276732,15388745,LC,Tech,,,,USD,438.98,92,20,3.5,4.9,38,56,93,42,-37,12,93,65,67,30,Primary,NYSE,Taiwan
862,SPCX,Space Exploration Technologies Corp.,,1927440,3840188,LC,Tech,Aerospace & Space,,,USD,146.22,65,92,166.6,651.2,,,,,,,,,,,Primary,NASDAQ,United States
863,AVGO,Broadcom Inc.,,1758235,1741172,LC,Tech,Semiconductors / Connectivity,,,USD,369.56,75,19,19.5,33.4,4,51,110,104,-13,56,45,29,62,51,Primary,NASDAQ,United States
864,META,Meta Platforms Inc,,1572818,1593283,LC,Tech,,,,USD,617.39,78,18,7.0,14.5,-7,13,66,194,-64,23,33,57,28,10,Primary,NASDAQ,United States
865,SKHY,SK hynix Inc.,,1326932,-33958702,LC,Tech,Semiconductors / Memory,,,USD,186.93,96,5,,,,,,,,,,,,,Primary,NASDAQ,South Korea
866,005930.KS,"Samsung Electronics Co., Ltd.",,1319698,1207793,LC,Tech,Semiconductors / Memory,,,KRW,269500.0,72,4,3.3,7.1,114,130,-31,45,-28,-2,52,48,56,30,Primary,KRX,South Korea
867,MU,"Micron Technology, Inc.",,1160926,1128484,LC,Tech,Semiconductors / Memory,,,USD,1027.92,82,7,12.5,16.5,236,240,-1,72,-46,24,40,69,140,68,Primary,NASDAQ,United States
868,ASML,ASML Holding NV,,684291,36588038,LC,Tech,,,,USD,1781.55,89,30,1035.7,2712.6,55,56,-8,40,-31,64,66,93,37,15,ADR/Cross-listed,NASDAQ,Netherlands
869,688825.SS,CXMT Corp.,,591746,539581,LC,Tech,Semiconductors / Memory,,,CNY,58.39,94,12,18.4,22.2,,,,,,,,,,,Primary,Shanghai STAR,China
870,ORCL,Oracle Corp,,478526,598401,LC,Tech,,,,USD,166.13,48,15,8.9,19.6,-20,18,60,31,-5,37,24,19,10,13,Primary,NYSE,United States
871,PANW,Palo Alto Networks Inc,,270205,271702,LC,Tech,,,,USD,331.54,83,68,23.7,146.0,80,1,23,111,-25,57,54,23,40,34,Primary,NASDAQ,United States
872,SNDK,Sandisk Corporation,,260616,250208,LC,Tech,Semiconductors / Memory,,,USD,1779.93,76,7,12.4,19.8,555,,,,,,,,,,Primary,NASDAQ,United States
873,GEV,GE Vernova Inc.,,255414,243031,LC,Industrials,Electrical Equipment,,,USD,959.0,80,38,5.9,61.9,44,99,,,,,,,,,Primary,NYSE,United States
874,SAP,SAP SE,,250654,,LC,Tech,,,,USD,215.11,,,,,-9,0,61,52,-24,9,-1,36,18,10,ADR/Cross-listed,NYSE,Germany
875,ANET,"Arista Networks, Inc.",,247906,231057,LC,Tech,Networking,,,USD,196.56,91,38,21.9,49.8,46,19,88,94,-16,98,43,-3,57,53,Primary,NYSE,United States
876,CRM,"Salesforce, Inc.",,206635,244319,LC,Tech,,,,USD,251.07,93,16,5.6,18.9,0,-20,28,98,-48,14,37,19,7,0,Primary,NYSE,United States
877,MRVL,"Marvell Technology, Inc.",,203345,197384,LC,Tech,Semiconductors / Connectivity,,,USD,226.26,69,34,20.9,69.2,146,-23,84,64,-57,85,80,66,54,28,Primary,NASDAQ,United States
878,STX,Seagate Technology Holdings plc,,199635,194679,LC,Tech,Storage / HDD,,,USD,880.83,77,16,16.0,43.2,191,225,4,69,-51,88,10,62,126,59,Primary,NASDAQ,Singapore
879,SHOP,Shopify Inc,,188277,,LC,SaaS,,,,USD,145.09,,,,,-9,51,36,124,-75,22,185,187,30,-1,ADR/Cross-listed,NASDAQ,Canada
880,3308.HK,"Zhongji Innolight Co., Ltd. Class H",,173207,179100,LC,Tech,Optical Interconnect,,,HKD,1161.0,88,15,21.5,52.8,,,,,,,,,,,Primary,HKEX,China
881,WDC,Western Digital Corporation,,171970,168150,LC,Tech,Storage / HDD,,,USD,476.98,60,15,13.0,33.6,157,284,14,66,-52,18,-11,77,134,57,Primary,NASDAQ,United States
882,UBER,"Uber Technologies, Inc.",,150475,165167,LC,Tech,,,,USD,73.67,72,17,3.0,22.1,-7,35,-2,149,-41,-18,71,,17,14,Primary,NYSE,United States
883,NOW,"ServiceNow, Inc.",,139561,149832,LC,Tech,,,,USD,134.99,69,27,10.2,51.7,-5,-28,50,82,-40,18,95,59,7,1,Primary,NYSE,United States
884,SNOW,Snowflake Inc.,,119349,119248,LC,Tech,,,,USD,338.29,88,114,21.9,,63,42,-22,39,-58,20,,,31,3,Primary,NYSE,United States
885,FTNT,Fortinet Inc,,112365,111164,LC,Tech,,,,USD,153.15,88,41,14.8,42.8,97,-16,61,20,-32,142,39,52,37,20,Primary,NASDAQ,United States
886,APP,Applovin Corp,,106028,107737,LC,SaaS,,,,USD,315.62,42,15,15.8,19.9,-53,108,713,278,-89,,,,94,32,Primary,NASDAQ,United States
887,ADBE,Adobe Inc,,102591,107389,LC,Tech,,,,USD,258.09,70,9,4.3,11.0,-18,-21,-25,77,-41,13,52,46,-20,-16,Primary,NASDAQ,United States
888,NET,Cloudflare Inc,,99165,98684,LC,Tech,,,,USD,278.49,84,166,39.3,,44,83,29,84,-66,73,345,,64,17,Primary,NYSE,United States
889,LITE,Lumentum Holdings Inc.,,80902,77981,LC,Tech,Optical Interconnect,,,USD,901.92,83,27,25.9,97.4,130,339,60,0,-51,12,20,89,151,57,Primary,NASDAQ,United States
890,BE,Bloom Energy Corporation,,79767,74604,LC,Energy,,,,USD,270.83,77,55,24.0,178.3,171,291,50,-23,-13,-23,284,-25,150,61,Primary,NYSE,United States
891,DDOG,"Datadog, Inc.",,74844,72750,LC,Tech,,,,USD,208.44,71,70,18.3,877.6,58,-5,18,65,-59,81,161,,30,9,Primary,NASDAQ,United States
892,2475.HK,"Luxshare Precision Industry Co., Ltd.",,59016,73800,LC,Tech,Consumer Electronics EMS,,,HKD,59.8,90,13,1.5,20.6,,,,,,,,,,,Primary,HKEX,China
893,COHR,Coherent Corp.,,56652,57095,LC,Tech,Optical Interconnect,,,USD,289.29,66,21,8.0,40.1,43,95,118,24,-49,-10,126,4,92,34,Primary,NYSE,United States
894,ALAB,"Astera Labs, Inc.",,52368,52641,LC,Tech,Semiconductors / Connectivity,,,USD,301.86,60,47,43.8,184.4,70,26,,,,,,,,,Primary,NASDAQ,United States
895,CBRS,Cerebras Systems Inc.,,51161,43466,LC,Tech,,AI Hardware,,USD,215.35,56,169,63.9,,,,,,,,,,,,Primary,NASDAQ,United States
896,HONA,Honeywell Aerospace Inc,,50014,66199,LC,Industrials,Aerospace & Defense,,,USD,157.8,53,17,3.7,18.7,,,,,,,,,,,Primary,NASDAQ,United States
897,CIEN,Ciena Corporation,,46638,46176,LC,Tech,Optical Interconnect,,,USD,328.88,52,28,7.7,45.0,36,176,88,-12,-34,46,24,26,87,41,Primary,NYSE,United States
898,TEAM,Atlassian Corporation,,45917,47983,LC,Tech,,,,USD,181.39,91,27,7.3,110.0,20,-33,2,85,-66,63,94,35,-2,-13,ADR/Cross-listed,NASDAQ,Australia
899,WDAY,"Workday, Inc.",,45207,47554,LC,Tech,,,,USD,187.58,75,14,4.7,30.0,-4,-17,-7,65,-39,14,46,3,-6,-6,Primary,NASDAQ,United States
900,ADSK,Autodesk Inc,,44700,45091,LC,Tech,,,,USD,213.88,65,15,5.8,19.7,-20,0,21,30,-34,-8,66,43,3,-4,Primary,NASDAQ,United States
901,RKLB,"Rocket Lab USA, Inc.",,41216,36282,LC,Tech,Aerospace & Space,,,USD,64.46,43,1450,47.2,,-9,174,361,47,-69,21,,,116,36,Primary,NASDAQ,United States
902,TWLO,Twilio Inc.,,34710,34189,LC,Tech,,,,USD,226.01,87,33,6.1,68.4,69,32,42,55,-81,-22,244,10,54,-8,Primary,NYSE,United States
903,FI,Fiserv Inc.,,34315,,LC,Financials,,,,USD,63.8,,,,,,-68,55,31,-3,,,,-13,,Primary,NYSE,United States
904,CRDO,Credo Technology Group Holding Ltd,,32140,31321,LC,Tech,Semiconductors / Connectivity,,,USD,171.0,55,18,19.7,57.7,14,114,245,46,,,,,114,,Primary,NASDAQ,Cayman Islands
905,RBLX,Roblox Corp,,30940,,LC,Tech,,,,USD,43.31,,,,,-49,40,27,61,-72,,,,13,-13,Primary,NYSE,United States
906,CPRT,Copart Inc.,,30598,27129,LC,Industrials,,,,USD,33.05,67,20,5.8,13.8,-14,-32,17,61,-20,19,40,90,-9,-2,Primary,NASDAQ,United States
907,OKTA,"Okta, Inc.",,29352,27578,LC,Tech,,,,USD,167.9,96,38,9.0,85.9,97,10,-13,32,-70,-12,120,81,26,-9,Primary,NASDAQ,United States
908,MDB,Mongodb Inc,,29161,27348,LC,Tech,,,,USD,362.56,77,47,9.8,1974.0,-8,80,-43,108,-63,47,173,57,-1,-5,Primary,NASDAQ,United States
909,ZM,"Zoom Communications, Inc.",,28202,22377,LC,Tech,,,,USD,96.66,84,15,4.5,16.8,14,6,13,6,-63,-45,396,,11,-20,Primary,NASDAQ,United States
910,ZS,"Zscaler, Inc.",,26505,26081,LC,Tech,,,,USD,162.55,48,29,7.8,594.8,-21,25,-19,98,-65,61,329,19,4,-9,Primary,NASDAQ,United States
911,Q,Qnity Electronics Inc.,,25602,29056,LC,Tech,,,,USD,122.38,69,23,5.6,19.0,45,,,,,,,,,,Primary,NYSE,United States
912,BSP,Bending Spoons S.p.A.,,24774,27912,SMID,Tech,Software / Digital Roll-up,,,USD,39.0,66,20,13.7,29.5,,,,,,,,,,,Primary,NASDAQ,Italy
913,BRO,Brown & Brown Inc.,,23404,31071,SMID,Financials,,,,USD,69.94,72,14,4.7,10.7,-8,-21,44,26,-18,49,21,45,0,5,Primary,NYSE,United States
914,ARXS,"Arxis, Inc.",,23273,23682,SMID,Industrials,Aerospace & Defense Components,,,USD,54.02,88,42,13.4,45.5,,,,,,,,,,,Primary,NASDAQ,United States
915,CYBR,CyberArk Software Ltd,,20638,,SMID,Tech,,,,USD,408.85,,,,,-8,34,52,69,-25,,,,40,,ADR/Cross-listed,NASDAQ,Israel
916,FDXF,FedEx Freight Corporation,,19679,25469,SMID,Industrials,,LTL,,USD,131.62,66,26,2.9,25.8,,,,,,,,,,,Primary,NYSE,United States
917,GEN,Gen Digital Inc,,17997,25990,SMID,Tech,,,,USD,30.07,95,9,5.1,10.8,17,1,22,9,-16,28,44,37,18,5,Primary,NASDAQ,United States
918,PTC,PTC Inc,,16289,,SMID,Tech,,,,USD,141.02,,,,,-14,-5,5,46,-1,1,60,-10,1,2,Primary,NASDAQ,United States
919,INIO,INNIO Group,,15968,17498,SMID,Energy,Power Generation / Gas Engines,,,USD,21.29,50,27,5.7,39.5,,,,,,,,,,,Primary,NASDAQ,Austria
920,FN,Fabrinet,,14951,13728,SMID,Tech,Optical Interconnect,,,USD,417.22,56,19,3.0,25.9,-13,107,16,48,8,53,20,26,35,30,Primary,NYSE,Cayman Islands
921,ULS,UL Solutions Inc.,,14855,14973,SMID,Industrials,,,,USD,73.58,68,28,4.8,20.8,-5,59,,,,,,,,,Primary,NYSE,United States
922,DT,Dynatrace Inc,,14757,14050,SMID,SaaS,,,,USD,50.84,93,22,6.7,48.2,22,-20,-1,43,-37,39,71,,3,-6,Primary,NYSE,United States
923,0625.HK,SHEIN Global Holdings Limited,,14505,21738,SMID,Consumer,E-Commerce,,,HKD,40.46,83,,4.1,96.2,,,,,,,,,,,Primary,HKEX,China
924,TYL,Tyler Technologies Inc,,14397,15393,SMID,Tech,,,,USD,351.55,62,23,6.3,33.6,-16,-21,38,30,-40,23,45,61,-1,-5,Primary,NYSE,United States
925,DOCN,DigitalOcean Holdings Inc,,13773,14435,SMID,SaaS,,,,USD,117.14,62,64,14.3,46.8,127,41,-7,44,-68,,,,60,8,Primary,NYSE,United States
926,CHKP,Check Point Software Technologies Ltd,,13676,13798,SMID,Tech,,,,USD,133.95,64,12,5.0,16.3,-26,-1,22,21,8,-12,20,8,1,2,ADR/Cross-listed,NASDAQ,Israel
927,QNT,Quantinuum Inc.,,13617,2350,SMID,Tech,Quantum Computing,,,USD,51.72,60,,102.3,,,,,,,,,,,,Primary,NASDAQ,United States
928,MAIR,Madison Air Solutions Corporation,,13035,15924,SMID,Tech,,,,USD,25.98,58,20,4.3,18.3,,,,,,,,,,,Primary,NYSE,United States
929,FIG,Figma Inc,,12388,11257,SMID,SaaS,,,,USD,23.24,33,65,8.8,,-33,,,,,,,,,,Primary,NYSE,United States
930,HUBS,"HubSpot, Inc.",,12388,11246,SMID,Tech,,,,USD,242.0,46,15,3.3,71.8,-36,-42,20,101,-56,66,150,26,-23,-18,Primary,NYSE,United States
931,DOCU,Docusign Inc,,12306,12191,SMID,SaaS,,,,USD,65.84,76,13,3.6,27.6,-4,-24,51,7,-64,-31,200,85,8,-27,Primary,NASDAQ,United States
932,PAYP,PayPay Corp,,11867,739159,SMID,Financials,Digital Payments,,,USD,17.53,70,23,1.8,7.3,,,,,,,,,,,ADR/Cross-listed,NASDAQ,Japan
933,MICC,The Magnum Ice Cream Company N.V.,,11633,15138,SMID,Consumer,,,,USD,19.12,92,15,1.9,13.1,25,,,,,,,,,,Primary,NYSE,Netherlands
934,LULU,Lululemon Athletica Inc.,,11279,11890,SMID,Consumer,,,,USD,101.88,45,11,1.1,5.0,-41,-46,-25,60,-18,12,50,91,-33,-21,Primary,NASDAQ,United States
935,SAIL,Sailpoint Inc,,10674,,SMID,Tech,,,,USD,18.82,,,,,-4,,,,,,,,,,Primary,NASDAQ,United States
936,FROG,JFrog Ltd,,10383,9991,SMID,SaaS,,,,USD,84.21,80,74,16.7,,45,112,-15,62,-28,-53,,,45,19,Primary,NASDAQ,United States
937,PAYC,Paycom Software Inc,,10078,11044,SMID,SaaS,,,,USD,223.6,91,16,5.2,15.0,52,-22,0,-33,-25,-8,71,116,-6,-13,Primary,NYSE,United States
938,FPS,"Forgent Power Solutions, Inc.",,9716,8403,SMID,Industrials,Electrical Equipment,,,USD,31.91,48,27,7.0,51.1,,,,,,,,,,,Primary,NYSE,United States
939,CHWY,"Chewy, Inc.",,9521,9690,SMID,Consumer,Animal Health,,,USD,23.26,55,13,0.8,24.3,-28,-1,42,-36,-37,-34,210,,-1,-21,Primary,NYSE,United States
940,AAOI,"Applied Optoelectronics, Inc.",,9274,8725,SMID,Tech,Optical Interconnect,,,USD,109.23,47,24,14.6,,188,-5,91,922,-63,-40,-28,-23,93,67,Primary,NASDAQ,United States
941,PCOR,Procore Technologies Inc,,8528,8227,SMID,SaaS,,,,USD,56.12,68,24,5.8,126.2,-17,-3,8,47,-41,,,,-4,-10,Primary,NYSE,United States
942,PCTY,Paylocity Holding Corp,,8224,7939,SMID,SaaS,,,,USD,148.53,86,15,4.5,18.5,1,-24,21,-15,-18,15,70,101,-9,-11,Primary,NASDAQ,United States
943,TTAN,ServiceTitan Inc,,8090,8017,SMID,SaaS,,,,USD,84.8,71,52,7.9,,-13,4,,,,,,,,,Primary,NASDAQ,United States
944,GTLB,GitLab Inc.,,7998,7091,SMID,Tech,,,,USD,48.0,86,46,6.7,,31,-33,-10,39,-48,,,,0,,Primary,NASDAQ,United States
945,ZETA,Zeta Global Holdings Corp,,7570,7780,SMID,SaaS,,,,USD,30.37,93,25,5.0,67.1,61,13,104,8,-3,,,,62,35,Primary,NYSE,United States
946,S,SentinelOne Inc,,6694,,SMID,Tech,,,,USD,19.88,,,,,32,-32,-19,88,-71,,,,5,-22,Primary,NYSE,United States
947,MBGL,Mobility Global Inc,,6542,7889,SMID,Tech,Information Services / Auto Data,,,USD,20.45,79,13,4.3,11.0,,,,,,,,,,,Primary,NYSE,United States
948,RNG,RingCentral Inc,,6328,,SMID,SaaS,,,,USD,73.39,,,,,166,-18,3,-4,-81,-51,125,105,34,-21,Primary,NYSE,United States
949,QLYS,Qualys Inc,,6045,,SMID,Tech,,,,USD,171.65,,,,,31,-5,-29,75,-18,13,46,12,4,8,Primary,NASDAQ,United States
950,KVYO,Klaviyo Inc,,5381,4580,SMID,SaaS,,,,USD,17.98,50,17,3.3,,-39,-21,48,,,,,,,,Primary,NYSE,United States
951,FRVO,Fervo Energy Co.,,5365,3772,SMID,Energy,Clean Energy / Geothermal,,,USD,18.2,43,,12089.1,,,,,,,,,,,,Primary,NASDAQ,United States
952,XE,"X-Energy, Inc.",,5255,3763,SMID,Energy,Clean Energy / Nuclear SMR,,,USD,18.28,49,,25.0,,,,,,,,,,,,Primary,NASDAQ,United States
953,MWH,"SOLV Energy, Inc.",,5166,3201,SMID,Energy,Renewables (Solar/Storage EPC),,,USD,25.52,53,14,1.0,10.2,,,,,,,,,,,Primary,NASDAQ,United States
954,OCTV,Octave Intelligence plc,,5004,5652,SMID,SaaS,Industrial / Design SaaS,EHS / CAD / ALI,,USD,18.64,62,12,3.5,11.8,,,,,,,,,,,Primary,NASDAQ,Sweden
955,JMKE,Jersey Mike's Subs Inc.,,4892,,SMID,Consumer,Restaurants,,,USD,21.01,84,29,,,,,,,,,,,,,Primary,NYSE,United States
956,MDA,MDA Space Ltd,,4817,,SMID,Industrials,Space Tech / Instrumentation,,,USD,29.72,60,19,,,,,,,,,,,,,ADR/Cross-listed,NYSE,Canada
957,BOX,Box Inc,,4697,5490,SMID,SaaS,,,,USD,34.23,94,20,8.1,,20,-5,23,-18,19,45,8,-1,11,7,Primary,NYSE,United States
958,BILL,BILL Holdings Inc,,4056,4152,SMID,SaaS,,,,USD,47.56,83,11,2.5,41.5,-7,-36,4,-25,-56,83,259,,-24,-30,Primary,NYSE,United States
959,WK,Workiva Inc,,4007,4143,SMID,SaaS,,,,USD,73.63,76,18,4.3,98.6,-9,-21,8,21,-36,42,118,17,-11,-12,Primary,NYSE,United States
960,QTWO,Q2 Holdings Inc,,3874,,SMID,SaaS,,,,USD,62.13,,,,,-11,-28,132,62,-66,-37,56,64,22,-7,Primary,NYSE,United States
961,MNDY,Monday.Com Ltd,,3724,3015,SMID,SaaS,,,,USD,88.09,40,13,2.2,59.3,-34,-37,25,54,-60,,,,-18,-24,ADR/Cross-listed,NASDAQ,Israel
962,TENB,Tenable Holdings Inc,,3689,3896,SMID,Tech,,,,USD,33.49,77,15,3.7,72.5,47,-40,-15,21,-31,5,118,8,-9,-6,Primary,NASDAQ,United States
963,BRZE,Braze Inc,,3442,3295,SMID,SaaS,,,,USD,30.56,82,32,4.2,,-3,-18,-21,95,-65,,,,-11,,Primary,NASDAQ,United States
964,FRPT,"Freshpet, Inc.",,3356,3518,SMID,Consumer,Animal Health,,,USD,69.84,81,36,3.0,18.2,14,-59,71,64,-45,-33,140,84,-3,-12,Primary,NASDAQ,United States
965,FRSH,Freshworks Inc,,3209,2692,SMID,SaaS,,,,USD,12.3,88,15,3.0,46.8,9,-24,-31,60,-44,,,,-16,,Primary,NASDAQ,United States
966,LFTO,"Liftoff Mobile, Inc.",,3107,4279,SMID,Tech,Ad Tech / Mobile Marketing,,,USD,18.35,61,14,5.4,12.3,,,,,,,,,,,Primary,NASDAQ,United States
967,CSQR,Csquare Inc.,,3069,8643,SMID,Tech,Data Center / Digital Infrastructure,,,USD,18.42,78,,8.2,20.4,,,,,,,,,,,Primary,NYSE,United States
968,SPSC,SPS Commerce Inc,,2862,2821,SMID,SaaS,,,,USD,79.5,69,15,3.7,15.4,-6,-52,-5,51,-10,31,96,35,-23,-9,Primary,NASDAQ,United States
969,SSMR,Sunshine Silver Mining & Refining Company,,2555,2220,SMID,Materials,Precious Metals Mining,,,USD,17.78,91,,5218.2,,,,,,,,,,,,Primary,NYSE,United States
970,LIME,"Neutron Holdings, Inc.",,2403,2379,SMID,Industrials,Micromobility,,,USD,37.53,85,26,2.4,13.8,,,,,,,,,,,Primary,NASDAQ,United States
971,NCNO,nCino Inc,,2373,2715,SMID,SaaS,,,,USD,22.44,70,14,4.4,29.6,-8,-24,0,27,-52,-24,,,-11,-21,Primary,NASDAQ,United States
972,FIVN,Five9 Inc,,2372,2675,SMID,SaaS,,,,USD,31.74,90,8,2.2,17.7,70,-51,-48,16,-51,-21,166,50,-22,-27,Primary,NASDAQ,United States
973,RAMP,Liveramp Holdings Inc,,2295,,SMID,SaaS,,,,USD,37.75,,,,,29,-3,-20,62,-51,-34,52,24,6,-6,Primary,NYSE,United States
974,STDN,Standard Nuclear Inc.,,2274,2414,SMID,Energy,Nuclear Fuel (TRISO),,,USD,14.15,82,,320.2,,,,,,,,,,,,Primary,NYSE,United States
975,CENTA,Central Garden & Pet Company,,2235,2671,SMID,Consumer,Animal Health,,,USD,35.7,88,11,0.9,7.9,24,-12,-6,23,-25,32,24,-6,3,2,Primary,NASDAQ,United States
976,AADX,"Applied Aerospace & Defense, Inc.",,2209,2642,SMID,Industrials,Aerospace & Defense Components,,,USD,12.81,53,32,4.6,,,,,,,,,,,,Primary,NYSE,United States
977,DV,DoubleVerify Holdings Inc,,2070,1972,SMID,SaaS,,,,USD,13.36,86,12,2.6,13.7,17,-40,-48,67,-34,,,,-26,-19,Primary,NYSE,United States
978,ALKT,Alkami Technology Inc,,2064,2383,SMID,SaaS,,,,USD,19.3,72,18,4.9,,-13,-37,51,66,-27,,,,3,-8,Primary,NASDAQ,United States
979,BXDC,Blackstone Digital Infrastructure Trust Inc.,,2064,103,SMID,Real Estate,Data Center REIT,Hyperscale,,USD,20.51,90,43,,,,,,,,,,,,,Primary,NYSE,United States
980,ASAN,Asana Inc,,2022,1936,SMID,SaaS,,,,USD,8.83,57,19,2.3,,-26,-32,7,38,-82,152,,,-22,-36,Primary,NYSE,United States
981,2715.HK,Estun Automation Co Ltd,,1966,2176,SMID,Tech,Industrial Robotics / Automation,,,HKD,15.91,61,36,3.5,41.9,,,,,,,,,,,ADR/Cross-listed,HKEX,China
982,BL,Blackline Inc,,1863,2089,SMID,SaaS,,,,USD,32.05,54,12,2.9,32.4,-40,-9,-3,-7,-35,-22,159,26,-17,-22,Primary,NASDAQ,United States
983,HAWK,"HawkEye 360, Inc.",,1714,1214,SMID,Industrials,Space Tech / Instrumentation,RF SIGINT,,USD,17.5,49,107,7.2,227.8,,,,,,,,,,,Primary,NYSE,United States
984,AMPL,Amplitude Inc,,1673,1496,SMID,SaaS,,,,USD,12.62,85,73,4.0,,17,10,-17,5,-77,,,,4,,Primary,NASDAQ,United States
985,EVCM,EverCommerce Inc,,1371,1799,SMID,SaaS,,,,USD,7.76,54,10,3.0,14.6,-35,10,0,48,-53,,,,-9,-18,Primary,NASDAQ,United States
986,BAND,Bandwidth Inc,,1360,1789,SMID,SaaS,,,,USD,42.25,53,22,2.2,44.2,205,-9,18,-37,-68,-53,140,57,48,-15,Primary,NASDAQ,United States
987,CXM,Sprinklr Inc,,1307,961,SMID,SaaS,,,,USD,5.63,68,11,1.1,18.8,-20,-8,-30,47,-49,,,,-26,-17,Primary,NYSE,United States
988,YSS,York Space Systems Inc,,1213,874,SMID,Tech,Space / Satellite Manufacturing,,,USD,8.83,20,,2.2,,,,,,,,,,,,Primary,NYSE,United States
989,TRUP,"Trupanion, Inc.",,1173,928,SMID,Consumer,Animal Health,,,USD,26.9,57,6,0.6,22.8,-23,-22,58,-36,-64,10,220,47,-1,-21,Primary,NASDAQ,United States
990,CMP,"Compass Minerals International, Inc.",,1088,1781,SMID,Materials,,,,USD,25.92,75,20,1.4,8.0,,,,,,,,,,,Primary,NYSE,United States
991,PD,Pagerduty Inc,,1038,1018,SMID,SaaS,,,,USD,13.2,76,9,2.1,22.2,8,-28,-21,-13,-24,-17,78,,-16,-22,Primary,NYSE,United States
992,DSP,Viant Technology Inc,,902,323,SMID,SaaS,,,,USD,13.54,91,17,0.8,10.8,12,-37,176,71,-59,,,,26,-1,Primary,NASDAQ,United States
993,WOOF,"Petco Health and Wellness Company, Inc.",,849,3301,SMID,Consumer,Animal Health,,,USD,2.62,66,10,0.6,9.9,-10,-26,21,-67,-52,,,,-21,-35,Primary,NASDAQ,United States
994,SMWB,Similarweb Ltd,,774,,SMID,SaaS,,,,USD,8.84,,,,,19,-47,166,-17,-64,,,,10,-16,ADR/Cross-listed,NYSE,Israel
995,SPT,Sprout Social Inc,,664,614,SMID,SaaS,,,,USD,10.96,71,7,1.3,,1,-63,-50,9,-38,100,183,,-40,-38,Primary,NASDAQ,United States
996,YEXT,Yext Inc,,622,779,SMID,SaaS,,,,USD,6.28,70,8,1.8,19.6,-20,27,8,-10,-34,-37,9,-3,-11,-13,Primary,NYSE,United States
997,VTEX,VTEX,,591,418,SMID,SaaS,,,,USD,3.58,76,13,1.7,12.3,-4,-36,-14,83,-65,,,,-16,-33,ADR/Cross-listed,NYSE,Cayman Islands
998,BLND,Blend Labs Inc,,355,491,SMID,SaaS,,,,USD,1.5,33,25,3.8,,-50,-28,65,77,-80,,,,10,-39,Primary,NYSE,United States
999,LAW,CS Disco Inc,,266,180,SMID,SaaS,,,,USD,4.14,45,,1.1,,-44,56,-34,20,-82,,,,-23,-41,Primary,NYSE,United States
1000,KLTR,Kaltura Inc,,227,243,SMID,SaaS,,,,USD,1.49,72,30,1.3,36.7,-7,-25,13,13,-49,,,,-7,-35,Primary,NASDAQ,United States
1001,EXFY,Expensify Inc,,217,157,SMID,SaaS,,,,USD,2.38,85,24,1.1,,61,-55,36,-72,-80,,,,-18,,Primary,NASDAQ,United States
1002,DOMO,Domo Inc,,178,304,SMID,SaaS,,,,USD,3.78,20,35,1.0,,-55,19,-31,-28,-71,-22,194,11,-30,-46,Primary,NASDAQ,United States
1003,TRAK,Repositrak Inc,,144,118,SMID,SaaS,,,,USD,7.95,44,20,5.0,14.4,-36,-44,122,104,-14,21,-5,-15,-2,8,Primary,NYSE,United States
1004,SNCR,"Synchronoss Technologies, Inc.",,104,,SMID,SaaS,,,,USD,9.0,,,,,5,-11,55,12,-75,,,,-3,,Primary,NASDAQ,United States
1005,SAAS,Microlise Group PLC,,79,,SMID,SaaS,,,,GBp,50.0,,,,,-46,-3,-5,-23,-35,,,,-24,-25,Primary,LSE,United Kingdom
1006,CVT,Comvita Ltd,,61,71,SMID,SaaS,,,,NZD,0.8,95,10,0.6,8.5,64,-36,-65,-29,-5,14,5,-33,-36,-25,Primary,NZX,New Zealand
1007,PETS,"PetMed Express, Inc.",,39,25,SMID,Consumer,Animal Health,,,USD,1.81,44,,0.2,,-42,-34,-36,-55,-26,-18,41,7,-46,-40,Primary,NASDAQ,United States
1008,LPSN,LivePerson Inc,,38,340,SMID,SaaS,,,,USD,3.1,20,,1.5,264.5,-20,-83,-60,-63,-72,-43,68,96,-63,-69,Primary,NASDAQ,United States
1009,UPLD,Upland Software Inc,,11,338,SMID,SaaS,,,,USD,3.76,14,1,1.7,6.6,-72,-67,3,-41,-60,-61,29,31,-52,-60,Primary,NASDAQ,United States
