Ticker,Exchange,Exchange Code,Exchange Full Name,Listing Type,Other Listings,Year Listed,ISIN,FIGI,Composite FIGI,Share Class FIGI,CIK,Company Name,Country (HQ),Country (Listing),Country (ISO),Currency,Website,YF Sector,YF Industry,Sector (JP),Subsector (JP),Instrument Type,IPO Date,Est Lockup 90d,Est Lockup 180d,LEI,Sub-subsector (JP),Core
000100.KS,KRX,KSC,KSE,Primary,,,KR7000100008,BBG000BDQQP5,BBG000BDQQP5,BBG001S6JYV4,,Yuhan Corporation,South Korea,South Korea,KOR,KRW,https://www.yuhan.co.kr,Healthcare,Drug Manufacturers - Specialty & Generic,Biopharma,Specialty & Generic Pharma,Ordinary Share,,,,,,
000661.SZ,SZSE,SHZ,Shenzhen,Primary,,,,,,,,"Changchun High-Tech Industry (Group) Co., Ltd.",China,China,CHN,CNY,https://ccht.jl.cn,Healthcare,Drug Manufacturers - Specialty & Generic,Biopharma,Specialty & Generic Pharma,Ordinary Share,,,,,,
000963.SZ,SZSE,SHZ,Shenzhen,Primary,,,CNE0000011S1,,,,,"Huadong Medicine Co., Ltd",China,China,CHN,CNY,https://www.eastchinapharm.com,Healthcare,Drug Manufacturers - Specialty & Generic,Biopharma,Specialty & Generic Pharma,Ordinary Share,,,,,,
002007.SZ,SZSE,SHZ,Shenzhen,Primary,,2004,,,,,,Hualan Biological Engineering Inc.,China,China,CHN,CNY,https://www.hualanbio.com,Healthcare,Biotechnology,Biopharma,Biotech,Ordinary Share,,,,,,
008930.KS,KRX,KSC,KSE,Primary,,2005,KR7008930000,BBG000BDVBT8,BBG000BDVBT8,BBG001S6K527,,"Hanmi Science Co., Ltd.",South Korea,South Korea,KOR,KRW,https://www.hanmiscience.co.kr,Healthcare,Medical Distribution,Biopharma,,Ordinary Share,,,,,,
019170.KS,KRX,KSC,KSE,Primary,,,,BBG000BG62G3,BBG000BG62G3,BBG001S71TG9,,"Shinpoong Pharmaceutical Co.,Ltd",South Korea,South Korea,KOR,KRW,https://shinpoong.co.kr,Healthcare,Drug Manufacturers - Specialty & Generic,Biopharma,Specialty & Generic Pharma,Ordinary Share,,,,,,
068270.KS,KRX,KSC,KSE,Primary,,2005,KR7068270008,BBG000F7P1Y0,BBG000F7P1Y0,BBG001SNFZR3,,"Celltrion, Inc.",South Korea,South Korea,KOR,KRW,https://www.celltrion.com,Healthcare,Biotechnology,Biopharma,Biotech,Ordinary Share,,,,988400JFZG785WJX3D68,,
1093.HK,HKEX,HKG,HKSE,ADR/Cross-listed,Primary listing likely in China,2003,HK1093012172,BBG000C3N3B5,BBG000C3N1Z3,BBG001S7QWD8,,CSPC Pharmaceutical Group Limited,China,Hong Kong,CHN,HKD,https://www.cspc.com.hk,Healthcare,Drug Manufacturers - General,Biopharma,Large Pharma,Ordinary Share,,,,,,
1801.HK,HKEX,HKG,HKSE,ADR/Cross-listed,Primary listing likely in China,2018,KYG4818G1010,BBG00M8832B5,BBG00M883298,BBG00M8832C4,,"Innovent Biologics, Inc.",China,Hong Kong,CHN,HKD,https://www.innoventbio.com,Healthcare,Biotechnology,Biopharma,Biotech,Ordinary Share,,,,25490058ONL9SCIE1R22,,
196170.KQ,KOSDAQ,KOE,KOSDAQ,Primary,,2014,KR7196170005,BBG007H0XZW6,BBG007H0XZW6,BBG007H0Y007,,ALTEOGEN Inc.,South Korea,South Korea,KOR,KRW,https://www.alteogen.com,Healthcare,Biotechnology,Biopharma,Biotech,Ordinary Share,,,,,,
1SXP.DE,XETRA,GER,XETRA,Primary,,2023,,BBG01JFK5NQ2,BBG01JFK07F4,BBG01JFK07G3,,SCHOTT Pharma AG & Co. KGaA,Germany,Germany,DEU,EUR,https://www.schott-pharma.com,Healthcare,Medical Instruments & Supplies,MedTech,Packaging,Ordinary Share,,,,,,Y
2070.SR,Tadawul,SAU,Saudi,Primary,,2010,SA0007879188,,,,,Saudi Pharmaceutical Industries and Medical Appliances Corporation,Saudi Arabia,Saudi Arabia,SAU,SAR,https://www.spimaco.com.sa,Healthcare,Drug Manufacturers - Specialty & Generic,Biopharma,Specialty & Generic Pharma,Ordinary Share,,,,,,
207940,KRX,KSC,KSE,Primary,,2016,,BBG0060N9DS7,BBG0060N9DS7,BBG0060N9DT6,,Samsung Biologics Co Ltd,South Korea,South Korea,KOR,KRW,https://samsungbiologics.com,Healthcare,Biotechnology,Biopharma,,,,,,,,Y
2269.HK,HKEX,HKG,HKSE,ADR/Cross-listed,Primary listing likely in China,2017,KYG970081173,BBG00GTY47H0,BBG00GTY47G1,BBG00GTY47J8,,WuXi Biologics (Cayman) Inc.,China,Hong Kong,CHN,HKD,https://www.wuxibiologics.com,Healthcare,Biotechnology,Biopharma,Biotech,Ordinary Share,,,,5493001TD2TH6VDTJU11,,
2359.HK,HKEX,HKG,HKSE,ADR/Cross-listed,Primary listing likely in China,2018,CNE1000031K4,BBG00MP10H94,BBG00MP10H85,BBG00MP10HC0,,WUXI Apptech,China,Hong Kong,CHN,HKD,https://www.wuxiapptec.com,Healthcare,Diagnostics & Research,Biopharma,,Ordinary Share,,,,,,Y
2715.HK,HKEX,HKG,HKSE,ADR/Cross-listed,Primary listing likely in China,2026,CNE100007F15,BBG020NTCTR2,BBG020NTCTP4,BBG020NTCV15,,Estun Automation Co Ltd,China,Hong Kong,CHN,HKD,https://www.estun.com,Technology,Communication Equipment,Tech,Industrial Robotics / Automation,Ordinary Share,,,,,,
300122.SZ,SZSE,SHZ,Shenzhen,Primary,,2010,,,,,,"Chongqing Zhifei Biological Products Co., Ltd.",China,China,CHN,CNY,https://www.zhifeishengwu.com,Healthcare,Biotechnology,Biopharma,Biotech,Ordinary Share,,,,,,
300765.SZ,SZSE,SHZ,Shenzhen,Primary,,2019,CNE100003K04,,,,,"CSPC Innovation Pharmaceutical Co., Ltd.",China,China,CHN,CNY,https://www.xnwpharma.net,Consumer Defensive,Packaged Foods,Biopharma,,Ordinary Share,,,,,,
3320.HK,HKEX,HKG,HKSE,Primary,,2016,,BBG00DZWSDQ5,BBG005HGTSM7,BBG005HGTSN6,,China Resources Pharmaceutical Group Limited,Hong Kong,Hong Kong,HKG,HKD,https://www.crpharm.com,Healthcare,Drug Manufacturers - Specialty & Generic,Biopharma,Specialty & Generic Pharma,Ordinary Share,,,,,,
3692.HK,HKEX,HKG,HKSE,ADR/Cross-listed,Primary listing likely in China,2019,KYG549581067,BBG00P78Y7N1,BBG00P78Y7M2,BBG00P78Y7P9,,Hansoh Pharmaceutical Group Company Limited,China,Hong Kong,CHN,HKD,https://www.hspharm.com,Healthcare,Drug Manufacturers - Specialty & Generic,Biopharma,Specialty & Generic Pharma,Ordinary Share,,,,254900Q6MR00EBXTPF42,,
4015.SR,Tadawul,SAU,Saudi,Primary,,2023,SA15QGU1UNH6,,,,,Jamjoom Pharmaceuticals Factory Company,Saudi Arabia,Saudi Arabia,SAU,SAR,https://www.jamjoompharma.com,Healthcare,Drug Manufacturers - Specialty & Generic,Biopharma,Specialty & Generic Pharma,Ordinary Share,,,,,,
4016.SR,Tadawul,SAU,Saudi,Primary,,2024,SA160G51UO10,,,,,Middle East Pharmaceutical Industries Company,Saudi Arabia,Saudi Arabia,SAU,SAR,https://www.avalonpharmaceutical.com,Healthcare,Drug Manufacturers - Specialty & Generic,Biopharma,Specialty & Generic Pharma,Ordinary Share,,,,,,
4503.T,TSE,JPX,Tokyo,Primary,,,JP3942400007,BBG000BCLDW3,BBG000BCLDW3,BBG001S6B9T0,,Astellas Pharma Inc.,Japan,Japan,JPN,JPY,https://www.astellas.com,Healthcare,Drug Manufacturers - General,Biopharma,Large Pharma,Ordinary Share,,,,529900IB708DY2HBBB35,,
4506.T,TSE,JPX,Tokyo,Primary,,,JP3495000006,BBG000BG65R4,BBG000BG65R4,BBG001S6BB33,,"Sumitomo Pharma Co., Ltd.",Japan,Japan,JPN,JPY,https://www.sumitomo-pharma.com,Healthcare,Drug Manufacturers - Specialty & Generic,Biopharma,Specialty & Generic Pharma,Ordinary Share,,,,529900D60UKVYLJ2OJ79,,
4507.T,TSE,JPX,Tokyo,Primary,,,,BBG000BJQ7X5,BBG000BJQ7X5,BBG001S6CCT2,,"Shionogi & Co., Ltd.",Japan,Japan,JPN,JPY,https://www.shionogi.com,Healthcare,Drug Manufacturers - Specialty & Generic,Biopharma,Specialty & Generic Pharma,Ordinary Share,,,,,,
4516.T,TSE,JPX,Tokyo,Primary,,,JP3717600005,BBG000BJV019,BBG000BJV019,BBG001S6CF42,,"Nippon Shinyaku Co., Ltd.",Japan,Japan,JPN,JPY,https://www.nippon-shinyaku.co.jp,Healthcare,Drug Manufacturers - Specialty & Generic,Biopharma,Specialty & Generic Pharma,Ordinary Share,,,,,,
4519,TSE,JPX,Tokyo,Primary,,,US45809L3666,BBG000BJVLC1,BBG000BJVLC1,BBG001S6CF60,,Chugai,Japan,Japan,JPN,JPY,https://www.chugai-pharm.co.jp,Healthcare,Drug Manufacturers - General,Biopharma,,,,,,,,Y
4527.T,TSE,JPX,Tokyo,Primary,,,JP3982400008,BBG000BJXVQ2,BBG000BJXVQ2,BBG001S6CFN1,,"Rohto Pharmaceutical Co.,Ltd.",Japan,Japan,JPN,JPY,https://www.rohto.co.jp,Consumer Defensive,Household & Personal Products,Biopharma,,Ordinary Share,,,,353800Q1CW5OS81OUM12,,
4528.T,TSE,JPX,Tokyo,Primary,,,JP3197600004,BBG000BJY392,BBG000BJY392,BBG001S6CFP9,,"Ono Pharmaceutical Co., Ltd.",Japan,Japan,JPN,JPY,https://www.ono-pharma.com,Healthcare,Drug Manufacturers - General,Biopharma,Large Pharma,Ordinary Share,,,,,,
4534.T,TSE,JPX,Tokyo,Primary,,,JP3922800002,BBG000BJYBV9,BBG000BJYBV9,BBG001S6CFS6,,"Mochida Pharmaceutical Co., Ltd.",Japan,Japan,JPN,JPY,https://www.mochida.co.jp,Healthcare,Drug Manufacturers - Specialty & Generic,Biopharma,Specialty & Generic Pharma,Ordinary Share,,,,3538008YGVRYRM8B7Q95,,
4536.T,TSE,JPX,Tokyo,Primary,,,JP3336000009,BBG000BJYV90,BBG000BJYV90,BBG001S6CFW1,,"Santen Pharmaceutical Co., Ltd.",Japan,Japan,JPN,JPY,https://www.santen.com/en,Healthcare,Drug Manufacturers - General,Biopharma,Large Pharma,Ordinary Share,,,,529900TPT3I7C17MIM03,,
4547.T,TSE,JPX,Tokyo,Primary,,,JP3240600001,BBG000BJSCQ0,BBG000BJSCQ0,BBG001S6CDR2,,"Kissei Pharmaceutical Co., Ltd.",Japan,Japan,JPN,JPY,https://www.kissei.co.jp,Healthcare,Drug Manufacturers - Specialty & Generic,Biopharma,Specialty & Generic Pharma,Ordinary Share,,,,,,
4552.T,TSE,JPX,Tokyo,Primary,,2005,,BBG000BBW827,BBG000BBW827,BBG001S5QZ36,,"JCR Pharmaceuticals Co., Ltd.",Japan,Japan,JPN,JPY,https://www.jcrpharm.co.jp,Healthcare,Drug Manufacturers - General,Biopharma,Large Pharma,Ordinary Share,,,,,,
4553.T,TSE,JPX,Tokyo,Primary,,2004,JP3623150004,BBG000D9DC59,BBG000D9DC59,BBG001S86F81,,"Towa Pharmaceutical Co., Ltd.",Japan,Japan,JPN,JPY,https://www.towayakuhin.co.jp,Healthcare,Drug Manufacturers - Specialty & Generic,Biopharma,Specialty & Generic Pharma,Ordinary Share,,,,35380036BH1C3PNO2426,,
4559.T,TSE,JPX,Tokyo,Primary,,,JP3428850006,BBG000C1WWD3,BBG000C1WWD3,BBG001SC6ZC3,,"Zeria Pharmaceutical Co., Ltd.",Japan,Japan,JPN,JPY,https://www.zeria.co.jp,Healthcare,Drug Manufacturers - Specialty & Generic,Biopharma,Specialty & Generic Pharma,Ordinary Share,,,,,,
4565.T,TSE,JPX,Tokyo,Primary,,2004,JP3431300007,BBG000Q25Y88,BBG000Q25Y88,BBG001SDCZZ9,,"Nxera Pharma Co., Ltd.",Japan,Japan,JPN,JPY,https://www.nxera.life,Healthcare,Biotechnology,Biopharma,Biotech,Ordinary Share,,,,2138004M62BFNJMR2Z82,,
4568.T,TSE,JPX,Tokyo,Primary,,,JP3475350009,BBG000BWPLT1,BBG000BWPLT1,BBG001SJB4R5,,"Daiichi Sankyo Company, Limited",Japan,Japan,JPN,JPY,https://www.daiichisankyo.com,Healthcare,Drug Manufacturers - General,Biopharma,Large Pharma,Ordinary Share,,,,353800XGIU2IHQGC9504,,
4569.T,TSE,JPX,Tokyo,Primary,,,JP3247090008,BBG000N1VD71,BBG000N1VD71,BBG001SQH8Q5,,"KYORIN Pharmaceutical Co., Ltd.",Japan,Japan,JPN,JPY,https://www.kyorin-pharm.co.jp,Healthcare,Drug Manufacturers - Specialty & Generic,Biopharma,Specialty & Generic Pharma,Ordinary Share,,,,,,
4578.T,TSE,JPX,Tokyo,Primary,,2010,JP3188220002,BBG000DZLC98,BBG000DZLC98,BBG001T24KW7,,OTSUKA HLDGS CO LTD,Japan,Japan,JPN,JPY,https://www.otsuka.com,Healthcare,Drug Manufacturers - General,Biopharma,Large Pharma,Ordinary Share,,,,,,
4587.T,TSE,JPX,Tokyo,Primary,,2013,JP3836750004,BBG004JMYDG9,BBG004JMYDG9,BBG004JMYDZ8,,PeptiDream Inc.,Japan,Japan,JPN,JPY,https://www.peptidream.com,Healthcare,Biotechnology,Biopharma,Biotech,Ordinary Share,,,,,,
4967.T,TSE,JPX,Tokyo,Primary,,,JP3301100008,BBG000BSYLZ3,BBG000BSYLZ3,BBG001SCL5Z7,,"Kobayashi Pharmaceutical Co., Ltd.",Japan,Japan,JPN,JPY,https://www.kobayashi.co.jp,Consumer Defensive,Household & Personal Products,Biopharma,,Ordinary Share,,,,529900WBSL04KD6TKP95,,
600085.SS,SSE,SHH,Shanghai,Primary,,,,BBG000BX1SQ3,BBG000BX1SQ3,BBG001SB28X6,,"Beijing Tongrentang Co., Ltd",China,China,CHN,CNY,https://gf.tongrentang.com,Healthcare,Drug Manufacturers - Specialty & Generic,Biopharma,Specialty & Generic Pharma,Ordinary Share,,,,,,
600161.SS,SSE,SHH,Shanghai,Primary,,,CNE000000WF9,BBG000BDW9H5,BBG000BDW9H5,BBG001S6SRP6,,"Beijing Tiantan Biological Products Co., Ltd.",China,China,CHN,CNY,https://www.tiantanbio.com,Healthcare,Biotechnology,Biopharma,Biotech,Ordinary Share,,,,,,
600196.SS,SSE,SHH,Shanghai,Primary,,,,BBG000C4SR52,BBG000C4SR52,BBG001SBZ6T9,,"Shanghai Fosun Pharmaceutical (Group) Co., Ltd.",China,China,CHN,CNY,https://www.fosunpharma.com,Healthcare,Drug Manufacturers - Specialty & Generic,Biopharma,Specialty & Generic Pharma,Ordinary Share,,,,,,
600276.SS,SSE,SHH,Shanghai,Primary,,,,BBG000CHFDJ3,BBG000CHFDJ3,BBG001SG7CK5,,Jiangsu Hengrui Pharmaceuticals Co Ltd,China,China,CHN,CNY,https://www.hengrui.com,Healthcare,Drug Manufacturers - Specialty & Generic,Biopharma,Specialty & Generic Pharma,Ordinary Share,,,,,,Y
6446.TW,TWSE,TAI,Taiwan,Primary,,2014,TW0006446008,BBG0063GF1Z0,BBG0063GF1Y1,BBG0063GF1X2,,PharmaEssentia Corporation,Taiwan,Taiwan,TWN,TWD,https://www.pharmaessentia.com,Healthcare,Drug Manufacturers - Specialty & Generic,Biopharma,Specialty & Generic Pharma,Ordinary Share,,,,,,
6472.TW,TWSE,TAI,Taiwan,Primary,,2014,TW0006472004,BBG0076JFSD4,BBG0076JFSB6,BBG0076JFSC5,,"Bora Pharmaceuticals Co., Ltd.",Taiwan,Taiwan,TWN,TWD,https://www.bora-corp.com,Healthcare,Drug Manufacturers - Specialty & Generic,Biopharma,Specialty & Generic Pharma,Ordinary Share,,,,254900MK7O5C2UX1SY03,,
688506.SS,SSE,SHH,Shanghai,Primary,,2023,CNE100006FN4,BBG006R0DCY8,BBG006R0DCY8,BBG006R0DCZ7,,"Sichuan Biokin Pharmaceutical Co.,Ltd.",China,China,CHN,CNY,https://www.baili-pharm.com,Healthcare,Drug Manufacturers - Specialty & Generic,Biopharma,Specialty & Generic Pharma,Ordinary Share,,,,,,
688578.SS,SSE,SHH,Shanghai,Primary,,2020,CNE100005XJ7,BBG007J38S89,BBG007J38S89,BBG007J38S98,,"Shanghai Allist Pharmaceuticals Co., Ltd.",China,China,CHN,CNY,https://www.allist.com.cn,Healthcare,Biotechnology,Biopharma,Biotech,Ordinary Share,,,,,,
6919.TW,TWSE,TAI,Taiwan,Primary,,2022,TW0006919004,BBG01C1NTWH0,BBG01C1NTWG1,BBG01C1NTWK6,,CALIWAY BIOPHARMACEUTICALS CO L,Taiwan,Taiwan,TWN,TWD,https://www.caliway.com.tw,Healthcare,Biotechnology,Biopharma,Biotech,Ordinary Share,,,,984500D2D587B98A7B13,,
8086.T,TSE,JPX,Tokyo,Primary,,,JP3673600007,BBG000BFKHY6,BBG000BFKHY6,BBG001S67K47,,Nipro Corporation,Japan,Japan,JPN,JPY,https://www.nipro.co.jp,Healthcare,Medical Instruments & Supplies,MedTech,Diversified MedTech,Ordinary Share,,,,353800AKDDNW0E810O26,,
9926.HK,HKEX,HKG,HKSE,ADR/Cross-listed,Primary listing likely in China,2020,KYG0146B1032,BBG00T5THBS4,BBG00T5THBN9,BBG00T5THCR3,,"Akeso, Inc.",China,Hong Kong,CHN,HKD,https://www.akesobio.com,Healthcare,Biotechnology,Biopharma,Biotech,Ordinary Share,,,,254900ECWYGR3QW5GF30,,
A,NYSE,NYQ,NYSE,Primary,,,US00846U1016,BBG000C2V3D6,BBG000C2V3D6,BBG001SCTQY4,1090872,"Agilent Technologies, Inc.",United States,United States,USA,USD,https://www.agilent.com,Healthcare,Diagnostics & Research,MedTech,Life Science Tools,Ordinary Share,,,,QUIX8Y7A2WP0XRMW7G29,,Y
AAPL,NASDAQ,NMS,NasdaqGS,Primary,,,US0378331005,BBG000B9XRY4,BBG000B9XRY4,BBG001S5N8V8,320193,Apple Inc.,United States,United States,USA,USD,https://www.apple.com,Technology,Consumer Electronics,Tech,,Ordinary Share,,,,HWUPKR0MPOU8FGXBT394,,Y
AARD,NASDAQ,NMS,NasdaqGS,Primary,,2025,US0029421007,BBG01223DLB2,BBG01223DLB2,BBG01223DLC1,1774857,Aardvark Therapeutics Inc,United States,United States,USA,USD,https://aardvarktherapeutics.com,Healthcare,Biotechnology,Biopharma,Biotech,Ordinary Share,2025-02-12,2025-05-13,2025-08-11,,,
AARTIDRUGS.NS,NSE,NSI,NSE,Primary,,2003,,,,,,Aarti Drugs Limited,India,India,IND,INR,https://www.aartidrugs.co.in,Healthcare,Drug Manufacturers - Specialty & Generic,Biopharma,Specialty & Generic Pharma,Ordinary Share,,,,,,
ABBOTINDIA.NS,NSE,NSI,NSE,Primary,,2002,,,,,,Abbott India Limited,India,India,IND,INR,https://www.abbott.co.in,Healthcare,Drug Manufacturers - Specialty & Generic,Biopharma,Specialty & Generic Pharma,Ordinary Share,,,,,,
ABBV,NYSE,NYQ,NYSE,Primary,,2013,US00287Y1091,BBG0025Y4RY4,BBG0025Y4RY4,BBG0025Y4RZ3,1551152,AbbVie Common Stock,United States,United States,USA,USD,https://www.abbvie.com,Healthcare,Drug Manufacturers - General,Biopharma,Large Pharma,Ordinary Share,,,,FR5LCKFTG8054YNNRU85,,Y
ABCL,NASDAQ,NMS,NasdaqGS,ADR/Cross-listed,Primary listing likely in Canada,2020,CA00288U1066,BBG00LLW2MF2,BBG00LLW2MF2,BBG00LLW2MH0,1703057,AbCellera Biologics Inc,Canada,United States,CAN,USD,https://www.abcellera.com,Healthcare,Biotechnology,Biopharma,Biotech,Ordinary Share,,,,,,
ABEO,NASDAQ,NCM,NasdaqCM,Primary,,,US00289Y2063,BBG000DT5D52,BBG000DT5D52,BBG001S8T7K0,318306,Abeona Therapeutics Inc,United States,United States,USA,USD,https://www.abeonatherapeutics.com,Healthcare,Biotechnology,Biopharma,Biotech,Ordinary Share,,,,54930002Z8PIJRCB4576,,
ABOS,NASDAQ,NMS,NasdaqGS,Primary,,2021,US00509G2093,BBG0058YJ317,BBG0058YJ317,BBG0058YJ326,1576885,Acumen Pharmaceuticals Inc,United States,United States,USA,USD,https://acumenpharm.com,Healthcare,Biotechnology,Biopharma,Biotech,Ordinary Share,,,,,,
ABSI,NASDAQ,NMS,NasdaqGS,Primary,,2021,US00091E1091,BBG011N54CJ8,BBG011N54CJ8,BBG011N54DC3,1672688,Absci Corp,United States,United States,USA,USD,https://www.absci.com,Healthcare,Biotechnology,Biopharma,Biotech,Ordinary Share,,,,,,
ABT,NYSE,NYQ,NYSE,Primary,,,US0028241000,BBG000B9ZXB4,BBG000B9ZXB4,BBG001S5N9M6,1800,Abbott Laboratories,United States,United States,USA,USD,https://www.abbott.com,Healthcare,Medical Devices,MedTech,Diversified MedTech,Ordinary Share,,,,HQD377W2YR662HK5JX27,,Y
ABUS,NASDAQ,NMS,NasdaqGS,Primary,,2007,,BBG000RR8V85,BBG000RR8V85,BBG001S6RSK0,1447028,Arbutus Biopharma Corp,United States,United States,USA,USD,https://www.arbutusbio.com,Healthcare,Biotechnology,Biopharma,Biotech,Ordinary Share,,,,,,
ACAD,NASDAQ,NMS,NasdaqGS,Primary,,2004,US0042251084,BBG000BHG9K0,BBG000BHG9K0,BBG001SB06N3,1070494,ACADIA Pharmaceuticals Inc,United States,United States,USA,USD,https://www.acadia.com,Healthcare,Biotechnology,Biopharma,Biotech,Ordinary Share,,,,529900O3044NO0PEA039,,
ACET,NASDAQ,NCM,NasdaqCM,Primary,,2018,US0070021086,BBG00JCXSJP3,BBG00JCXSJP3,BBG00JCXSJQ2,1720580,Adicet Bio Inc,United States,United States,USA,USD,https://www.adicetbio.com,Healthcare,Biotechnology,Biopharma,Biotech,Ordinary Share,,,,,,
ACHC,NASDAQ,NMS,NasdaqGS,Primary,,,,BBG000FPNN38,BBG000FPNN38,BBG001SNNWL7,1520697,Acadia Healthcare Company Inc,United States,United States,USA,USD,https://www.acadiahealthcare.com,Healthcare,Medical Care Facilities,Healthcare Services,BH - Facilities,Ordinary Share,,,,,,Y
ACHV,NASDAQ,NCM,NasdaqCM,Primary,,,US0044685008,BBG000FB8S62,BBG000FB8S62,BBG001S8JF14,949858,Achieve Life Sciences Inc,United States,United States,USA,USD,https://www.achievelifesciences.com,Healthcare,Biotechnology,Biopharma,Biotech,Ordinary Share,,,,549300V82ZKZDTAU0A46,,
ACIU,NASDAQ,NGM,NasdaqGM,ADR/Cross-listed,Primary listing likely in Switzerland,2016,CH0329023102,BBG00D0RHJ38,BBG00D0RHJ38,BBG00D0RHJ65,1651625,AC Immune SA,Switzerland,United States,CHE,USD,https://www.acimmune.com,Healthcare,Biotechnology,Biopharma,Biotech,Ordinary Share,,,,967600VLQ0ZC2HSOG765,,
ACRS,NASDAQ,NMS,NasdaqGS,Primary,,2015,US00461U1051,BBG003LF0QR9,BBG003LF0QR9,BBG003LF0QS8,1557746,Aclaris Therapeutics Inc,United States,United States,USA,USD,https://www.aclaristx.com,Healthcare,Biotechnology,Biopharma,Biotech,Ordinary Share,,,,5493000B2LQ9QTW1DF52,,
ACRV,NASDAQ,NGM,NasdaqGM,Primary,,2022,US0048901096,BBG011RWR2Q4,BBG011RWR2Q4,BBG011RWR2R3,1781174,Acrivon Therapeutics Inc,United States,United States,USA,USD,https://acrivon.com,Healthcare,Biotechnology,Biopharma,Biotech,Ordinary Share,,,,,,
ACVA,NYSE,NYQ,NYSE,Primary,,2021,US00091G1040,BBG00G5JGQ66,BBG00G5JGQ66,BBG00G5JGQ75,1637873,ACV Auctions Inc,United States,United States,USA,USD,https://www.acvauto.com,Consumer Cyclical,Auto & Truck Dealerships,Consumer,,Ordinary Share,,,,,,Y
ADAG,NASDAQ,NGM,NasdaqGM,ADR/Cross-listed,Primary listing likely in China,2021,US0053291078,BBG00YZ6BYJ6,BBG00YZ6BYJ6,BBG00YZ6BZC0,1818838,Adagene Inc,China,United States,CHN,USD,https://www.adagene.com,Healthcare,Biotechnology,Biopharma,Biotech,Depositary Receipt,,,,875500IY38EWGFPSEV72,,
ADAPY,OTC,PNK,OTC Markets OTCPK,ADR/Cross-listed,Primary listing likely in United Kingdom,2015,US00653A1079,BBG008G65WC2,BBG008G65WC2,BBG008G65WD1,1621227,Adaptimmune Therapeutics PLC,United Kingdom,United States,USA,USD,https://www.adaptimmune.com,Healthcare,Biotechnology,Biopharma,,Depositary Receipt,,,,549300UUNWK8TRT5EW12,,
ADBE,NASDAQ,NMS,NasdaqGS,Primary,,,US00724F1012,BBG000BB5006,BBG000BB5006,BBG001S5NCQ5,796343,Adobe Inc,United States,United States,USA,USD,https://www.adobe.com,Technology,Software - Application,Tech,,Ordinary Share,,,,FU4LY2G4933NH2E1CP29,,
ADCT,NYSE,NYQ,NYSE,ADR/Cross-listed,Primary listing likely in Switzerland,2020,CH0499880968,BBG00Q6Q3QX1,BBG00Q6Q3QX1,BBG00Q6Q3RN0,1771910,ADC Therapeutics SA,Switzerland,United States,CHE,USD,https://www.adctherapeutics.com,Healthcare,Biotechnology,Biopharma,Biotech,Ordinary Share,,,,,,
ADI,NASDAQ,NMS,NasdaqGS,Primary,,,US0326541051,BBG000BB6G37,BBG000BB6G37,BBG001S5ND38,6281,Analog Devices Inc,United States,United States,USA,USD,https://www.analog.com,Technology,Semiconductors,Tech,,Ordinary Share,,,,GYVOE5EZ4GDAVTU4CQ61,,Y
ADIL,NASDAQ,NCM,NasdaqCM,Primary,,2018,US00688A3041,BBG00HNGDTR4,BBG00HNGDTR4,BBG00HNGDTS3,1513525,Adial Pharmaceuticals Inc,United States,United States,USA,USD,https://www.adial.com,Healthcare,Biotechnology,Biopharma,Biotech,Ordinary Share,,,,,,
ADMA,NASDAQ,NGM,NasdaqGM,Primary,,2013,US0008991046,BBG002NCK5M5,BBG002NCK5M5,BBG002NCK5N4,1368514,ADMA Biologics Inc,United States,United States,USA,USD,https://www.admabiologics.com,Healthcare,Biotechnology,Biopharma,Biotech,Ordinary Share,,,,,,
ADPT,NASDAQ,NMS,NasdaqGS,Primary,,2019,US00650F1093,BBG001J2PFF5,BBG001J2PFF5,BBG001V0GG18,1478320,Adaptive Biotechnologies Corporation,United States,United States,USA,USD,https://www.adaptivebiotech.com,Healthcare,Biotechnology,MedTech,Life Science Tools,Ordinary Share,,,,549300ZTF7OT1FW66Q96,,Y
ADSK,NASDAQ,NMS,NasdaqGS,Primary,,,US0527691069,BBG000BM7HL0,BBG000BM7HL0,BBG001S5SCD4,769397,Autodesk Inc,United States,United States,USA,USD,https://www.autodesk.com,Technology,Software - Application,Tech,,Ordinary Share,,,,FRKKVKAIQEF3FCSTPG55,,
ADUS,NASDAQ,NMS,NasdaqGS,Primary,,2009,,BBG000NJGX84,BBG000NJGX84,BBG001T56D18,1468328,Addus Homecare Corporation,United States,United States,USA,USD,https://www.addus.com,Healthcare,Medical Care Facilities,Healthcare Services,Post-Acute,Ordinary Share,,,,,,Y
ADXN,NASDAQ,NCM,NasdaqCM,ADR/Cross-listed,Primary listing likely in Switzerland,2020,US00654J2069,BBG00R48ST95,BBG00R48ST95,BBG00R48SV18,1574232,Addex Therapeutics Ltd - ADR,Switzerland,United States,CHE,USD,https://www.addextherapeutics.com,Healthcare,Biotechnology,Biopharma,Biotech,Depositary Receipt,,,,89450068Y9KVP2MQGH86,,
AEON,NYSE,ASE,NYSE American,Primary,,2023,US00791X2099,BBG00Z17HDW3,BBG00Z17HDW3,BBG00Z17HFQ5,1837607,Aeon Biopharma Inc,United States,United States,USA,USD,https://www.aeonbiopharma.com,Healthcare,Biotechnology,Biopharma,Biotech,Ordinary Share,,,,,,
AFMD,NASDAQ,NGM,NasdaqGM,,,,,,,,,Affimed N.V.,Netherlands,United States,NLD,USD,,,,Biopharma,,,,,,,,
AFRM,NASDAQ,NMS,NasdaqGS,Primary,,2021,US00827B1061,BBG00Y7BP8Y1,BBG00Y7BP8Y1,BBG00Y7BP8Z0,1820953,Affirm Holdings Inc,United States,United States,USA,USD,https://www.affirm.com,Financial Services,Credit Services,Financials,,Ordinary Share,,,,,,Y
AFT.NZ,NZX,NZE,NZSE,Primary,,2015,,BBG00BM48VJ5,BBG005KCDXD8,BBG005KCDXF6,,AFT Pharmaceuticals Limited,New Zealand,New Zealand,NZL,NZD,https://www.aftpharm.com,Healthcare,Drug Manufacturers - Specialty & Generic,Biopharma,Specialty & Generic Pharma,Ordinary Share,,,,,,
AFX DE,XETRA,GER,XETRA,Primary,,,,BBG000C7X5F6,BBG000C7X325,BBG001SDSX14,,Carl Zeiss Meditec AG,Germany,Germany,DEU,EUR,https://www.zeiss.com/meditec-ag/de/investor-relations.html?vaURL=www.zeiss.de/meditec-ag/ir,Healthcare,Medical Instruments & Supplies,MedTech,Ophthalmology,Ordinary Share,,,,,,Y
AGEN,NASDAQ,NCM,NasdaqCM,Primary,,,US00847G7051,BBG000C8SWQ9,BBG000C8SWQ9,BBG001SDV370,1098972,Agenus Inc,United States,United States,USA,USD,https://www.agenusbio.com,Healthcare,Biotechnology,Biopharma,Biotech,Ordinary Share,,,,,,
AGIO,NASDAQ,NMS,NasdaqGS,Primary,,2013,US00847X1046,BBG000QY4ZD0,BBG000QY4ZD0,BBG001T8R687,1439222,Agios Pharmaceuticals Inc,United States,United States,USA,USD,https://www.agios.com,Healthcare,Biotechnology,Biopharma,Biotech,Ordinary Share,,,,529900ONJHY8EOGYT555,,
AGL,NYSE,NYQ,NYSE,Primary,,2021,US00857U1079,BBG00HCYVQQ4,BBG00HCYVQQ4,BBG00HCYVQR3,1831097,Agilon Health Inc,United States,United States,USA,USD,https://www.agilonhealth.com,Healthcare,Medical Care Facilities,Healthcare Services,VBC,Ordinary Share,,,,,,Y
AGY.L,LSE,LSE,LSE,Primary,,2004,,BBG000F797G5,BBG000F796Y7,BBG001SGQRM9,,Allergy Therapeutics plc,United Kingdom,United Kingdom,GBR,GBp,https://www.allergytherapeutics.com,Healthcare,Drug Manufacturers - Specialty & Generic,Biopharma,Specialty & Generic Pharma,Ordinary Share,,,,,,
AHCO,NASDAQ,NCM,NasdaqCM,Primary,,2018,US00653Q1022,BBG00KJQVGV3,BBG00KJQVGV3,BBG00KJQVGW2,1725255,Adapthealth Corp,United States,United States,USA,USD,https://adapthealth.com,Healthcare,Medical Devices,Healthcare Services,Post-Acute,Ordinary Share,,,,,,Y
AHR,NYSE,NYQ,NYSE,Primary,,2024,US3981823038,BBG01L820CZ4,BBG01L820CZ4,BBG01L820DT9,1632970,American Healthcare REIT Inc,United States,United States,USA,USD,https://www.americanhealthcarereit.com,Real Estate,REIT - Healthcare Facilities,Healthcare Services,Healthcare Real Estate,Ordinary Share,,,,,,
AIM,NYSE,ASE,NYSE American,Primary,,,US00901B3033,BBG000JL6Z80,BBG000JL6Z80,BBG001SB9J29,946644,AIM ImmunoTech Inc,United States,United States,USA,USD,https://aimimmuno.com,Healthcare,Biotechnology,Biopharma,Biotech,Ordinary Share,,,,,,
AKBA,NASDAQ,NCM,NasdaqCM,Primary,,2014,US00972D1054,BBG000R33R00,BBG000R33R00,BBG001T922S9,1517022,Akebia Therapeutics Inc,United States,United States,USA,USD,https://www.akebia.com,Healthcare,Drug Manufacturers - Specialty & Generic,Biopharma,Specialty & Generic Pharma,Ordinary Share,,,,549300CBQEHMKEEGNX42,,
AKTS,NASDAQ,NMS,NasdaqGS,Primary,,2026,US01021M1045,BBG00ZQS8KZ1,BBG00ZQS8KZ1,BBG00ZQS8L07,2035832,Aktis Oncology Inc,United States,United States,USA,USD,https://www.aktisoncology.com,Healthcare,Biotechnology,Biopharma,Biotech,Ordinary Share,2026-01-08,2026-04-08,2026-07-07,,,
ALC,NYSE,NYQ,NYSE,ADR/Cross-listed,Primary listing likely in Switzerland,2019,,BBG00NPWH832,BBG00NPWH832,BBG00NPWGYR0,1167379,Alcon Inc.,Switzerland,United States,CHE,USD,https://www.alcon.com,Healthcare,Medical Instruments & Supplies,MedTech,Ophthalmology,,,,,,,Y
ALDX,NASDAQ,NCM,NasdaqCM,Primary,,2014,,BBG0029H8ZF6,BBG0029H8ZF6,BBG0029H8ZG5,1341235,Aldeyra Therapeutics Inc,United States,United States,USA,USD,https://www.aldeyra.com,Healthcare,Biotechnology,Biopharma,Biotech,Ordinary Share,,,,,,
ALEC,NASDAQ,NMS,NasdaqGS,Primary,,2019,US0144421072,BBG00N0PL198,BBG00N0PL198,BBG00N0PL214,1653087,Alector Inc,United States,United States,USA,USD,https://www.alector.com,Healthcare,Biotechnology,Biopharma,Biotech,Ordinary Share,,,,549300Z8RQOIY1JMHC25,,
ALGEN.PA,Euronext Paris,PAR,Paris,Primary,,2007,,BBG000R890N7,BBG000R890C9,BBG001ST98V2,,genOway Société anonyme,France,France,FRA,EUR,https://www.genoway.com,Healthcare,Biotechnology,Biopharma,Biotech,Ordinary Share,,,,,,
ALGN,NASDAQ,NMS,NasdaqGS,Primary,,,US0162551016,BBG000BRNLL2,BBG000BRNLL2,BBG001SCF1B9,1097149,"Align Technology, Inc.",United States,United States,USA,USD,https://www.aligntech.com,Healthcare,Medical Instruments & Supplies,MedTech,Dental,Ordinary Share,,,,549300N5YSE0U3LCP840,,Y
ALHC,NASDAQ,NMS,NasdaqGS,Primary,,2021,US01625V1044,BBG00ZJ0DSR6,BBG00ZJ0DSR6,BBG00ZJ0DSS5,1832466,Alignment Healthcare Inc,United States,United States,USA,USD,https://www.alignmenthealth.com,Healthcare,Healthcare Plans,Healthcare Services,VBC,Ordinary Share,,,,,,Y
ALK-B.CO,OMX Copenhagen,CPH,Copenhagen,Primary,,,,,,,,ALK-Abelló A/S,Denmark,Denmark,DNK,DKK,https://www.alk.net,Healthcare,Biotechnology,Biopharma,Biotech,Ordinary Share,,,,,,
ALKEM.NS,NSE,NSI,NSE,Primary,,2015,INE540L01014,BBG001BSZXQ4,BBG001BSZXQ4,BBG001TTNSZ7,,Alkem Laboratories Limited,India,India,IND,INR,https://www.alkemlabs.com,Healthcare,Drug Manufacturers - Specialty & Generic,Biopharma,Specialty & Generic Pharma,Ordinary Share,,,,335800GCAE5WIF4PSG69,,
ALKS,NASDAQ,NMS,NasdaqGS,ADR/Cross-listed,Primary listing likely in Ireland,,IE00B56GVS15,BBG000C9F2F9,BBG000C9F2F9,BBG001S6RXM7,1520262,Alkermes Plc,Ireland,United States,IRL,USD,https://www.alkermes.com,Healthcare,Drug Manufacturers - Specialty & Generic,Biopharma,Specialty & Generic Pharma,Ordinary Share,,,,,,
ALKT,NASDAQ,NMS,NasdaqGS,Primary,,2021,US01644J1088,BBG005HTCT54,BBG005HTCT54,BBG005HTCT63,1529274,Alkami Technology Inc,United States,United States,USA,USD,https://www.alkami.com,Technology,Software - Application,SaaS,,Ordinary Share,,,,,,
ALLO,NASDAQ,NMS,NasdaqGS,Primary,,2018,US0197701065,BBG00KHRRDX3,BBG00KHRRDX3,BBG00KHRRDY2,1737287,Allogene Therapeutics Inc,United States,United States,USA,USD,https://allogene.com,Healthcare,Biotechnology,Biopharma,Biotech,Ordinary Share,,,,,,
ALM.MC,BME Madrid,MCE,MCE,Primary,,2007,,BBG000BKD1G8,BBG000BKD1G8,BBG001SCRSZ1,,"Almirall, S.A.",Spain,Spain,ESP,EUR,https://www.almirall.com,Healthcare,Drug Manufacturers - Specialty & Generic,Biopharma,Specialty & Generic Pharma,Ordinary Share,,,,,,
ALMS,NASDAQ,NMS,NasdaqGS,Primary,,2024,US0223071020,BBG01J7X4PN2,BBG01J7X4PN2,BBG01J7X4PP0,1847367,Alumis Inc,United States,United States,USA,USD,https://www.alumis.com,Healthcare,Biotechnology,Biopharma,Biotech,Ordinary Share,,,,,,
ALNY,NASDAQ,NMS,NasdaqGS,Primary,,2004,US02043Q1076,BBG000BFGNJ5,BBG000BFGNJ5,BBG001S7FTC8,1178670,"Alnylam Pharmaceuticals, Inc.",United States,United States,USA,USD,https://www.alnylam.com,Healthcare,Biotechnology,Biopharma,Biotech,Ordinary Share,,,,529900S3ZI14OWRJII50,,Y
ALOPM.PA,Euronext Paris,PAR,Paris,Primary,,2022,FR001400CM63,BBG019VR0TK9,BBG018N4GD29,BBG018N4GD38,,Oncodesign Precision Medicine Société anonyme,France,France,FRA,EUR,https://www.oncodesign.com,Healthcare,Biotechnology,Biopharma,Biotech,Ordinary Share,,,,969500ZDX1IY47LDL876,,
ALSEN.PA,Euronext Paris,PAR,Paris,Primary,,2015,,BBG008F928Y9,BBG007Z641R6,BBG007Z641T4,,Sensorion SA,France,France,FRA,EUR,https://www.sensorion.com,Healthcare,Biotechnology,Biopharma,Biotech,Ordinary Share,,,,,,
ALT,NASDAQ,NGM,NasdaqGM,Primary,,2017,US02155H2004,BBG000FXML90,BBG000FXML90,BBG001SNS461,1326190,Altimmune Inc,United States,United States,USA,USD,https://altimmune.com,Healthcare,Biotechnology,Biopharma,Biotech,Ordinary Share,,,,549300EOYCQ8SW3NVE64,,
ALVO,NASDAQ,NGM,NasdaqGM,ADR/Cross-listed,Primary listing likely in Luxembourg,2022,LU2458332611,BBG014MBMZY2,BBG014MBMZY2,BBG014MBMZZ1,1898416,Alvotech SA,Luxembourg,United States,LUX,USD,https://www.alvotech.com,Healthcare,Drug Manufacturers - Specialty & Generic,Biopharma,Specialty & Generic Pharma,Ordinary Share,,,,,,
ALXO,NASDAQ,NMS,NasdaqGS,Primary,,2020,US00166B1052,BBG00VR8SDG8,BBG00VR8SDG8,BBG00VR8SF73,1810182,ALX Oncology Holdings Inc,United States,United States,USA,USD,https://www.alxoncology.com,Healthcare,Biotechnology,Biopharma,Biotech,Ordinary Share,,,,,,
AMGN,NASDAQ,NMS,NasdaqGS,Primary,,,US0311621009,BBG000BBS2Y0,BBG000BBS2Y0,BBG001S5NNL6,318154,Amgen Inc,United States,United States,USA,USD,https://www.amgen.com,Healthcare,Drug Manufacturers - General,Biopharma,Large Pharma,Ordinary Share,,,,62QBXGPJ34PQ72Z12S66,,Y
AMLX,NASDAQ,NMS,NasdaqGS,Primary,,2022,US03237H1014,BBG00DP10YT5,BBG00DP10YT5,BBG00DP10YW1,1658551,Amylyx Pharmaceuticals Inc,United States,United States,USA,USD,https://amylyx.com,Healthcare,Drug Manufacturers - Specialty & Generic,Biopharma,Specialty & Generic Pharma,Ordinary Share,,,,,,
AMN,NYSE,NYQ,NYSE,Primary,,2001,US0017441017,BBG000BCT197,BBG000BCT197,BBG001S6Q193,1142750,AMN Healthcare Services Inc,United States,United States,USA,USD,https://www.amnhealthcare.com,Healthcare,Medical Care Facilities,Healthcare Services,Nurse staffing,Ordinary Share,,,,529900W3ARRTCNFH2I39,,Y
AMP IM,Borsa Italiana,MIL,Milan,Primary,,2001,,BBG000FZG9K6,BBG000FZG8V6,BBG001SDR7W8,,Amplifon S.p.A.,Italy,Italy,ITA,EUR,https://www.amplifon.com,Healthcare,Medical Distribution,MedTech,Hearing Aid,Ordinary Share,,,,,,Y
AMPE,OTC,PNK,OTC Markets OTCPK,Primary,,2008,US03209T3077,BBG000JKR4K4,BBG000JKR4K4,BBG001T0DNP3,,Ampio Pharmaceuticals Inc,United States,United States,USA,USD,https://ampiopharma.com,Healthcare,Biotechnology,Biopharma,Biotech,Ordinary Share,,,,529900DG3YQA5XIHV057,,
AMPH,NASDAQ,NMS,NasdaqGS,Primary,,2014,US03209R1032,BBG000BW90S6,BBG000BW90S6,BBG001SCM4W2,1297184,Amphastar Pharmaceuticals Inc,United States,United States,USA,USD,https://www.amphastar.com,Healthcare,Drug Manufacturers - Specialty & Generic,Biopharma,Specialty & Generic Pharma,Ordinary Share,,,,54930055TH0ZLSAQMJ38,,
AMPL,NASDAQ,NCM,NasdaqCM,Primary,,2021,US03213A1043,BBG012CDTZY6,BBG012CDTZY6,BBG012CDTZZ5,1866692,Amplitude Inc,United States,United States,USA,USD,https://www.amplitude.com,Technology,Software - Application,SaaS,,Ordinary Share,,,,,,
AMRN,NASDAQ,NCM,NasdaqCM,ADR/Cross-listed,Primary listing likely in Ireland,,US0231114044,BBG000BPYG99,BBG000BPYG99,BBG001SD42R0,897448,Amarin Corporation PLC,Ireland,United States,IRL,USD,https://www.amarincorp.com,Healthcare,Drug Manufacturers - General,Biopharma,Specialty & Generic Pharma,Depositary Receipt,,,,5493009JFIGUFEVPK217,,
AMRX,NASDAQ,NMS,NasdaqGS,Primary,,2018,US03168L1052,BBG00462PGG0,BBG00462PGG0,BBG00462PGH9,1723128,Amneal Pharmaceuticals Inc,United States,United States,USA,USD,https://www.amneal.com,Healthcare,Drug Manufacturers - Specialty & Generic,Biopharma,Specialty & Generic Pharma,Ordinary Share,,,,549300VV176ZO5WQHZ61,,
AMWL,NYSE,NYQ,NYSE,Primary,,2020,US03044L2043,BBG002R1JYY1,BBG002R1JYY1,BBG002R1JYZ0,1393584,American Well Corp,United States,United States,USA,USD,https://business.amwell.com,Healthcare,Health Information Services,Healthcare Services,HIT,Ordinary Share,,,,,,Y
AMZN,NASDAQ,NMS,NasdaqGS,Primary,,,,BBG000BVPV84,BBG000BVPV84,BBG001S5PQL7,1018724,"Amazon.com, Inc.",United States,United States,USA,USD,https://www.amazon.com,Consumer Cyclical,Internet Retail,Tech,,Ordinary Share,,,,,,Y
ANAB,NASDAQ,NMS,NasdaqGS,Primary,,2017,US0327241065,BBG0026ZDHR0,BBG0026ZDHR0,BBG0026ZDHT8,1370053,AnaptysBio Inc,United States,United States,USA,USD,https://www.anaptysbio.com,Healthcare,Biotechnology,Biopharma,Biotech,Ordinary Share,,,,529900HH4WQT03IG1A12,,
ANIP,NASDAQ,NGM,NasdaqGM,Primary,,,US00182C1036,BBG000KK1L04,BBG000KK1L04,BBG001S9DR85,1023024,ANI Pharmaceuticals Inc Common Stock,United States,United States,USA,USD,https://www.anipharmaceuticals.com,Healthcare,Drug Manufacturers - Specialty & Generic,Biopharma,Specialty & Generic Pharma,Ordinary Share,,,,5493000T6CXTND40YH31,,
ANIX,NASDAQ,NCM,NasdaqCM,Primary,,,US03528H1095,BBG000BG3J79,BBG000BG3J79,BBG001S5Q1P7,715446,Anixa Biosciences Inc,United States,United States,USA,USD,https://www.anixa.com,Healthcare,Biotechnology,Biopharma,Biotech,Ordinary Share,,,,549300PW2C2QTAJL2D19,,
ANL,NASDAQ,NGM,NasdaqGM,ADR/Cross-listed,Primary listing likely in Cayman Islands,2023,,BBG01HP11SV4,BBG01HP11SV4,BBG01HP11TP9,1944552,Adlai Nortye Ltd,Cayman Islands,United States,CYM,USD,https://www.adlainortye.com,Healthcare,Biotechnology,Biopharma,Biotech,,,,,,,
ANNX,NASDAQ,NMS,NasdaqGS,Primary,,2020,US03589W1027,BBG007QVDFG2,BBG007QVDFG2,BBG007QVDFH1,1528115,Annexon Inc,United States,United States,USA,USD,https://www.annexonbio.com,Healthcare,Biotechnology,Biopharma,Biotech,Ordinary Share,,,,,,
ANRO,NYSE,NYQ,NYSE,Primary,,2024,US02157Q1094,BBG00WYFS6R5,BBG00WYFS6R5,BBG00WYFS6S4,1999480,Alto Neuroscience Inc,United States,United States,USA,USD,https://www.altoneuroscience.com,Healthcare,Biotechnology,Biopharma,Biotech,Ordinary Share,,,,,,
ANTX,NASDAQ,NMS,NasdaqGS,Primary,,2022,US0373261058,BBG00QYLYBK4,BBG00QYLYBK4,BBG00QYLYBL3,1880438,AN2 Therapeutics Inc,United States,United States,USA,USD,https://www.an2therapeutics.com,Healthcare,Biotechnology,Biopharma,Biotech,Ordinary Share,,,,,,
ANVS,NYSE,NYQ,NYSE,Primary,,2020,US03615A1088,BBG00PN9XD40,BBG00PN9XD40,BBG00PN9XDJ4,1477845,Annovis Bio Inc,United States,United States,USA,USD,https://www.annovisbio.com,Healthcare,Biotechnology,Biopharma,Biotech,Ordinary Share,,,,549300IFBVI51FN3NJ32,,
AORT,NYSE,NYQ,NYSE,Primary,,,,BBG000BMLVJ6,BBG000BMLVJ6,BBG001SB3CB0,784199,Artivion Inc,United States,United States,USA,USD,https://artivion.com,Healthcare,Medical Devices,MedTech,Cardiovascular,Ordinary Share,,,,,,Y
APGE,NASDAQ,NGM,NasdaqGM,Primary,,2023,US03770N1019,BBG01H51WYQ5,BBG01H51WYQ5,BBG01H51WZL7,1974640,Apogee Therapeutics Inc,United States,United States,USA,USD,https://www.apogeetherapeutics.com,Healthcare,Biotechnology,Biopharma,Biotech,Ordinary Share,,,,,,Y
APLLTD.NS,NSE,NSI,NSE,Primary,,2011,INE901L01018,,,,,Alembic Pharmaceuticals Limited,India,India,IND,INR,https://alembicpharmaceuticals.com,Healthcare,Drug Manufacturers - Specialty & Generic,Biopharma,Specialty & Generic Pharma,Ordinary Share,,,,335800PM173KNG818V30,,
APLT,NASDAQ,NGM,,Primary,,2019,US03828A1016,,,,,"Applied Therapeutics, Inc.",United States,United States,USA,USD,https://www.appliedtherapeutics.com,Healthcare,Biotechnology,Biopharma,Biotech,Ordinary Share,,,,549300KL3IJPHZM2GR04,,
APM,NASDAQ,NCM,NasdaqCM,ADR/Cross-listed,Primary listing likely in United Kingdom,2018,,BBG00LX0JFQ4,BBG00LX0JFQ4,BBG00LX0JGG3,1734005,Aptorum Group Ltd,United Kingdom,United States,GBR,USD,https://www.aptorumgroup.com,Healthcare,Biotechnology,Biopharma,Biotech,,,,,,,
APN.JO,JSE,JNB,Johannesburg,Primary,,,,BBG000BP97L3,BBG000BP96V4,BBG001SC9GB3,,Aspen Pharmacare Holdings Limited,South Africa,South Africa,ZAF,ZAc,https://www.aspenpharma.com,Healthcare,Drug Manufacturers - Specialty & Generic,Biopharma,Specialty & Generic Pharma,Ordinary Share,,,,,,
APP,NASDAQ,NMS,NasdaqGS,Primary,,2021,,BBG006HFPX77,BBG006HFPX77,BBG006HFPX86,1751008,Applovin Corp,United States,United States,USA,USD,https://www.applovin.com,Communication Services,Advertising Agencies,SaaS,,Ordinary Share,,,,,,
APRE,NASDAQ,NCM,NasdaqCM,Primary,,2019,US03836J2015,BBG00Q6Q3K37,BBG00Q6Q3K37,BBG00Q6Q3KV6,1781983,Aprea Therapeutics Inc,United States,United States,USA,USD,https://aprea.com,Healthcare,Biotechnology,Biopharma,Biotech,Ordinary Share,,,,,,
AQST,NASDAQ,NGM,NasdaqGM,Primary,,2018,US03843E1047,BBG00L9HP0Z0,BBG00L9HP0Z0,BBG00L9HP1R7,1398733,Aquestive Therapeutics Inc,United States,United States,USA,USD,https://www.aquestive.com,Healthcare,Drug Manufacturers - Specialty & Generic,Biopharma,Specialty & Generic Pharma,Ordinary Share,,,,,,
ARCT,NASDAQ,NGM,NasdaqGM,Primary,,2013,US03969T1097,BBG00NNW8JK1,BBG00NNW8JK1,BBG00NNW8JL0,1768224,Arcturus Therapeutics Holdings Inc,United States,United States,USA,USD,https://arcturusrx.com,Healthcare,Biotechnology,Biopharma,Biotech,Ordinary Share,,,,,,
ARDT,NYSE,NYQ,NYSE,Primary,,2024,US03980N1072,BBG00DM203B3,BBG00DM203B3,BBG00DM203C2,1756655,Ardent Health Inc,United States,United States,USA,USD,https://www.ardenthealth.com,Healthcare,Medical Care Facilities,Healthcare Services,Hospitals,Ordinary Share,,,,,,Y
ARDX,NASDAQ,NGM,NasdaqGM,Primary,,2014,US0396971071,BBG001WH4DQ3,BBG001WH4DQ3,BBG001WH4F33,1437402,Ardelyx Inc,United States,United States,USA,USD,https://www.ardelyx.com,Healthcare,Biotechnology,Biopharma,Biotech,Ordinary Share,,,,549300F542QR4SXHCY32,,
ARE,NYSE,NYQ,NYSE,Primary,,,US0152711091,BBG000BC33T9,BBG000BC33T9,BBG001S6CPH6,1035443,Alexandria Real Estate Equities Inc,United States,United States,USA,USD,https://www.are.com,Real Estate,REIT - Office,Real Estate,Healthcare Real Estate,Ordinary Share,,,,MGCJBT4MKTQBVLNUIS88,,
ARGX,NASDAQ,NMS,NasdaqGS,ADR/Cross-listed,Primary listing likely in Netherlands,2017,US04016X1019,BBG00GHB88X9,BBG00GHB88X9,BBG00GHB88Y8,1697862,argenx SE - ADR,Netherlands,United States,NLD,USD,https://argenx.com,Healthcare,Biotechnology,Biopharma,Biotech,Depositary Receipt,,,,7245009C5FZE6G9ODQ71,,Y
ARMP,NYSE,ASE,NYSE American,Primary,,,,BBG000BD7CF8,BBG000BD7CF8,BBG001S5WNR0,921114,Armata Pharmaceuticals Inc,United States,United States,USA,USD,https://www.armatapharma.com,Healthcare,Biotechnology,Biopharma,Biotech,Ordinary Share,,,,,,
ARQT,NASDAQ,NMS,NasdaqGS,Primary,,2020,US03969K1088,BBG00QN8K4M4,BBG00QN8K4M4,BBG00QN8K4P1,1787306,Arcutis Biotherapeutics Inc,United States,United States,USA,USD,https://www.arcutis.com,Healthcare,Biotechnology,Biopharma,Biotech,Ordinary Share,,,,,,
ARTV,NASDAQ,NGM,NasdaqGM,Primary,,2024,US04317A1079,BBG00VPZJ0F9,BBG00VPZJ0F9,BBG00VPZJ0G8,1817241,Artiva Biotherapeutics Inc,United States,United States,USA,USD,https://www.artivabio.com,Healthcare,Biotechnology,Biopharma,Biotech,Ordinary Share,,,,,,
ARVN,NASDAQ,NMS,NasdaqGS,Primary,,2018,US04335A1051,BBG00LW7YK82,BBG00LW7YK82,BBG00LW7YL08,1655759,Arvinas Inc,United States,United States,USA,USD,https://www.arvinas.com,Healthcare,Biotechnology,Biopharma,Biotech,Ordinary Share,,,,,,
ARWR,NASDAQ,NMS,NasdaqGS,Primary,,,US04280A1007,BBG000BRVKH0,BBG000BRVKH0,BBG001SGT8G5,879407,Arrowhead Pharmaceuticals Inc,United States,United States,USA,USD,https://arrowheadpharma.com,Healthcare,Biotechnology,Biopharma,Biotech,Ordinary Share,,,,549300O3CSB8T7OZ3D66,,Y
ASAN,NYSE,NYQ,NYSE,Primary,,2020,,BBG00WYHL732,BBG00WYHL732,BBG00WYHL741,1477720,Asana Inc,United States,United States,USA,USD,https://asana.com,Technology,Software - Application,SaaS,,Ordinary Share,,,,,,
ASML,NASDAQ,NMS,NasdaqGS,ADR/Cross-listed,Primary listing likely in Netherlands,,USN070592100,BBG000K6MRN4,BBG000K6MRN4,BBG001SCG0R3,937966,ASML Holding NV,Netherlands,United States,NLD,USD,https://www.asml.com,Technology,Semiconductor Equipment & Materials,Tech,,Depositary Receipt,,,,724500Y6DUVHQD6OXN27,,
ASND,NASDAQ,NMS,NasdaqGS,ADR/Cross-listed,Primary listing likely in Denmark,2015,US04351P1012,BBG007R7VNC1,BBG007R7VNC1,BBG007R7VP72,1612042,Ascendis Pharma A/S,Denmark,United States,DNK,USD,https://ascendispharma.com,Healthcare,Biotechnology,Biopharma,Biotech,,,,,549300B66JN3W3J8GH73,,
ATAI,NASDAQ,NGM,NasdaqGM,Primary,,2021,US04650F1012,BBG0107FR3K9,BBG0107FR3K9,BBG0107FR4D5,1840904,AtaiBeckley Inc,United States,United States,USA,USD,https://www.ataibeckley.com,Healthcare,Biotechnology,Biopharma,Biotech,Ordinary Share,,,,,,
ATEC,NASDAQ,NMS,NasdaqGS,Primary,,2006,US02081G2012,BBG000BBM7Y5,BBG000BBM7Y5,BBG001S64XQ8,1350653,"Alphatec Holdings, Inc.",United States,United States,USA,USD,https://www.atecspine.com,Healthcare,Medical Devices,MedTech,Orthopedics,Ordinary Share,,,,549300EZE8CQ8K65FS24,,Y
LONA,NASDAQ,NCM,NasdaqCM,Primary,,2020,US04746L1044,BBG00C77LX40,BBG00C77LX40,BBG00C77LXM0,1620463,LeonaBio Inc (fka Athira Pharma),United States,United States,USA,USD,https://leonabio.com,Healthcare,Biotechnology,Biopharma,Biotech,Ordinary Share,,,,,,
ATNM,NYSE,ASE,NYSE American,Primary,,2012,US00507W2061,BBG000RQZ245,BBG000RQZ245,BBG001SV3L17,1388320,Actinium Pharmaceuticals Inc,United States,United States,USA,USD,https://www.actiniumpharma.com,Healthcare,Biotechnology,Biopharma,Biotech,Ordinary Share,,,,549300LCY1NZSXCQDT45,,
ATORX.ST,OMX Stockholm,STO,Stockholm,Primary,,2016,SE0024173637,BBG00F5R5G37,BBG000R333K1,BBG001T92101,,Alligator Bioscience AB (publ),Sweden,Sweden,SWE,SEK,https://www.alligatorbioscience.se,Healthcare,Biotechnology,Biopharma,Biotech,Ordinary Share,,,,549300E15VI0MB7LXV19,,
ATOS,NASDAQ,NCM,NasdaqCM,Primary,,2012,US04962H7044,BBG002NCD8C8,BBG002NCD8C8,BBG002NCD954,1488039,Atossa Therapeutics Inc,United States,United States,USA,USD,https://www.atossatherapeutics.com,Healthcare,Biotechnology,Biopharma,Biotech,Ordinary Share,,,,549300QRKP1JTNHD2366,,
ATR,NYSE,NYQ,NYSE,Primary,,,,BBG000BGX2S0,BBG000BGX2S0,BBG001S78MT3,896622,Aptargroup Inc,United States,United States,USA,USD,https://www.aptar.com,Healthcare,Medical Instruments & Supplies,MedTech,Packaging,Ordinary Share,,,,,,Y
ATRA,NASDAQ,NMS,NasdaqGS,Primary,,2014,US0465132068,BBG005Q3MQY4,BBG005Q3MQY4,BBG005Q3MR36,1604464,Atara Biotherapeutics Inc,United States,United States,USA,USD,https://www.atarabio.com,Healthcare,Biotechnology,Biopharma,Biotech,Ordinary Share,,,,549300WBXUXZRE03MS38,,
ATRC,NASDAQ,NGM,NasdaqGM,Primary,,2005,US04963C2098,BBG000BL6CB5,BBG000BL6CB5,BBG001SD43V3,1323885,AtriCure Inc,United States,United States,USA,USD,https://www.atricure.com,Healthcare,Medical Instruments & Supplies,MedTech,Cardiovascular,Ordinary Share,,,,,,Y
ATYR,NASDAQ,NCM,NasdaqCM,Primary,,2015,US0021202025,BBG001J2P692,BBG001J2P692,BBG001V0GF01,1339970,aTyr Pharma Inc,United States,United States,USA,USD,https://atyrpharma.com,Healthcare,Biotechnology,Biopharma,Biotech,Ordinary Share,,,,,,
AUNA,NYSE,NYQ,NYSE,ADR/Cross-listed,Primary listing likely in Luxembourg,2024,LU2791994721,BBG01KY2P870,BBG01KY2P870,BBG01KY2P8C4,1799207,Auna SA,Luxembourg,United States,LUX,USD,https://www.aunainvestors.com,Healthcare,Medical Care Facilities,Healthcare Services,Ex-US Facilities,Ordinary Share,,,,,,Y
AUPH,NASDAQ,NGM,NasdaqGM,ADR/Cross-listed,Primary listing likely in Canada,2014,CA05156V1022,BBG000BCRJM5,BBG000BCRJM5,BBG001S68013,1600620,Aurinia Pharmaceuticals Inc,Canada,United States,CAN,USD,https://www.auriniapharma.com,Healthcare,Biotechnology,Biopharma,Biotech,Ordinary Share,,,,,,
AURA,NASDAQ,NGM,NasdaqGM,Primary,,2021,US05153U1079,BBG00226DGM5,BBG00226DGM5,BBG00226DGP2,1501796,Aura Biosciences Inc,United States,United States,USA,USD,https://www.aurabiosciences.com,Healthcare,Biotechnology,Biopharma,Biotech,Ordinary Share,,,,,,
AUTL,NASDAQ,NMS,NasdaqGS,ADR/Cross-listed,Primary listing likely in United Kingdom,2018,,BBG00KVT05R6,BBG00KVT05R6,BBG00KVT06G6,1730463,Autolus Therapeutics PLC,United Kingdom,United States,GBR,USD,https://www.autolus.com,Healthcare,Biotechnology,Biopharma,Biotech,,,,,,,
AVAH,NASDAQ,NMS,NasdaqGS,Primary,,2021,US05356F1057,BBG00G6D6H96,BBG00G6D6H96,BBG00G6D6HB3,1832332,Aveanna Healthcare Holdings Inc,United States,United States,USA,USD,https://www.aveanna.com,Healthcare,Medical Care Facilities,Healthcare Services,Post-Acute,Ordinary Share,,,,,,Y
AVBP,NASDAQ,NGM,NasdaqGM,Primary,,2024,US04272N1028,BBG011N37VQ0,BBG011N37VQ0,BBG011N37VW3,1868279,Arrivent Biopharma Inc,United States,United States,USA,USD,https://arrivent.com,Healthcare,Biotechnology,Biopharma,Biotech,Ordinary Share,,,,,,
AVCT.L,LSE,LSE,LSE,Primary,,2003,,BBG000KWN5J9,BBG000KWN4Z4,BBG001SJRRZ8,,Avacta Group Plc,United Kingdom,United Kingdom,GBR,GBp,https://avacta.com,Healthcare,Biotechnology,Biopharma,Biotech,Ordinary Share,,,,,,
AVDL,NASDAQ,NGM,,ADR/Cross-listed,Primary listing likely in Ireland,1996,,,,,,Avadel Pharmaceuticals PLC,Ireland,United States,IRL,USD,https://www.avadel.com,Healthcare,Drug Manufacturers - Specialty & Generic,Biopharma,Specialty & Generic Pharma,,,,,,,
AVIR,NASDAQ,NMS,NasdaqGS,Primary,,2020,US04683R1068,BBG00TZNCJ75,BBG00TZNCJ75,BBG00TZNCJ84,1593899,Atea Pharmaceuticals Inc,United States,United States,USA,USD,https://ateapharma.com,Healthcare,Biotechnology,Biopharma,Biotech,Ordinary Share,,,,,,
AVTR,NYSE,NYQ,NYSE,Primary,,2019,US05352A1007,BBG00G2HHYD7,BBG00G2HHYD7,BBG00G2HHYF5,1722482,"Avantor, Inc.",United States,United States,USA,USD,https://www.avantorsciences.com,Healthcare,Medical Instruments & Supplies,MedTech,Life Science Tools,Ordinary Share,,,,,Lab Products / Chemicals,Y
AVXL,NASDAQ,NMS,NasdaqGS,Primary,,2006,US0327973006,BBG000C9K8K4,BBG000C9K8K4,BBG001SLQWW6,1314052,Anavex Life Sciences Corp,United States,United States,USA,USD,https://www.anavex.com,Healthcare,Biotechnology,Biopharma,Biotech,Ordinary Share,,,,549300K1I5L8COCQ8W36,,
AYTU,NASDAQ,NCM,NasdaqCM,Primary,,2008,US0547548588,BBG000VC2PT9,BBG000VC2PT9,BBG001T21Q11,1385818,Aytu Biopharma Inc,United States,United States,USA,USD,https://aytubio.com,Healthcare,Drug Manufacturers - Specialty & Generic,Biopharma,Specialty & Generic Pharma,Ordinary Share,,,,549300SMWHEALCU7Q019,,
AZN,NYSE,NYQ,NYSE,ADR/Cross-listed,Primary listing likely in United Kingdom,,GB0009895292,BBG000BZ0DK8,BBG000BZ0DK8,BBG001SB80N8,901832,AstraZeneca PLC,United Kingdom,United States,GBR,USD,https://www.astrazeneca.com,Healthcare,Drug Manufacturers - General,Biopharma,Large Pharma,Ordinary Share,,,,PY6ZZQWO2IZFZC3IOL08,,Y
AZTR,NYSE,ASE,NYSE American,Primary,,2023,US05479L3024,BBG00GDC73T8,BBG00GDC73T8,BBG00GDC73V5,1701478,Azitra Inc,United States,United States,USA,USD,https://azitrainc.com,Healthcare,Biotechnology,Biopharma,Biotech,Ordinary Share,,,,,,
AMBUB DC,OMX Copenhagen,CPH,Copenhagen,Primary,,2004,,,,,,Ambu A/S,Denmark,Denmark,DNK,DKK,https://www.ambu.com,Healthcare,Medical Devices,MedTech,Hospital Supply & Equipment,,,,,,,Y
BANB.SW,SIX,EBS,Swiss,Primary,,,CH1176493729,BBG000BS0JW8,BBG000BS0JW8,BBG001SB0092,,Bachem Holding AG,Switzerland,Switzerland,CHE,CHF,https://www.bachem.com,Basic Materials,Chemicals,Biopharma,,Ordinary Share,,,,506700S81111XI7TG884,,
BAND,NASDAQ,NMS,NasdaqGS,Primary,,2017,US05988J1034,BBG001K003W2,BBG001K003W2,BBG001TFDMP2,1514416,Bandwidth Inc,United States,United States,USA,USD,https://www.bandwidth.com,Technology,Software - Infrastructure,SaaS,,Ordinary Share,,,,549300QC70JB7MUGXM66,,
BAVA.CO,OMX Copenhagen,CPH,Copenhagen,Primary,,,SGXZ32918005,BBG000FX2HV6,BBG000FX2H28,BBG001SD3068,,Bavarian Nordic A/S,Denmark,Denmark,DNK,DKK,https://www.bavarian-nordic.com,Healthcare,Biotechnology,Biopharma,Biotech,Ordinary Share,,,,,,
BAX,NYSE,NYQ,NYSE,Primary,,,US0718131099,BBG000BCVJ77,BBG000BCVJ77,BBG001S5P1K3,10456,Baxter International Inc.,United States,United States,USA,USD,https://www.baxter.com,Healthcare,Medical Instruments & Supplies,MedTech,Hospital Supply & Equipment,Ordinary Share,,,,J5OIVXX3P24RJRW5CK77,,Y
BAYN,XETRA,GER,XETRA,Primary,,,,BBG000BBWDG1,BBG000BBWDG1,BBG001S67NP8,,Bayer AG,Germany,Germany,DEU,EUR,https://www.bayer.com,Healthcare,Drug Manufacturers - General,Biopharma,Large Pharma,Ordinary Share,,,,,,Y
BBIO,NASDAQ,NMS,NasdaqGS,Primary,,2019,US10806X1028,BBG00P9KDZK6,BBG00P9KDZK6,BBG00P9KDZL5,1743881,BridgeBio Pharma Inc,United States,United States,USA,USD,https://bridgebio.com,Healthcare,Biotechnology,Biopharma,Biotech,Ordinary Share,,,,54930028YG89VTY2J114,,Y
BBNX,NASDAQ,NGM,NasdaqGM,Primary,,2025,US08659B1026,BBG00JNGG9Q2,BBG00JNGG9Q2,BBG00JNGG9R1,1674632,"Beta Bionics, Inc.",United States,United States,USA,USD,https://www.betabionics.com,Healthcare,Medical Devices,MedTech,Diabetes,Ordinary Share,2025-01-29,2025-04-29,2025-07-28,,,Y
BCAB,NASDAQ,NCM,NasdaqCM,Primary,,2020,US09077B1044,BBG00Y6GBT61,BBG00Y6GBT61,BBG00Y6GBV39,1826892,Bioatla Inc,United States,United States,USA,USD,https://www.bioatla.com,Healthcare,Biotechnology,Biopharma,Biotech,Ordinary Share,,,,,,
BCAX,NASDAQ,NGM,NasdaqGM,Primary,,2024,US0554771032,BBG00Z15DGK7,BBG00Z15DGK7,BBG00Z15DGL6,2023658,Bicara Therapeutics Inc,United States,United States,USA,USD,https://www.bicara.com,Healthcare,Biotechnology,Biopharma,Biotech,Ordinary Share,2024-09-12,2024-12-11,2025-03-11,,,
BCLI,OQB,OQB,OTC Markets OTCQB,,,2003,US10501E2019,BBG000FR6HQ1,BBG000FR6HQ1,BBG001SBSRN7,1137883,Brainstorm Cell Therapeutics Inc,United States,,USA,USD,https://www.brainstorm-cell.com,Healthcare,Biotechnology,Biopharma,Biotech,Ordinary Share,,,,,,
BCRX,NASDAQ,NMS,NasdaqGS,Primary,,,,BBG000BLYWX6,BBG000BLYWX6,BBG001S7K151,882796,BioCryst Pharmaceuticals Inc,United States,United States,USA,USD,https://www.biocryst.com,Healthcare,Drug Manufacturers - Specialty & Generic,Biopharma,Specialty & Generic Pharma,Ordinary Share,,,,,,
BCYC,NASDAQ,NMS,NasdaqGS,ADR/Cross-listed,Primary listing likely in United Kingdom,2019,,BBG00P0YWPK6,BBG00P0YWPK6,BBG00P0YWQ97,1761612,Bicycle Therapeutics PLC,United Kingdom,United States,GBR,USD,https://www.bicycletherapeutics.com,Healthcare,Biotechnology,Biopharma,Biotech,,,,,,,
BDX,NYSE,NYQ,NYSE,Primary,,,,BBG000BCZYD3,BBG000BCZYD3,BBG001S5P374,10795,Becton Dickinson and Co,United States,United States,USA,USD,https://www.bd.com,Healthcare,Medical Instruments & Supplies,MedTech,Hospital Supply & Equipment,Ordinary Share,,,,,,Y
BEAM,NASDAQ,NMS,NasdaqGS,Primary,,2020,US07373V1052,BBG00KXC8646,BBG00KXC8646,BBG00KXC8655,1745999,Beam Therapeutics Inc,United States,United States,USA,USD,https://beamtx.com,Healthcare,Biotechnology,Biopharma,Biotech,Ordinary Share,,,,,,
BFLY,NYSE,NYQ,NYSE,Primary,,2020,US1241551027,BBG00TN65975,BBG00TN65975,BBG00TN65984,1804176,"Butterfly Network, Inc.",United States,United States,USA,USD,https://www.butterflynetwork.com,Healthcare,Medical Devices,MedTech,Hospital Supply & Equipment,Ordinary Share,,,,,,Y
BFRG,NASDAQ,NCM,NasdaqCM,Primary,,2023,US12021E1091,BBG01BXY7SH6,BBG01BXY7SH6,BBG01BXY7TD8,1829247,Bullfrog AI Holdings Inc,United States,United States,USA,USD,https://www.bullfrogai.com,Healthcare,Health Information Services,Biopharma,,Ordinary Share,,,,,,
BFRI,NASDAQ,NCM,NasdaqCM,Primary,,2021,US09077D2099,BBG00HTD0PX0,BBG00HTD0PX0,BBG00HTD0PY9,1858685,Biofrontera Inc,United States,United States,USA,USD,https://www.biofrontera-us.com,Healthcare,Drug Manufacturers - Specialty & Generic,Biopharma,Specialty & Generic Pharma,Ordinary Share,,,,,,
BHC,NYSE,NYQ,NYSE,ADR/Cross-listed,Primary listing likely in Canada,,,BBG000DLFM21,BBG000DLFM21,BBG001S7WDP0,885590,Bausch Health Companies Inc,Canada,United States,CAN,USD,https://www.bauschhealth.com,Healthcare,Drug Manufacturers - Specialty & Generic,Biopharma,Specialty & Generic Pharma,,,,,,,
BHVN,NYSE,NYQ,NYSE,Primary,,2022,VGG1110E1079,BBG017BXV3Q9,BBG017BXV3Q9,BBG017BXV3R8,1935979,Biohaven Ltd,United States,United States,USA,USD,https://www.biohaven.com,Healthcare,Biotechnology,Biopharma,Biotech,Ordinary Share,,,,,,
BIAF,NASDAQ,NCM,NasdaqCM,Primary,,2022,US09076W3079,BBG00H69JDX1,BBG00H69JDX1,BBG00H69JDY0,1712762,bioAffinity Technologies Inc,United States,United States,USA,USD,https://www.bioaffinitytech.com,Healthcare,Diagnostics & Research,Biopharma,,Ordinary Share,,,,,,
BIIB,NASDAQ,NMS,NasdaqGS,Primary,,,US09062X1037,BBG000C17X76,BBG000C17X76,BBG001S67826,875045,Biogen Inc,United States,United States,USA,USD,https://www.biogen.com,Healthcare,Drug Manufacturers - General,Biopharma,Large Pharma,Ordinary Share,,,,W8J5WZB5IY3K0NDQT671,,Y
BILL,NYSE,NYQ,NYSE,Primary,,2019,US0900431000,BBG00QVJV6V4,BBG00QVJV6V4,BBG00QVJV7L3,1786352,BILL Holdings Inc,United States,United States,USA,USD,https://www.bill.com,Technology,Software - Application,SaaS,,Ordinary Share,,,,549300IBF9VZZIGOZW63,,
BIM,Euronext Paris,PAR,Paris,Primary,,2011,,BBG000BMX7W1,BBG000BMX6S8,BBG001S9NF71,,bioMerieux SA,France,France,FRA,EUR,https://www.biomerieux.com,Healthcare,Diagnostics & Research,MedTech,Diagnostics,,,,,,,Y
BIO,NYSE,NYQ,NYSE,Primary,,,US0905722072,BBG000DY28W5,BBG000DY28W5,BBG001S625W4,12208,"Bio-Rad Laboratories, Inc. Class A Common Stock",United States,United States,USA,USD,https://www.bio-rad.com,Healthcare,Medical Devices,MedTech,Life Science Tools,Ordinary Share,,,,549300ZC1GPV35XYDK53,,Y
BIOA,NASDAQ,NMS,NasdaqGS,Primary,,2024,US09077V1008,BBG00HBTB0M9,BBG00HBTB0M9,BBG00HBTB0N8,1709941,BIOAGE Labs Inc,United States,United States,USA,USD,https://bioagelabs.com,Healthcare,Drug Manufacturers - Specialty & Generic,Biopharma,Specialty & Generic Pharma,Ordinary Share,2024-09-25,2024-12-24,2025-03-24,,,
BIOA-B.ST,OMX Stockholm,STO,Stockholm,Primary,,2017,,,,,,BioArctic AB (publ),Sweden,Sweden,SWE,SEK,https://www.bioarctic.se,Healthcare,Biotechnology,Biopharma,Biotech,Ordinary Share,,,,,,
BIOCON.NS,NSE,NSI,NSE,Primary,,2004,INE376G01013,,,,,Biocon Limited,India,India,IND,INR,https://www.biocon.com,Healthcare,Biotechnology,Biopharma,Biotech,Ordinary Share,,,,335800NK3L7QCHLOC198,,
BION.SW,SIX,EBS,Swiss,Primary,,,,BBG000BF7S13,BBG000BF7S13,BBG001S7HYK6,,BB Biotech AG,Switzerland,Switzerland,CHE,CHF,https://www.bbbiotech.ch/en/bb-biotech/,Healthcare,Biotechnology,Biopharma,Biotech,Ordinary Share,,,,,,
BIOR,OTC,PNK,OTC Markets OTCPK,Primary,,2020,US74319F3055,,,,,"Biora Therapeutics, Inc.",United States,United States,USA,USD,https://www.bioratherapeutics.com,Healthcare,Biotechnology,Biopharma,Biotech,Ordinary Share,,,,,,
BKD,NYSE,NYQ,NYSE,Primary,,2005,US1124631045,BBG000J4L211,BBG000J4L211,BBG001SDHC58,1332349,Brookdale Senior Living Inc,United States,United States,USA,USD,https://www.brookdale.com,Healthcare,Medical Care Facilities,Healthcare Services,Healthcare Real Estate,Ordinary Share,,,,LH7MQB13NWY7CJ9VC445,,
BL,NASDAQ,NMS,NasdaqGS,Primary,,2016,US09239B1098,BBG0029KJVB0,BBG0029KJVB0,BBG0029KJVD8,1666134,Blackline Inc,United States,United States,USA,USD,https://www.blackline.com,Technology,Software - Application,SaaS,,Ordinary Share,,,,529900P9N7PK9LV5EK56,,
BLCO,NYSE,NYQ,NYSE,ADR/Cross-listed,Primary listing likely in Canada,2022,CA0717051076,BBG014KG1L68,BBG014KG1L68,BBG014KG1GY8,1860742,Bausch + Lomb Corporation,Canada,United States,CAN,USD,https://www.bausch.com,Healthcare,Medical Instruments & Supplies,MedTech,Ophthalmology,Ordinary Share,,,,,,Y
BLISSGVS.NS,NSE,NSI,NSE,Primary,,2010,,,,,,Bliss GVS Pharma Limited,India,India,IND,INR,https://www.blissgvs.com,Healthcare,Drug Manufacturers - Specialty & Generic,Biopharma,Specialty & Generic Pharma,Ordinary Share,,,,,,
BLND,NYSE,NYQ,NYSE,Primary,,2021,US09352U1088,BBG00D0YK7T7,BBG00D0YK7T7,BBG00D0YK7V4,1855747,Blend Labs Inc,United States,United States,USA,USD,https://blend.com,Technology,Software - Application,SaaS,,Ordinary Share,,,,,,
BLRX,NASDAQ,NCM,NasdaqCM,ADR/Cross-listed,Primary listing likely in Israel,2011,,BBG001Y26LK0,BBG001Y26LK0,BBG001Y26MC7,1498403,BioLine RX Ltd - ADR,Israel,United States,ISR,USD,https://www.biolinerx.com,Healthcare,Biotechnology,Biopharma,Biotech,,,,,,,
BLTE,NASDAQ,NCM,NasdaqCM,Primary,,2022,US07782B1044,BBG016LJYT18,BBG016LJYT18,BBG016LJYTW4,1889109,Belite Bio Inc,United States,United States,USA,USD,https://www.belitebio.com,Healthcare,Biotechnology,Biopharma,Biotech,Ordinary Share,,,,,,
BMRN,NASDAQ,NMS,NasdaqGS,Primary,,,US09061G1013,BBG000CZWZ05,BBG000CZWZ05,BBG001S76R05,1048477,Biomarin Pharmaceutical Inc,United States,United States,USA,USD,https://www.biomarin.com,Healthcare,Biotechnology,Biopharma,Biotech,Ordinary Share,,,,NSLL8ITTRR0J5HEMR848,,
BMY,NYSE,NYQ,NYSE,Primary,,,,BBG000DQLV23,BBG000DQLV23,BBG001S8N8J6,14272,Bristol-Myers Squibb Company,United States,United States,USA,USD,https://www.bms.com,Healthcare,Drug Manufacturers - General,Biopharma,Large Pharma,Ordinary Share,,,,,,Y
BNTC,NASDAQ,NCM,NasdaqCM,Primary,,2014,US08205P2092,BBG00R712L56,BBG00R712L56,BBG00R712L65,1808898,Benitec Biopharma Inc,United States,United States,USA,USD,https://benitec.com,Healthcare,Biotechnology,Biopharma,Biotech,Ordinary Share,,,,,,
BNTX,NASDAQ,NMS,NasdaqGS,ADR/Cross-listed,Primary listing likely in Germany,2019,,BBG00Q70B3V1,BBG00Q70B3V1,BBG00Q70B4L0,1776985,BioNTech SE - ADR,Germany,United States,DEU,USD,https://www.biontech.de,Healthcare,Biotechnology,Biopharma,Biotech,,,,,,,Y
BOI.PA,Euronext Paris,PAR,Paris,Primary,,,FR0000061129,BBG000BF2ZC0,BBG000BF2Y79,BBG001S6KD20,,Boiron SA,France,France,FRA,EUR,https://www.boiron.fr,Healthcare,Drug Manufacturers - Specialty & Generic,Biopharma,Specialty & Generic Pharma,Ordinary Share,,,,9695000UMPNY21KKDO98,,
BOLD,NASDAQ,NMS,NasdaqGS,Primary,,2024,US10170A1007,BBG00Q4W34T4,BBG00Q4W34T4,BBG00Q4W34V1,1782303,Boundless Bio Inc,United States,United States,USA,USD,https://boundlessbio.com,Healthcare,Biotechnology,Biopharma,Biotech,Ordinary Share,2024-03-27,2024-06-25,2024-09-23,,,
BOT.AX,ASX,ASX,ASX,Primary,,,,BBG000BB1Y88,BBG000BB1Y88,BBG001S5PWL4,,Botanix Pharmaceuticals Limited,Australia,Australia,AUS,AUD,https://www.botanixpharma.com,Healthcare,Biotechnology,Biopharma,Biotech,Ordinary Share,,,,,,
BOX,NYSE,NYQ,NYSE,Primary,,2015,,BBG000PMSK08,BBG000PMSK08,BBG001T5R852,1372612,Box Inc,United States,United States,USA,USD,https://www.box.com,Technology,Software - Infrastructure,SaaS,,Ordinary Share,,,,,,
BRKR,NASDAQ,NMS,NasdaqGS,Primary,,,,BBG000CL1FG7,BBG000CL1FG7,BBG001SF69P0,1109354,Bruker Corp,United States,United States,USA,USD,https://www.bruker.com,Healthcare,Medical Devices,MedTech,Life Science Tools,Ordinary Share,,,,,,Y
BRNS,NASDAQ,NGM,NasdaqGM,ADR/Cross-listed,Primary listing likely in United Kingdom,2021,,BBG00ZZPCP09,BBG00ZZPCP09,BBG00ZZPCPV5,1828185,Barinthus Biotherapeutics PLC - ADR,United Kingdom,United States,GBR,USD,https://www.barinthusbio.com,Healthcare,Biotechnology,Biopharma,Biotech,,,,,,,
BRZE,NASDAQ,NMS,NasdaqGS,Primary,,2021,US10576N1028,BBG00294NX45,BBG00294NX45,BBG00294NX54,1676238,Braze Inc,United States,United States,USA,USD,https://www.braze.com,Technology,Software - Application,SaaS,,Ordinary Share,,,,,,
BSLN.SW,SIX,EBS,Swiss,Primary,,2004,,BBG000BWPGB1,BBG000BWPGB1,BBG001SCQ314,,Basilea Pharmaceutica AG,Switzerland,Switzerland,CHE,CHF,https://www.basilea.com,Healthcare,Biotechnology,Biopharma,Biotech,Ordinary Share,,,,,,
BSX,NYSE,NYQ,NYSE,Primary,,,,BBG000C0LW92,BBG000C0LW92,BBG001S63L94,885725,Boston Scientific Corp,United States,United States,USA,USD,https://www.bostonscientific.com,Healthcare,Medical Devices,MedTech,Cardiovascular,Ordinary Share,,,,,,Y
BTAI,NASDAQ,NCM,NasdaqCM,Primary,,2018,US09075P2048,BBG00K20GVD2,BBG00K20GVD2,BBG00K20GW31,1720893,BioXcel Therapeutics Inc,United States,United States,USA,USD,https://www.bioxceltherapeutics.com,Healthcare,Drug Manufacturers - Specialty & Generic,Biopharma,Specialty & Generic Pharma,Ordinary Share,,,,549300Y25FYZ0E8LW260,,
BTSG,NASDAQ,NMS,NasdaqGS,Primary,,2024,US10950A1060,BBG0132WL1X7,BBG0132WL1X7,BBG0132WL2T0,1865782,Brightspring Health Services Inc,United States,United States,USA,USD,https://www.brightspringhealth.com,Healthcare,Health Information Services,Healthcare Services,Post-Acute,Ordinary Share,2024-01-25,2024-04-24,2024-07-23,,,Y
BYSI,NASDAQ,NCM,NasdaqCM,Primary,,2017,KYG108301006,BBG00F9YLST6,BBG00F9YLST6,BBG00F9YLSV3,1677940,Beyondspring Inc,United States,United States,USA,USD,https://beyondspringpharma.com,Healthcare,Biotechnology,Biopharma,Biotech,Ordinary Share,,,,,,
C43.F,Frankfurt,FRA,Frankfurt,ADR/Cross-listed,Primary listing likely in Ireland,2007,,,,,,Cosmo Pharmaceuticals N.V.,Ireland,Germany,IRL,EUR,https://www.cosmopharma.com,Healthcare,Drug Manufacturers - General,Biopharma,Specialty & Generic Pharma,,,,,,,
CABA,NASDAQ,NMS,NasdaqGS,Primary,,2019,US12674W1099,BBG00MJ3BKW2,BBG00MJ3BKW2,BBG00MJ3BKX1,1759138,Cabaletta Bio Inc,United States,United States,USA,USD,https://www.cabalettabio.com,Healthcare,Biotechnology,Biopharma,Biotech,Ordinary Share,,,,,,
CAH,NYSE,NYQ,NYSE,Primary,,,US14149Y1082,BBG000D898T9,BBG000D898T9,BBG001S7PC34,721371,Cardinal Health Inc,United States,United States,USA,USD,https://www.cardinalhealth.com,Healthcare,Medical Distribution,Healthcare Services,Distributors,Ordinary Share,,,,CCU46N3GJMF4OK4N7U60,,Y
CAI,NASDAQ,NMS,NasdaqGS,Primary,,2025,US1421521071,BBG00255V2N4,BBG00255V2N4,BBG00255V2P2,2019410,Caris Life Sciences Inc,United States,United States,USA,USD,https://www.carislifesciences.com,Healthcare,Biotechnology,Biopharma,Biotech,Ordinary Share,,,,,,
CALA,OTC,PNK,OTC Markets OTCPK,Primary,,2014,US13089P5070,BBG001J26KY4,BBG001J26KY4,BBG001V0G5Y6,,Calithera Biosciences Inc,United States,United States,USA,USD,https://www.calithera.com,Financial Services,Shell Companies,Biopharma,,Ordinary Share,,,,54930042TDFRLM4C8X19,,
CAMP,NASDAQ,NGM,NasdaqGM,Primary,,2024,,BBG00L2CHQ80,BBG00L2CHQ80,BBG00L2CHQ99,1736730,CAMP4 Therapeutics Corp,United States,United States,USA,USD,https://www.camp4tx.com,Healthcare,Biotechnology,Biopharma,Biotech,Ordinary Share,2024-10-10,2025-01-08,2025-04-08,,,
CANF,NYSE,ASE,NYSE American,ADR/Cross-listed,Primary listing likely in Israel,2012,US13471N4097,BBG003CMFDM2,BBG003CMFDM2,BBG003CMFFC8,1536196,Can Fite Biopharma ADR Representing 300 Ord Shs,Israel,United States,ISR,USD,https://www.canfite.com,Healthcare,Biotechnology,Biopharma,Biotech,Depositary Receipt,,,,,,
CAPR,NASDAQ,NMS,NasdaqGS,Primary,,2007,US14070B3096,BBG000DZMK99,BBG000DZMK99,BBG001SKJV12,1133869,Capricor Therapeutics Inc,United States,United States,USA,USD,https://www.capricor.com,Healthcare,Biotechnology,Biopharma,Biotech,Ordinary Share,,,,5493002ZI5PDLXV4DX14,,
CARA,Oslo Bors,,,,,,US1407551092,BBG0029H4BZ1,BBG0029H4BY2,BBG0029H4C16,,Carasent AB (publ),Norway,Norway,NOR,NOK,,,,Biopharma,,Ordinary Share,,,,,,
CASIF,OTC,PNK,OTC Markets OTCPK,ADR/Cross-listed,Primary listing likely in China,1996,US14757U2087,BBG01DSTT3T7,BBG01DSTT3T7,BBG01DSTT3Z0,1962738,CASI Pharmaceuticals Inc,China,United States,CHN,USD,https://www.casipharmaceuticals.com,Healthcare,Biotechnology,Biopharma,Biotech,Ordinary Share,,,,549300RYDG4U21PJZ263,,
CAT,NYSE,NYQ,NYSE,Primary,,,US1491231015,BBG000BF0K17,BBG000BF0K17,BBG001S5PJ06,18230,Caterpillar Inc,United States,United States,USA,USD,https://www.caterpillar.com,Industrials,Farm & Heavy Construction Machinery,Industrials,,Ordinary Share,,,,WRJR7GS4GTRECRRTVX92,,Y
CATX,NYSE,ASE,NYSE American,Primary,,2005,US46489V3024,BBG000BG5HT7,BBG000BG5HT7,BBG001S5Q300,728387,Perspective Therapeutics Inc,United States,United States,USA,USD,https://www.perspectivetherapeutics.com,Healthcare,Medical Devices,Biopharma,,Ordinary Share,,,,5493005LRKM6BCABC605,,
CCCC,NASDAQ,NMS,NasdaqGS,Primary,,2020,US12529R1077,BBG00BV2Y9B7,BBG00BV2Y9B7,BBG00BV2Y9C6,1662579,C4 Therapeutics Inc,United States,United States,USA,USD,https://www.c4therapeutics.com,Healthcare,Biotechnology,Biopharma,Biotech,Ordinary Share,,,,,,
CDXS,NASDAQ,NMS,NasdaqGS,Primary,,2010,US1920051067,BBG000RN0GZ5,BBG000RN0GZ5,BBG001SV4129,1200375,Codexis Inc,United States,United States,USA,USD,https://www.codexis.com,Healthcare,Biotechnology,Biopharma,Biotech,Ordinary Share,,,,549300KGLM6CDPTVSE20,,
CELU,NASDAQ,NCM,NasdaqCM,Primary,,2019,,BBG00P2RTT34,BBG00P2RTT34,BBG00P2RTT43,1752828,Celularity Inc,United States,United States,USA,USD,https://www.celularity.com,Healthcare,Biotechnology,Biopharma,Biotech,Ordinary Share,,,,,,
CERT,NASDAQ,NMS,NasdaqGS,Primary,,2020,US15687V1098,BBG00Y7BR4K3,BBG00Y7BR4K3,BBG00Y7BR4L2,1827090,"Certara, Inc.",United States,United States,USA,USD,https://www.certara.com,Healthcare,Health Information Services,Healthcare Services,Life Science Software,Ordinary Share,,,,,,Y
CGEM,NASDAQ,NMS,NasdaqGS,Primary,,2021,,BBG00HW2DGQ4,BBG00HW2DGQ4,BBG00HW2DGR3,1789972,Cullinan Therapeutics Inc,United States,United States,USA,USD,https://cullinantherapeutics.com,Healthcare,Biotechnology,Biopharma,Biotech,Ordinary Share,,,,,,
CGON,NASDAQ,NMS,NasdaqGS,Primary,,2024,US1569441009,BBG00YHKK4Q3,BBG00YHKK4Q3,BBG00YHKK4R2,1991792,CG Oncology Inc,United States,United States,USA,USD,https://cgoncology.com,Healthcare,Biotechnology,Biopharma,Biotech,Ordinary Share,2024-01-24,2024-04-23,2024-07-22,,,
CHCT,NYSE,NYQ,NYSE,Primary,,2015,,BBG008G2P3M2,BBG008G2P3M2,BBG008G2P3N1,1631569,Community Healthcare Trust Inc,United States,United States,USA,USD,https://www.chct.reit,Real Estate,REIT - Healthcare Facilities,Healthcare Services,Healthcare Real Estate,Ordinary Share,,,,,,
CHE,NYSE,NYQ,NYSE,Primary,,,US16359R1032,BBG000C19QW1,BBG000C19QW1,BBG001S679X0,19584,Chemed Corp,United States,United States,USA,USD,https://www.chemed.com,Healthcare,Medical Care Facilities,Healthcare Services,Post-Acute,Ordinary Share,,,,54930020031IDJT2IM79,,Y
CHKP,NASDAQ,NMS,NasdaqGS,ADR/Cross-listed,Primary listing likely in Israel,,,BBG000K82ZT8,BBG000K82ZT8,BBG001SB85K0,1015922,Check Point Software Technologies Ltd,Israel,United States,ISR,USD,https://www.checkpoint.com,Technology,Software - Infrastructure,Tech,,,,,,,,
CHRS,NASDAQ,NGM,NasdaqGM,Primary,,2014,,BBG0063N8V69,BBG0063N8V69,BBG0063N8V87,1512762,Coherus Oncology Inc,United States,United States,USA,USD,https://www.coherus.com,Healthcare,Biotechnology,Biopharma,Biotech,Ordinary Share,,,,,,
CI,NYSE,NYQ,NYSE,Primary,,,US1255231003,BBG00KXRCDP0,BBG00KXRCDP0,BBG00KXRCDQ9,1739940,Cigna Group,United States,United States,USA,USD,https://www.thecignagroup.com,Healthcare,Healthcare Plans,Healthcare Services,Mgd Care,Ordinary Share,,,,549300VIWYMSIGT1U456,,Y
CIGI,NASDAQ,NMS,NasdaqGS,ADR/Cross-listed,Primary listing likely in Canada,,CA1946931070,BBG000BN6P22,BBG000BN6P22,BBG001S79G88,913353,Colliers International Group Inc,Canada,United States,CAN,USD,https://www.colliers.com,Real Estate,Real Estate Services,Real Estate,,Ordinary Share,,,,,,Y
CING,NASDAQ,NCM,NasdaqCM,Primary,,2021,US17248W3034,BBG012G40MY2,BBG012G40MY2,BBG012G40NT6,1862150,Cingulate Inc,United States,United States,USA,USD,https://www.cingulate.com,Healthcare,Biotechnology,Biopharma,Biotech,Ordinary Share,,,,,,
CIPLA.NS,NSE,NSI,NSE,Primary,,,INE059A01026,BBG000CQ0FS4,BBG000CQ0FS4,BBG001S832Y4,,Cipla Limited,India,India,IND,INR,https://www.cipla.com,Healthcare,Drug Manufacturers - Specialty & Generic,Biopharma,Specialty & Generic Pharma,Ordinary Share,,,,335800KMJJYEDDK82Q34,,
CLDX,NASDAQ,NCM,NasdaqCM,Primary,,,US15117B2025,BBG000FW8LZ9,BBG000FW8LZ9,BBG001S7QN20,744218,Celldex Therapeutics Inc,United States,United States,USA,USD,https://www.celldex.com,Healthcare,Biotechnology,Biopharma,Biotech,Ordinary Share,,,,,,
CLLS,NASDAQ,NGM,NasdaqGM,ADR/Cross-listed,Primary listing likely in France,2015,,BBG0084L1XN2,BBG0084L1XN2,BBG0084L1YD1,1627281,Cellectis SA,France,United States,FRA,USD,https://www.cellectis.com,Healthcare,Biotechnology,Biopharma,Biotech,,,,,,,
CLN.WA,WSE,WSE,Warsaw,Primary,,2017,,,,,,Celon Pharma S.A.,Poland,Poland,POL,PLN,https://www.celonpharma.com,Healthcare,Drug Manufacturers - Specialty & Generic,Biopharma,Specialty & Generic Pharma,Ordinary Share,,,,,,
CLOV,NASDAQ,NMS,NasdaqGS,Primary,,2020,US18914F1030,BBG00SHY90J5,BBG00SHY90J5,BBG00SHY90K3,1801170,Clover Health Investments Corp,United States,United States,USA,USD,https://www.cloverhealth.com,Healthcare,Healthcare Plans,Healthcare Services,Mgd Care,Ordinary Share,,,,5493000HLYOYQU6LK133,,Y
CLS.JO,JSE,JNB,Johannesburg,Primary,,,,BBG000BWY9T8,BBG000BWY9J9,BBG001S79056,,Clicks Group Limited,South Africa,South Africa,ZAF,ZAc,https://www.clicksgroup.co.za,Healthcare,Pharmaceutical Retailers,Biopharma,,Ordinary Share,,,,,,
CLSD,NASDAQ,NGM,NasdaqGM,Primary,,2026,US1850631045,,,,,"Clearside Biomedical, Inc.",United States,United States,USA,USD,https://clearsidebio.com,Healthcare,Biotechnology,Biopharma,Biotech,Ordinary Share,,,,,,
CMPX,NASDAQ,NCM,NasdaqCM,Primary,,2021,US20454B1044,BBG00LPXKF25,BBG00LPXKF25,BBG00LPXKF34,1738021,Compass Therapeutics Inc.,United States,United States,USA,USD,https://www.compasstherapeutics.com,Healthcare,Biotechnology,Biopharma,Biotech,Ordinary Share,,,,,,
CNC,NYSE,NYQ,NYSE,Primary,,2001,,BBG000BDXCJ5,BBG000BDXCJ5,BBG001S6T7Q8,1071739,Centene Corp,United States,United States,USA,USD,https://www.centene.com,Healthcare,Healthcare Plans,Healthcare Services,Mgd Care,Ordinary Share,,,,,,Y
CNI,NYSE,NYQ,NYSE,ADR/Cross-listed,Primary listing likely in Canada,,,BBG000HS74G6,BBG000HS74G6,BBG001S8WVQ7,16868,Canadian National Railway Co,Canada,United States,CAN,USD,https://www.cn.ca,Industrials,Railroads,Industrials,,,,,,,,Y
CNMD,NYSE,NYQ,NYSE,Primary,,,,BBG000BFZVH8,BBG000BFZVH8,BBG001S5PZH2,816956,CONMED Corporation,United States,United States,USA,USD,https://www.conmed.com,Healthcare,Medical Devices,MedTech,Surgery,Ordinary Share,,,,,,Y
CNTX,NASDAQ,NCM,NasdaqCM,Primary,,2021,,BBG011YW6H86,BBG011YW6H86,BBG011YW6J46,1842952,Context Therapeutics Inc,United States,United States,USA,USD,https://www.contexttherapeutics.com,Healthcare,Biotechnology,Biopharma,Biotech,Ordinary Share,,,,,,
COCP,NASDAQ,NCM,NasdaqCM,Primary,,2012,US19188J4094,BBG000V27360,BBG000V27360,BBG001T107W2,1412486,Cocrystal Pharma Inc,United States,United States,USA,USD,https://www.cocrystalpharma.com,Healthcare,Biotechnology,Biopharma,Biotech,Ordinary Share,,,,549300QCJ6RBUJKI7S66,,
COGT,NASDAQ,NMS,NasdaqGS,Primary,,2018,US19240Q2012,BBG007DHZQR7,BBG007DHZQR7,BBG007DHY102,1622229,Cogent Biosciences Inc,United States,United States,USA,USD,https://www.cogentbio.com,Healthcare,Biotechnology,Biopharma,Biotech,Ordinary Share,,,,,,
COH.AX,ASX,ASX,ASX,Primary,,,,BBG000FT0MR1,BBG000FT0MR1,BBG001S8MY64,,Cochlear Limited,Australia,Australia,AUS,AUD,https://www.cochlear.com,Healthcare,Medical Devices,MedTech,Hearing Aid,Ordinary Share,,,,,,Y
COIN,NASDAQ,NMS,NasdaqGS,Primary,,2021,,BBG00ZGF7771,BBG00ZGF7771,BBG00ZGF7799,1679788,Coinbase Global Inc,United States,United States,USA,USD,https://www.coinbase.com,Financial Services,Financial Data & Stock Exchanges,Financials,,Ordinary Share,,,,,,Y
COLL,NASDAQ,NMS,NasdaqGS,Primary,,2015,US19459J1043,BBG000N7LPW4,BBG000N7LPW4,BBG001T535S9,1267565,Collegium Pharmaceutical Inc,United States,United States,USA,USD,https://www.collegiumpharma.com,Healthcare,Drug Manufacturers - Specialty & Generic,Biopharma,Specialty & Generic Pharma,Ordinary Share,,,,54930049FXZMTLW8D496,,
COLOB DC,OMX Copenhagen,YHD,YHD,Primary,,,,BBG000BLV8Z0,BBG000BLV8N3,BBG001S97633,,Coloplast A/S,Denmark,Denmark,DNK,DKK,https://www.coloplast.com,Healthcare,Medical Instruments & Supplies,MedTech,Urology,,,,,,,Y
CON,NYSE,NYQ,NYSE,Primary,,2024,US20603L1026,BBG01NBZ7QD9,BBG01NBZ7QD9,BBG01NBZ7R83,2014596,Concentra Group Holdings Parent Inc,United States,United States,USA,USD,https://www.concentra.com,Healthcare,Medical Care Facilities,Healthcare Services,Post-Acute,Ordinary Share,,,,,,Y
COO,NASDAQ,NMS,NasdaqGS,Primary,,,,BBG000BG3445,BBG000BG3445,BBG001S5Q1H6,711404,"The Cooper Companies, Inc.",United States,United States,USA,USD,https://www.coopercos.com,Healthcare,Medical Instruments & Supplies,MedTech,Ophthalmology,Ordinary Share,,,,,,Y
COR,NYSE,NYQ,NYSE,Primary,,,,BBG000MDCQC2,BBG000MDCQC2,BBG001S8X7P0,1140859,Cencora Inc,United States,United States,USA,USD,https://www.cencora.com,Healthcare,Medical Distribution,Healthcare Services,Distributors,Ordinary Share,,,,,,Y
CORT,NASDAQ,NCM,NasdaqCM,Primary,,2004,,BBG000BKJG33,BBG000BKJG33,BBG001S8QGV1,1088856,Corcept Therapeutics Inc,United States,United States,USA,USD,https://www.corcept.com,Healthcare,Biotechnology,Biopharma,Biotech,Ordinary Share,,,,,,
COYA,NASDAQ,NCM,NasdaqCM,Primary,,2022,US22407B1089,BBG00Z4HBCB9,BBG00Z4HBCB9,BBG00Z4HBCC8,1835022,Coya Therapeutics Inc,United States,United States,USA,USD,https://coyatherapeutics.com,Healthcare,Biotechnology,Biopharma,Biotech,Ordinary Share,,,,,,
CP,NYSE,NYQ,NYSE,ADR/Cross-listed,Primary listing likely in Canada,,CA13646K1084,BBG000BCVMH9,BBG000BCVMH9,BBG001S7F4Z8,16875,Canadian Pacific Kansas City Ltd,Canada,United States,CAN,USD,https://www.cpkcr.com,Industrials,Railroads,Industrials,,Ordinary Share,,,,,,Y
CPH,TSX,TOR,Toronto,Primary,,2016,CA17253X1050,BBG000BLLNY9,BBG000BLLNM2,BBG001S7HSZ3,,Cipher Pharmaceuticals Inc,Canada,Canada,CAN,CAD,https://www.cipherpharma.com,Healthcare,Drug Manufacturers - Specialty & Generic,Biopharma,Specialty & Generic Pharma,Ordinary Share,,,,213800T44AN9XSAOY605,,
CRBP,NASDAQ,NCM,NasdaqCM,Primary,,2014,US21833P3010,BBG0078PJKQ7,BBG0078PJKQ7,BBG0078PJKP8,1595097,Corbus Pharmaceuticals Holdings Inc,United States,United States,USA,USD,https://www.corbuspharma.com,Healthcare,Biotechnology,Biopharma,Biotech,Ordinary Share,,,,,,
CRIS,NASDAQ,NCM,NasdaqCM,Primary,,,US2312693094,BBG000C1GTC9,BBG000C1GTC9,BBG001SFR6R1,1108205,Curis Inc,United States,United States,USA,USD,https://www.curis.com,Healthcare,Biotechnology,Biopharma,Biotech,Ordinary Share,,,,5299000YO6CX4WMFVX06,,
CRL,NYSE,NYQ,NYSE,Primary,,,US1598641074,BBG000BG5BL8,BBG000BG5BL8,BBG001S7Q271,1100682,Charles River Lbrtrs ntrntl Inc,United States,United States,USA,USD,https://www.criver.com,Healthcare,Diagnostics & Research,Healthcare Services,CRO,Ordinary Share,,,,549300BSQ0R4UZ5KX287,,Y
CRM,NYSE,NYQ,NYSE,Primary,,2004,,BBG000BN2DC2,BBG000BN2DC2,BBG001SDLP09,1108524,"Salesforce, Inc.",United States,United States,USA,USD,https://www.salesforce.com,Technology,Software - Application,Tech,,Ordinary Share,,,,,,
CRMD,NASDAQ,NGM,NasdaqGM,Primary,,2010,US21900C3088,BBG000Q4BQK0,BBG000Q4BQK0,BBG001T6FWS5,1410098,CorMedix Inc,United States,United States,USA,USD,https://cormedix.com,Healthcare,Biotechnology,Biopharma,Biotech,Ordinary Share,,,,5299006YIA3L0MBW8358,,
CRNO-B.ST,OMX Stockholm,STO,Stockholm,Primary,,2016,,,,,,Cereno Scientific AB (publ),Sweden,Sweden,SWE,SEK,https://www.cerenoscientific.com,Healthcare,Drug Manufacturers - Specialty & Generic,Biopharma,Specialty & Generic Pharma,Ordinary Share,,,,,,
CRNX,NASDAQ,NMS,NasdaqGS,Primary,,2018,US22663K1079,BBG00BC59224,BBG00BC59224,BBG00BC592C3,1658247,Crinetics Pharmaceuticals Inc,United States,United States,USA,USD,https://www.crinetics.com,Healthcare,Biotechnology,Biopharma,Biotech,Ordinary Share,,,,549300Q1CNFXK5P31D28,,Y
CROX,NASDAQ,NMS,NasdaqGS,Primary,,2006,US2270461096,BBG000BLY663,BBG000BLY663,BBG001SDGFR8,1334036,Crocs Inc,United States,United States,USA,USD,https://www.crocs.com,Consumer Cyclical,Footwear & Accessories,Consumer,,Ordinary Share,,,,969500YEQRY2T8Z7W336,,Y
CRSP,NASDAQ,NGM,NasdaqGM,ADR/Cross-listed,Primary listing likely in Switzerland,2016,CH0334081137,BBG00DBBGRX1,BBG00DBBGRX1,BBG00DBBGRY0,1674416,Crispr Therapeutics AG,Switzerland,United States,CHE,USD,https://www.crisprtx.com,Healthcare,Biotechnology,Biopharma,Biotech,Ordinary Share,,,,506700O6IRRIQLT3W370,,Y
CRVO,NASDAQ,NCM,NasdaqCM,Primary,,2008,,BBG000N6JH48,BBG000N6JH48,BBG001SD4Z42,1053691,CervoMed Inc,United States,United States,USA,USD,https://www.cervomed.com,Healthcare,Biotechnology,Biopharma,Biotech,Ordinary Share,,,,,,
CRVS,NASDAQ,NGM,NasdaqGM,Primary,,2016,US2210151005,BBG009F0TGH8,BBG009F0TGH8,BBG009F0TGJ6,1626971,Corvus Pharmaceuticals Inc,United States,United States,USA,USD,https://www.corvuspharma.com,Healthcare,Biotechnology,Biopharma,Biotech,Ordinary Share,,,,549300I3AVJ8F75NCX65,,
CRWD,NASDAQ,NMS,NasdaqGS,Primary,,2019,,BBG00BLYKS03,BBG00BLYKS03,BBG00BLYKRZ7,1535527,"CrowdStrike Holdings, Inc.",United States,United States,USA,USD,https://www.crowdstrike.com,Technology,Software - Infrastructure,Tech,,Ordinary Share,,,,,,Y
CSL,ASX,ASX,ASX,Primary,,,,BBG000BKBN81,BBG000BKBN81,BBG001S7YNK1,,CSL Ltd,Australia,Australia,AUS,AUD,https://www.csl.com,Healthcare,Biotechnology,Biopharma,,Ordinary Share,,,,,,Y
CSTL,NASDAQ,NGM,NasdaqGM,Primary,,2019,US14843C1053,BBG006YWVSR3,BBG006YWVSR3,BBG006YWVSS2,1447362,"Castle Biosciences, Inc.",United States,United States,USA,USD,https://castlebiosciences.com,Healthcare,Diagnostics & Research,MedTech,Diagnostics,Ordinary Share,,,,,,Y
CSU,TSX,TOR,Toronto,Primary,,2007,CA21037X1006,BBG000BMZ5P1,BBG000BMZ5P1,BBG001S9PLX7,,Constellation Software Inc.,Canada,Canada,CAN,CAD,https://www.csisoftware.com,Technology,Software - Application,Tech,,Ordinary Share,,,,,,Y
CTEC LN,LSE,LSE,LSE,Primary,,2016,,BBG00DYB1GX6,BBG000TC0LZ6,BBG001SZV8X1,,ConvaTec Group PLC,United Kingdom,United Kingdom,GBR,GBp,https://www.convatecgroup.com,Healthcare,Medical Instruments & Supplies,MedTech,Urology,Ordinary Share,,,,,,Y
CTMX,NASDAQ,NMS,NasdaqGS,Primary,,2015,,BBG001J472L3,BBG001J472L3,BBG001V0GS49,1501989,CytomX Therapeutics Inc,United States,United States,USA,USD,https://www.cytomx.com,Healthcare,Biotechnology,Biopharma,Biotech,Ordinary Share,,,,,,
CTNM,NASDAQ,NMS,NasdaqGS,Primary,,2024,US21217B1008,BBG01M27SVP6,BBG01M27SVP6,BBG01M27SWR2,1855175,Contineum Therapeutics Inc,United States,United States,USA,USD,https://www.contineum-tx.com,Healthcare,Biotechnology,Biopharma,Biotech,Ordinary Share,2024-04-04,2024-07-03,2024-10-01,,,
CTRE,NYSE,NYQ,NYSE,Primary,,2014,US14174T1079,BBG005KC4Z70,BBG005KC4Z70,BBG005KC4Z61,1590717,Caretrust REIT Inc,United States,United States,USA,USD,https://www.caretrustreit.com,Real Estate,REIT - Healthcare Facilities,Healthcare Services,Healthcare Real Estate,Ordinary Share,,,,5493001NVXE2B9GPLU96,,
CTSO,NASDAQ,NCM,NasdaqCM,Primary,,2006,,BBG000C3P8V0,BBG000C3P8V0,BBG001SL7YQ0,1175151,Cytosorbents Corp,United States,United States,USA,USD,https://www.cytosorbents.com,Healthcare,Medical Devices,Biopharma,,Ordinary Share,,,,,,
CTX.WA,WSE,WSE,Warsaw,Primary,,2021,,,,,,Captor Therapeutics Spolka Akcyjna,Poland,Poland,POL,PLN,https://www.captortherapeutics.com,Healthcare,Biotechnology,Biopharma,Biotech,Ordinary Share,,,,,,
CTXR,NASDAQ,NCM,NasdaqCM,Primary,,2014,US17322U3068,BBG001QQH2N3,BBG001QQH2N3,BBG001V1J7S4,1506251,Citius Pharmaceuticals Inc,United States,United States,USA,USD,https://citiuspharma.com,Healthcare,Biotechnology,Biopharma,Biotech,Ordinary Share,,,,5493005C10W36P4KQP40,,
CUE,NASDAQ,NCM,NasdaqCM,Primary,,2018,US22978P1066,BBG00FVMPFN7,BBG00FVMPFN7,BBG00FVMPFP5,1645460,Cue Biopharma Inc,United States,United States,USA,USD,https://www.cuebiopharma.com,Healthcare,Biotechnology,Biopharma,Biotech,Ordinary Share,,,,,,
CURN.SW,SIX,EBS,Swiss,Primary,,,,BBG000BGX5P6,BBG000BGX5P6,BBG001S7W7J0,,Curatis Holding AG,Switzerland,Switzerland,CHE,CHF,https://curatis.com,Healthcare,Drug Manufacturers - Specialty & Generic,Biopharma,Specialty & Generic Pharma,Ordinary Share,,,,,,
CUV.AX,ASX,ASX,ASX,Primary,,,,BBG000C41K83,BBG000C41K83,BBG001SFPXM9,,Clinuvel Pharmaceuticals Limited,Australia,Australia,AUS,AUD,https://www.clinuvel.com,Healthcare,Biotechnology,Biopharma,Biotech,Ordinary Share,,,,,,
CVAC,NASDAQ,,,,,,NL0015436031,,,,,CureVac N.V.,Germany,United States,DEU,USD,,,,Biopharma,,Ordinary Share,,,,,,
CVKD,NASDAQ,NCM,NasdaqCM,Primary,,2023,US1276362076,BBG019STRT20,BBG019STRT20,BBG019STRT39,1937993,Cadrenal Therapeutics Inc,United States,United States,USA,USD,https://www.cadrenal.com,Healthcare,Biotechnology,Biopharma,Biotech,Ordinary Share,2023-01-19,2023-04-19,2023-07-18,,,
CVM,NYSE,ASE,NYSE American,Primary,,,,BBG000H5G6L5,BBG000H5G6L5,BBG001SBRBG1,725363,CEL-SCI Corp,United States,United States,USA,USD,https://cel-sci.com,Healthcare,Biotechnology,Biopharma,Biotech,Ordinary Share,,,,,,
CVNA,NYSE,NYQ,NYSE,Primary,,2017,US1468691027,BBG00GCTWDJ3,BBG00GCTWDJ3,BBG00GCTWF71,1690820,Carvana Co,United States,United States,USA,USD,https://www.carvana.com,Consumer Cyclical,Auto & Truck Dealerships,Consumer,,Ordinary Share,,,,5493003WEAK2PJ5WS063,,Y
CVS,NYSE,NYQ,NYSE,Primary,,,US1266501006,BBG000BGRY34,BBG000BGRY34,BBG001S5QBD8,64803,CVS Health Corp,United States,United States,USA,USD,https://www.cvshealth.com,Healthcare,Healthcare Plans,Healthcare Services,Mgd Care,Ordinary Share,,,,549300EJG376EN5NQE29,,Y
CVSG.L,LSE,LSE,LSE,Primary,,2007,GB00B2863827,BBG000PZMZR3,BBG000PZMZR3,BBG001SRKMN1,,CVS Group Plc,United Kingdom,United Kingdom,GBR,GBP,https://www.cvsukltd.co.uk,Healthcare,Medical Care Facilities,Healthcare Services,Animal Health,Ordinary Share,,,,213800J41XDQ2NX48O05,,Y
CVT,NZX,NZE,NZSE,Primary,,2003,US1266771039,BBG000C53858,BBG000C537V1,BBG001SF28W8,,Comvita Ltd,New Zealand,New Zealand,NZL,NZD,https://www.comvita.co.nz,Consumer Defensive,Packaged Foods,SaaS,,,,,,,,
CXM,NYSE,NYQ,NYSE,Primary,,2021,US85208T1079,BBG0043NCD05,BBG0043NCD05,BBG0043NCD14,1569345,Sprinklr Inc,United States,United States,USA,USD,https://www.sprinklr.com,Technology,Software - Application,SaaS,,Ordinary Share,,,,,,
HELP,NYSE,NGM,NasdaqGM,ADR/Cross-listed,Primary listing likely in Canada,2019,CA23256X1006,BBG00MFNRRT4,BBG00MFNRRT4,BBG00HZ0NJ24,1833141,Cybin Inc,Canada,United States,CAN,USD,https://www.helus.com,Healthcare,Biotechnology,Biopharma,,Ordinary Share,,,,,,
CYBR,NASDAQ,NMS,,ADR/Cross-listed,Primary listing likely in Israel,2014,IL0011334468,,,,,CyberArk Software Ltd,Israel,United States,ISR,USD,https://www.cyberark.com,Technology,Software - Infrastructure,Tech,,,,,,,,
CYCN,NASDAQ,NCM,NasdaqCM,Primary,,2019,US23255M2044,BBG00KXXHYD9,BBG00KXXHYD9,BBG00KXXHZ46,1755237,Cyclerion Therapeutics Inc,United States,United States,USA,USD,https://www.cyclerion.com,Healthcare,Biotechnology,Biopharma,Biotech,Ordinary Share,,,,,,
CYH,NYSE,NYQ,NYSE,Primary,,,US2036681086,BBG000BDY3Y7,BBG000BDY3Y7,BBG001S89L85,1108109,Community Health Systems Inc,United States,United States,USA,USD,https://www.chs.net,Healthcare,Medical Care Facilities,Healthcare Services,Hospitals,Ordinary Share,,,,,,Y
CYTK,NASDAQ,NMS,NasdaqGS,Primary,,2004,,BBG000F0R4N9,BBG000F0R4N9,BBG001SGMVF2,1061983,"Cytokinetics, Inc.",United States,United States,USA,USD,https://www.cytokinetics.com,Healthcare,Biotechnology,Biopharma,Biotech,Ordinary Share,,,,,,Y
CYTO,NASDAQ,NCM,NasdaqCM,,,,BMG0360L2099,,,,,Cytophage Technologies Ltd,United States,United States,USA,USD,,,,Biopharma,,,,,,,,
DAE,SIX,EBS,Swiss,Primary,,2014,,BBG000BBY3P1,BBG000BBY3P1,BBG001S68344,,Daetwyler Holding AG,Switzerland,Switzerland,CHE,CHF,https://www.datwyler.com,Industrials,Industrial Distribution,MedTech,Packaging,,,,,,,Y
DARE,NASDAQ,NCM,NasdaqCM,Primary,,2014,US23666P2002,BBG001J2P362,BBG001J2P362,BBG001V0GDP9,1401914,Dare Bioscience Inc,United States,United States,USA,USD,https://darebioscience.com,Healthcare,Biotechnology,Biopharma,Biotech,Ordinary Share,,,,,,
DBVT,NASDAQ,NCM,NasdaqCM,ADR/Cross-listed,Primary listing likely in France,2014,US23306J3095,BBG0076D3T39,BBG0076D3T39,BBG0076D3TV8,1613780,DBV Technologies SA - ADR,France,United States,FRA,USD,https://www.dbv-technologies.com,Healthcare,Biotechnology,Biopharma,Biotech,Depositary Receipt,,,,,,
DBX,NASDAQ,NMS,NasdaqGS,Primary,,2018,,BBG0018SLDN0,BBG0018SLDN0,BBG001TFLWN3,1467623,"Dropbox, Inc.",United States,United States,USA,USD,https://www.dropbox.com,Technology,Software - Infrastructure,Tech,,Ordinary Share,,,,,,Y
DCGO,NASDAQ,NCM,NasdaqCM,Primary,,2020,US2560861096,BBG00YB8JBK8,BBG00YB8JBK8,BBG00YB8JBL7,1822359,DocGo Inc,United States,United States,USA,USD,https://www.docgo.com,Healthcare,Medical Care Facilities,Healthcare Services,HIT,Ordinary Share,,,,,,Y
DDOG,NASDAQ,NMS,NasdaqGS,Primary,,2019,US23804L1035,BBG003NJHZT9,BBG003NJHZT9,BBG003NJHZW5,1561550,"Datadog, Inc.",United States,United States,USA,USD,https://www.datadoghq.com,Technology,Software - Application,Tech,,Ordinary Share,,,,549300F6JNO0KRPO1K63,,
DERM,NASDAQ,NCM,NasdaqCM,Primary,,2021,,BBG00ZWVDRK2,BBG00ZWVDRK2,BBG00ZWVDRL1,1867066,Journey Medical Corp,United States,United States,USA,USD,https://journeymedicalcorp.com,Healthcare,Drug Manufacturers - Specialty & Generic,Biopharma,Specialty & Generic Pharma,Ordinary Share,,,,,,
DGX,NYSE,NYQ,NYSE,Primary,,,,BBG000BN84F3,BBG000BN84F3,BBG001S9GX43,1022079,Quest Diagnostics Inc,United States,United States,USA,USD,https://www.questdiagnostics.com,Healthcare,Diagnostics & Research,Healthcare Services,Labs,Ordinary Share,,,,,,Y
DH,NASDAQ,NMS,NasdaqGS,Primary,,2021,,BBG01282ZJM7,BBG01282ZJM7,BBG01282ZKG1,1861795,Definitive Healthcare Corp,United States,United States,USA,USD,https://www.definitivehc.com,Healthcare,Health Information Services,Healthcare Services,HIT,Ordinary Share,,,,,,Y
DHC,NASDAQ,NMS,NasdaqGS,Primary,,,,BBG000BM2GS0,BBG000BM2GS0,BBG001S8MCB6,1075415,Diversified Healthcare Trust,United States,United States,USA,USD,https://www.dhcreit.com,Real Estate,REIT - Healthcare Facilities,Healthcare Services,Healthcare Real Estate,Ordinary Share,,,,,,
DHR,NYSE,NYQ,NYSE,Primary,,,,BBG000BH3JF8,BBG000BH3JF8,BBG001S5QGT0,313616,Danaher Corp,United States,United States,USA,USD,https://www.danaher.com,Healthcare,Diagnostics & Research,MedTech,Life Science Tools,Ordinary Share,,,,,,Y
DHT-UN.TO,TSX,TOR,Toronto,Primary,,2021,,,,,,DRI Healthcare Trust,Canada,Canada,CAN,CAD,https://www.dricapital.com,Healthcare,Drug Manufacturers - Specialty & Generic,Biopharma,Specialty & Generic Pharma,Ordinary Share,,,,,,
DIA.MI,Borsa Italiana,PCX,NYSEArca,Primary,,2007,IT0003492391,BBG000BTDS98,BBG000BTDS98,BBG001S8LH99,1041130,DiaSorin S.p.A.,Italy,Italy,ITA,EUR,https://int.diasorin.com,Healthcare,Diagnostics & Research,MedTech,Diagnostics,Ordinary Share,,,,54930039F2SG3UG2OZ18,,Y
DIVISLAB.NS,NSE,NSI,NSE,Primary,,2003,,,,,,Divi's Laboratories Limited,India,India,IND,INR,https://www.divislabs.com,Healthcare,Drug Manufacturers - Specialty & Generic,Biopharma,Specialty & Generic Pharma,Ordinary Share,,,,,,
DNA,NYSE,NYQ,NYSE,Primary,,2021,US37611X2099,BBG00YPS1KY3,BBG00YPS1KY3,BBG00YPS1LT7,1830214,Ginkgo Bioworks Holdings Inc,United States,United States,USA,USD,https://www.ginkgo.bio,Healthcare,Biotechnology,Biopharma,Biotech,Ordinary Share,,,,,,
DNLI,NASDAQ,NMS,NasdaqGS,Primary,,2017,US24823R1059,BBG008P7F869,BBG008P7F869,BBG008P7F878,1714899,Denali Therapeutics Inc,United States,United States,USA,USD,https://www.denalitherapeutics.com,Healthcare,Biotechnology,Biopharma,Biotech,Ordinary Share,,,,549300ZTQ2HO18L3Q830,,
DOC,NYSE,NYQ,NYSE,Primary,,,US42250P1030,BBG000BKYDP9,BBG000BKYDP9,BBG001S5RTS2,765880,Healthpeak Properties Inc,United States,United States,USA,USD,https://www.healthpeak.com,Real Estate,REIT - Healthcare Facilities,Real Estate,Healthcare Real Estate,Ordinary Share,,,,,,
DOCM.SW,SIX,EBS,Swiss,Primary,,2017,,BBG000PJNZT6,BBG000PJNZT6,BBG001T5NXJ6,,DocMorris AG,Switzerland,Switzerland,CHE,CHF,https://corporate.docmorris.com/en,Healthcare,Pharmaceutical Retailers,Biopharma,,Ordinary Share,,,,,,
DOCN,NYSE,NYQ,NYSE,Primary,,2021,,BBG00ZGF6SS3,BBG00ZGF6SS3,BBG00ZGF6TM7,1582961,DigitalOcean Holdings Inc,United States,United States,USA,USD,https://www.digitalocean.com,Technology,Software - Infrastructure,SaaS,,Ordinary Share,,,,,,
DOCS,NYSE,NYQ,NYSE,Primary,,2021,US26622P1075,BBG0026ZJQX7,BBG0026ZJQX7,BBG0026ZJQY6,1516513,"Doximity, Inc.",United States,United States,USA,USD,https://www.doximity.com,Healthcare,Health Information Services,Healthcare Services,HIT,Ordinary Share,,,,,,Y
DOCU,NASDAQ,NMS,NasdaqGS,Primary,,2018,US2561631068,BBG000N7KJX8,BBG000N7KJX8,BBG001T535D5,1261333,Docusign Inc,United States,United States,USA,USD,https://www.docusign.com,Technology,Software - Application,SaaS,,Ordinary Share,,,,549300Q7PVDWRZ39JG09,,
DOMO,NASDAQ,NGM,NasdaqGM,Primary,,2018,US2575541055,BBG00L2NS0B7,BBG00L2NS0B7,BBG00L2NS125,1505952,Domo Inc,United States,United States,USA,USD,https://www.domo.com,Technology,Software - Application,SaaS,,Ordinary Share,,,,549300X57AGT5JULJ761,,
DRUG,NASDAQ,NCM,NasdaqCM,Primary,,2021,CA10919W4056,BBG00ZKX9FP7,BBG00ZKX9FP7,BBG00Z61F382,1827401,Bright Minds Biosciences Inc,United States,United States,USA,USD,https://brightmindsbio.com,Healthcare,Biotechnology,Biopharma,Biotech,Ordinary Share,,,,,,
DSGN,NASDAQ,NMS,NasdaqGS,Primary,,2021,US25056L1035,BBG00SNC49V8,BBG00SNC49V8,BBG00SNC49W7,1807120,Design Therapeutics Inc,United States,United States,USA,USD,https://www.designtx.com,Healthcare,Biotechnology,Biopharma,Biotech,Ordinary Share,,,,,,
DSP,NASDAQ,NMS,NasdaqGS,Primary,,2021,US92557A1016,BBG00Z0ZFGJ2,BBG00Z0ZFGJ2,BBG00Z0ZFHC7,1828791,Viant Technology Inc,United States,United States,USA,USD,https://www.viantinc.com,Technology,Software - Application,SaaS,,Ordinary Share,,,,,,
DT,NYSE,NYQ,NYSE,Primary,,2019,US2681501092,BBG00PNN7C40,BBG00PNN7C40,BBG00PNN7CW9,1773383,Dynatrace Inc,United States,United States,USA,USD,https://www.dynatrace.com,Technology,Software - Application,SaaS,,Ordinary Share,,,,,,
DTIL,NASDAQ,NCM,NasdaqCM,Primary,,2019,US74019P2074,BBG008NSBPV3,BBG008NSBPV3,BBG008NSBPW2,1357874,Precision BioSciences Inc,United States,United States,USA,USD,https://precisionbiosciences.com,Healthcare,Biotechnology,Biopharma,Biotech,Ordinary Share,,,,549300I5QGRS3BLHZH41,,
DV,NYSE,NYQ,NYSE,Primary,,2021,US25862V1052,BBG00ZNRRJM2,BBG00ZNRRJM2,BBG00ZNRRKL0,1819928,DoubleVerify Holdings Inc,United States,United States,USA,USD,https://www.doubleverify.com,Communication Services,Advertising Agencies,SaaS,,Ordinary Share,,,,,,
DVA,NYSE,NYQ,NYSE,Primary,,,US23918K1088,BBG000MQ1SN9,BBG000MQ1SN9,BBG001SB5DZ0,927066,Davita Inc,United States,United States,USA,USD,https://www.davita.com,Healthcare,Medical Care Facilities,Healthcare Services,Dialysis,Ordinary Share,,,,M2XHYMU3TZNEZURC6H66,,Y
DVAX,NASDAQ,NMS,,Primary,,2004,,,,,,Dynavax Technologies Corp,United States,United States,USA,USD,https://www.dynavax.com,Healthcare,Drug Manufacturers - Specialty & Generic,Biopharma,Specialty & Generic Pharma,Ordinary Share,,,,,,
DXCM,NASDAQ,NMS,NasdaqGS,Primary,,2005,US2521311074,BBG000QTF8K1,BBG000QTF8K1,BBG001SKZG99,1093557,"DexCom, Inc.",United States,United States,USA,USD,https://www.dexcom.com,Healthcare,Medical Devices,MedTech,Diabetes,Ordinary Share,,,,549300YSK3QDSFR5EU59,,Y
DYN,NASDAQ,NMS,NasdaqGS,Primary,,2020,US26818M1080,BBG00NSGPJD0,BBG00NSGPJD0,BBG00NSGPJF8,1818794,Dyne Therapeutics Inc,United States,United States,USA,USD,https://www.dyne-tx.com,Healthcare,Biotechnology,Biopharma,Biotech,Ordinary Share,,,,,,
EAPI.PA,Euronext Paris,PAR,Paris,Primary,,2022,,BBG016JF56K0,BBG0166S1906,BBG0166S1933,,Euroapi S.A.,France,France,FRA,EUR,https://www.euroapi.com/en,Healthcare,Drug Manufacturers - Specialty & Generic,Biopharma,Specialty & Generic Pharma,Ordinary Share,,,,,,
EBS,NYSE,NYQ,NYSE,Primary,,2006,US29089Q1058,BBG000GW06J7,BBG000GW06J7,BBG001SP1G40,1367644,Emergent Biosolutions Inc,United States,United States,USA,USD,https://www.emergentbiosolutions.com,Healthcare,Drug Manufacturers - Specialty & Generic,Biopharma,Specialty & Generic Pharma,Ordinary Share,,,,549300YW6TUOX8BE5103,,
ECOR,NASDAQ,NCM,NasdaqCM,Primary,,2018,US28531P2020,BBG006R93N12,BBG006R93N12,BBG006R93QQ8,1560258,"electroCore, Inc.",United States,United States,USA,USD,https://www.electrocore.com,Healthcare,Medical Devices,Biopharma,,Ordinary Share,,,,5493005O3QC5QV2L2186,,
EDIT,NASDAQ,NMS,NasdaqGS,Primary,,2016,US28106W1036,BBG005MX5GZ2,BBG005MX5GZ2,BBG005MX5H08,1650664,Editas Medicine Inc,United States,United States,USA,USD,https://www.editasmedicine.com,Healthcare,Biotechnology,Biopharma,Biotech,Ordinary Share,,,,5299000AON4Q9NT2JE42,,
EFTR,OTC,PNK,OTC Markets OTCPK,Primary,,2021,US28202V2079,BBG00YMWT4N5,BBG00YMWT4N5,BBG00YMWT5H9,,eFFECTOR Therapeutics Inc,United States,United States,USA,USD,https://effector.com,Healthcare,Biotechnology,Biopharma,Biotech,Ordinary Share,,,,,,
EGRX,OTC,PNK,OTC Markets OTCPK,Primary,,2014,US2697961082,BBG005Y3XWH9,BBG005Y3XWH9,BBG005Y3XXX9,,Eagle Pharmaceuticals Inc,United States,United States,USA,USD,https://www.eagleus.com,Healthcare,Drug Manufacturers - Specialty & Generic,Biopharma,Specialty & Generic Pharma,Ordinary Share,,,,549300TN20OLYTJVP152,,
EHC,NYSE,NYQ,NYSE,Primary,,,,BBG000BGBRG2,BBG000BGBRG2,BBG001S5Q5B3,785161,Encompass Health Corp,United States,United States,USA,USD,https://www.encompasshealth.com,Healthcare,Medical Care Facilities,Healthcare Services,Post-Acute,Ordinary Share,,,,,,Y
EIKN,NASDAQ,NMS,NasdaqGS,Primary,,2026,US2825641036,BBG00T0XRJ75,BBG00T0XRJ75,BBG00T0XRJ84,1861123,Eikon Therapeutics Inc,United States,United States,USA,USD,https://eikontx.com,Healthcare,Biotechnology,Biopharma,Biotech,Ordinary Share,2026-02-04,2026-05-05,2026-08-03,,,
ELAN,NYSE,NYQ,NYSE,Primary,,2018,,BBG00LJYS1P8,BBG00LJYS1P8,BBG00LJYS1R6,1739104,Elanco Animal Health Incorporated,United States,United States,USA,USD,https://www.elanco.com,Healthcare,Drug Manufacturers - Specialty & Generic,MedTech,Life Science Tools,Ordinary Share,,,,,,Y
ELDN,NASDAQ,NCM,NasdaqCM,Primary,,2014,,BBG00241S542,BBG00241S542,BBG00241S579,1404281,Eledon Pharmaceuticals Inc,United States,United States,USA,USD,https://eledon.com,Healthcare,Biotechnology,Biopharma,Biotech,Ordinary Share,,,,,,
ELV,NYSE,NYQ,NYSE,Primary,,2001,US0367521038,BBG000BCG930,BBG000BCG930,BBG001S6KBQ8,1156039,Elevance Health Inc,United States,United States,USA,USD,https://www.elevancehealth.com,Healthcare,Healthcare Plans,Healthcare Services,Mgd Care,Ordinary Share,,,,8MYN82XMYQH89CTMTH67,,Y
ELVN,NASDAQ,NMS,NasdaqGS,Primary,,2020,US29337E1029,BBG00CP3BDD4,BBG00CP3BDD4,BBG00CP3BDF2,1672619,Enliven Therapeutics Inc,United States,United States,USA,USD,https://www.enliventherapeutics.com,Healthcare,Biotechnology,Biopharma,Biotech,Ordinary Share,,,,,,
ENGN,NASDAQ,NCM,NasdaqCM,ADR/Cross-listed,Primary listing likely in Canada,2022,CA29286M1059,BBG01J1GCYW7,BBG01J1GCYW7,BBG01J1GCYX6,1980845,enGene Holdings Inc,Canada,United States,CAN,USD,https://www.engene.com,Healthcare,Biotechnology,Biopharma,Biotech,,,,,,,
ENOV,NYSE,NYQ,NYSE,Primary,,2008,,BBG000C5Z443,BBG000C5Z443,BBG001SC04J1,1420800,Enovis Corporation,United States,United States,USA,USD,https://www.enovis.com,Healthcare,Medical Devices,MedTech,Orthopedics,Ordinary Share,,,,,,Y
ENSC,NASDAQ,NCM,NasdaqCM,Primary,,2018,US2936025046,BBG00JFF4174,BBG00JFF4174,BBG00JFF4183,1716947,Ensysce Biosciences Inc,United States,United States,USA,USD,https://www.ensysce.com,Healthcare,Biotechnology,Biopharma,Biotech,Ordinary Share,,,,,,
ENSG,NASDAQ,NMS,NasdaqGS,Primary,,2007,,BBG000K1T9L0,BBG000K1T9L0,BBG001SPNL09,1125376,Ensign Group Inc,United States,United States,USA,USD,https://ensigngroup.net,Healthcare,Medical Care Facilities,Healthcare Services,Post-Acute,Ordinary Share,,,,,,Y
ENTA,NASDAQ,NMS,NasdaqGS,Primary,,2013,US29251M1062,BBG001V9NSB4,BBG001V9NSB4,BBG001V9NSC3,1177648,Enanta Pharmaceuticals Inc,United States,United States,USA,USD,https://www.enanta.com,Healthcare,Biotechnology,Biopharma,Biotech,Ordinary Share,,,,529900SSN4DODDQSN594,,
ENTX,NASDAQ,NCM,NasdaqCM,ADR/Cross-listed,Primary listing likely in Israel,2018,IL0011429839,BBG000R1K184,BBG000R1K184,BBG001T8ZSW3,1638097,Entera Bio Ltd,Israel,United States,ISR,USD,https://www.enterabio.com,Healthcare,Biotechnology,Biopharma,Biotech,Ordinary Share,,,,,,
EOLS,NASDAQ,NGM,NasdaqGM,Primary,,2018,,BBG005CX4HK8,BBG005CX4HK8,BBG005CX4HL7,1570562,Evolus Inc,United States,United States,USA,USD,https://www.evolus.com,Healthcare,Drug Manufacturers - Specialty & Generic,Biopharma,Specialty & Generic Pharma,Ordinary Share,,,,,,
EQ,NASDAQ,NCM,NasdaqCM,Primary,,2018,US29446K1060,BBG00LSL8C10,BBG00LSL8C10,BBG00LSL8C29,1746466,Equillium Inc,United States,United States,USA,USD,https://www.equilliumbio.com,Healthcare,Biotechnology,Biopharma,Biotech,Ordinary Share,,,,549300OC7SSPSNNGHE64,,
ERAS,NASDAQ,NMS,NasdaqGS,Primary,,2021,US29479A1088,BBG00MTSR883,BBG00MTSR883,BBG00MTSR892,1761918,Erasca Inc,United States,United States,USA,USD,https://www.erasca.com,Healthcare,Biotechnology,Biopharma,Biotech,Ordinary Share,,,,,,
ERF FP,Euronext Paris,PAR,Paris,ADR/Cross-listed,Primary listing likely in Luxembourg,,,BBG000BH7B07,BBG000BH79M8,BBG001S7VBR3,,Eurofins Scientific SE,Luxembourg,France,LUX,EUR,https://www.eurofins.com,Healthcare,Diagnostics & Research,MedTech,Diagnostics,,,,,,,Y
ERNA,NASDAQ,NCM,NasdaqCM,Primary,,,US1140823089,BBG000CX5677,BBG000CX5677,BBG001S74KP5,748592,Ernexa Therapeutics Inc,United States,United States,USA,USD,https://www.ernexatx.com,Healthcare,Biotechnology,Biopharma,Biotech,Ordinary Share,,,,,,
ESTA,NASDAQ,NCM,NasdaqCM,Primary,,2018,VGG312491084,BBG00L8R3CR6,BBG00L8R3CR6,BBG00L8R3DH5,1688757,Establishment Labs Holdings Inc.,United States,United States,USA,USD,https://www.establishmentlabs.com,Healthcare,Medical Devices,MedTech,Aesthetics,Ordinary Share,,,,,,Y
EVCM,NASDAQ,NMS,NasdaqGS,Primary,,2021,US29977X1054,BBG0118LMWY9,BBG0118LMWY9,BBG0118LMXS4,1853145,EverCommerce Inc,United States,United States,USA,USD,https://www.evercommerce.com,Technology,Software - Infrastructure,SaaS,,Ordinary Share,,,,,,
EVFM,OTC,PNK,OTC Markets OTCPK,Primary,,2014,US30048L3024,BBG0026ZG450,BBG0026ZG450,BBG0026ZG469,1618835,Evofem Biosciences Inc,United States,United States,USA,USD,https://www.evofem.com,Healthcare,Biotechnology,Biopharma,Biotech,Ordinary Share,,,,5493007VAGG43TIEJW57,,
EVH,NYSE,NYQ,NYSE,Primary,,2015,US30050B1017,BBG005CHLM96,BBG005CHLM96,BBG005CHLMB3,1628908,Evolent Health Inc,United States,United States,USA,USD,https://www.evolent.com,Healthcare,Health Information Services,Healthcare Services,VBC,Ordinary Share,,,,549300CZOCFHQ2BBTR11,,Y
EVMN,NYSE,NYQ,NYSE,Primary,,2025,US30054Y1073,BBG00Y79N887,BBG00Y79N887,BBG00Y79N8B3,2044725,Evommune Inc,United States,United States,USA,USD,https://www.evommune.com,Healthcare,Biotechnology,Biopharma,Biotech,Ordinary Share,,,,,,
EVO,NASDAQ,NMS,NasdaqGS,ADR/Cross-listed,Primary listing likely in Germany,2004,US30050E1055,BBG000LFTJ81,BBG000LFTJ81,BBG001T2N0N0,1412558,Evotec SE,Germany,United States,DEU,USD,https://www.evotec.com,Healthcare,Drug Manufacturers - Specialty & Generic,Biopharma,Specialty & Generic Pharma,Depositary Receipt,,,,391200LNYDKGO1VJB154,,
EVOK,NASDAQ,,,,,,US90386H4121,BBG000BMC9N0,BBG000BMC941,BBG001S9BYG3,,Evoke PLC,United States,United States,USA,USD,,,,Biopharma,,,,,,,,
EW,NYSE,NYQ,NYSE,Primary,,,,BBG000BRXP69,BBG000BRXP69,BBG001SF2288,1099800,Edwards Lifesciences Corp,United States,United States,USA,USD,https://www.edwards.com,Healthcare,Medical Devices,MedTech,Cardiovascular,Ordinary Share,,,,,,Y
EXEL,NASDAQ,NMS,NasdaqGS,Primary,,,US30161Q1040,BBG000BQ4WF8,BBG000BQ4WF8,BBG001SD42W4,939767,Exelixis Inc,United States,United States,USA,USD,https://www.exelixis.com,Healthcare,Biotechnology,Biopharma,Biotech,Ordinary Share,,,,,,
EXFY,NASDAQ,NMS,NasdaqGS,Primary,,2021,US30219Q1067,BBG009PWV0L4,BBG009PWV0L4,BBG009PWV0M3,1476840,Expensify Inc,United States,United States,USA,USD,https://www.expensify.com,Technology,Software - Application,SaaS,,Ordinary Share,,,,,,
EXOZ,NASDAQ,NCM,NasdaqCM,Primary,,2024,,BBG01LFVT4P0,BBG01LFVT4P0,BBG01LFVT5J4,2010788,eXoZymes Inc,United States,United States,USA,USD,https://www.exozymes.com,Healthcare,Biotechnology,Biopharma,Biotech,Ordinary Share,2024-11-11,2025-02-09,2025-05-10,,,
EYPT,NASDAQ,NGM,NasdaqGM,Primary,,2005,US30233G2093,BBG000F90JX5,BBG000F90JX5,BBG001SNLCD2,1314102,EyePoint Inc,United States,United States,USA,USD,https://eyepoint.bio,Healthcare,Biotechnology,Biopharma,Biotech,Ordinary Share,,,,549300QE1RU34T50MR69,,
FAE.MC,BME Madrid,MCE,MCE,Primary,,2026,,BBG000BH1392,BBG000BH1392,BBG001S72419,,"Faes Farma, S.A.",Spain,Spain,ESP,EUR,https://faesfarma.com,Healthcare,Drug Manufacturers - Specialty & Generic,Biopharma,Specialty & Generic Pharma,Ordinary Share,,,,,,
FAGR.BR,Euronext Brussels,BRU,Brussels,Primary,,2007,BE0003874915,BBG000TDB9B5,BBG000TDB8V5,BBG001SJPH55,,Fagron NV,Belgium,Belgium,BEL,EUR,https://www.fagron.com,Healthcare,Drug Manufacturers - Specialty & Generic,Biopharma,Specialty & Generic Pharma,Ordinary Share,,,,549300TRKRUFK2RRG779,,
FATE,NASDAQ,NGM,NasdaqGM,Primary,,2013,US31189P1021,BBG000QP35H2,BBG000QP35H2,BBG001T888S2,1434316,Fate Therapeutics Inc,United States,United States,USA,USD,https://www.fatetherapeutics.com,Healthcare,Biotechnology,Biopharma,Biotech,Ordinary Share,,,,549300L14Q4UHOODLA90,,
FBIO,NASDAQ,NCM,NasdaqCM,Primary,,2011,US34960Q3074,BBG001J2MFH6,BBG001J2MFH6,BBG001V0GB64,1429260,Fortress Biotech Inc,United States,United States,USA,USD,https://www.fortressbiotech.com,Healthcare,Biotechnology,Biopharma,Biotech,Ordinary Share,,,,529900DZUWSYUURECK24,,
FDC.NS,NSE,NSI,NSE,Primary,,2002,,,,,,FDC Limited,India,India,IND,INR,https://www.fdcindia.com,Healthcare,Drug Manufacturers - Specialty & Generic,Biopharma,Specialty & Generic Pharma,Ordinary Share,,,,,,
FDMT,NASDAQ,NMS,NasdaqGS,Primary,,2020,US35104E1001,BBG00QG40R88,BBG00QG40R88,BBG00QG40S04,1650648,4D Molecular Therapeutics Inc,United States,United States,USA,USD,https://www.4dmoleculartherapeutics.com,Healthcare,Biotechnology,Biopharma,Biotech,Ordinary Share,,,,,,
FDX,NYSE,NYQ,NYSE,Primary,,,,BBG000BJF1Z8,BBG000BJF1Z8,BBG001S5R3M5,1048911,FedEx Corp,United States,United States,USA,USD,https://www.fedex.com,Industrials,Integrated Freight & Logistics,Industrials,,Ordinary Share,,,,,,Y
FER,NASDAQ,NMS,NasdaqGS,ADR/Cross-listed,Primary listing likely in Netherlands,2012,NL0015001FS8,BBG01H7CZ9S9,BBG01H7CZ9S9,BBG01H0DF6H4,1468522,Ferrovial SE,Netherlands,United States,NLD,USD,https://www.ferrovial.com,Industrials,Engineering & Construction,Industrials,,Ordinary Share,,,,72450022R2ZFL41Y6I04,,Y
KYNB,NASDAQ,NMS,NasdaqGS,Primary,,2014,US31572Q8814,BBG000FW5ZL6,BBG000FW5ZL6,BBG001SN7DS0,921299,"Kyntra Bio, Inc.",United States,United States,USA,USD,https://www.kyntrabio.com,Healthcare,Biotechnology,Biopharma,,Ordinary Share,,,,549300Q914ULWWY95822,,
FHTX,NASDAQ,NGM,NasdaqGM,Primary,,2020,US3441741077,BBG00HFZPB88,BBG00HFZPB88,BBG00HFZPB97,1822462,Foghorn Therapeutics Inc,United States,United States,USA,USD,https://foghorntx.com,Healthcare,Biotechnology,Biopharma,Biotech,Ordinary Share,,,,,,
FICO,NYSE,NYQ,NYSE,Primary,,,,BBG000DW76Y6,BBG000DW76Y6,BBG001S8ZT61,814547,Fair Isaac Corp,United States,United States,USA,USD,https://www.fico.com,Technology,Software - Application,Tech,,Ordinary Share,,,,,,Y
FIG,NYSE,NYQ,NYSE,Primary,,2025,,BBG00BLZ2CD1,BBG00BLZ2CD1,BBG00BLZ2CF9,1579878,Figma Inc,United States,United States,USA,USD,https://www.figma.com,Technology,Software - Application,SaaS,,Ordinary Share,,,,,,
FIVE,NASDAQ,NMS,NasdaqGS,Primary,,2012,US33829M1018,BBG001636CR2,BBG001636CR2,BBG001TCDMY9,1177609,Five Below Inc,United States,United States,USA,USD,https://www.fivebelow.com,Consumer Cyclical,Specialty Retail,Consumer,,Ordinary Share,,,,529900AAXP5Z6BGI7418,,Y
FIVN,NASDAQ,NGM,NasdaqGM,Primary,,2014,US3383071012,BBG001KHJM17,BBG001KHJM17,BBG001V0P7K7,1288847,Five9 Inc,United States,United States,USA,USD,https://www.five9.com,Technology,Software - Infrastructure,SaaS,,Ordinary Share,,,,254900MXP6EWY0SFFR59,,
FLGT,NASDAQ,NGM,NasdaqGM,Primary,,2016,US3596641098,BBG00DR7LTG2,BBG00DR7LTG2,BBG00DW0QQM5,1674930,"Fulgent Genetics, Inc.",United States,United States,USA,USD,https://www.fulgentgenetics.com,Healthcare,Diagnostics & Research,MedTech,Diagnostics,Ordinary Share,,,,549300CL6P01M68QJ404,,Y
FMS,NYSE,NYQ,NYSE,ADR/Cross-listed,FME,,US3580291066,BBG000HDMR99,BBG000HDMR99,BBG001S97ZY5,1333141,Fresenius Medical Care AG,Germany,United States,DEU,USD,https://www.freseniusmedicalcare.com,Healthcare,Medical Care Facilities,Healthcare Services,Dialysis,Depositary Receipt,,,,549300CP8NY40UP89Q40,,Y
FRE,XETRA,YHD,YHD,Primary,,2019,,BBG000BS3BJ7,BBG000BS3BJ7,BBG001S9NDP6,,Fresenius SE & Co KGaA,Germany,Germany,DEU,EUR,https://www.fresenius.com,Healthcare,Medical Care Facilities,Healthcare Services,Biosim,,,,,,,Y
FROG,NASDAQ,NMS,NasdaqGS,Primary,,2020,IL0011684185,BBG006PWZX16,BBG006PWZX16,BBG006PWZX25,1800667,JFrog Ltd,United States,United States,USA,USD,https://www.jfrog.com,Technology,Software - Application,SaaS,,Ordinary Share,,,,,,
FRSH,NASDAQ,NMS,NasdaqGS,Primary,,2021,US3580541049,BBG0029KYGL5,BBG0029KYGL5,BBG0029KYGM4,1544522,Freshworks Inc,United States,United States,USA,USD,https://www.freshworks.com,Technology,Software - Application,SaaS,,Ordinary Share,,,,,,
FTNT,NASDAQ,NMS,NasdaqGS,Primary,,2009,US34959E1091,BBG000BCMBG4,BBG000BCMBG4,BBG001S77BL6,1262039,Fortinet Inc,United States,United States,USA,USD,https://www.fortinet.com,Technology,Software - Infrastructure,Tech,,Ordinary Share,,,,549300O0QJWDBAS0QX03,,
FTRE,NASDAQ,NMS,NasdaqGS,Primary,,2023,US34965K1079,BBG01GZF9VY6,BBG01GZF9VY6,BBG01GZF9W47,1965040,Fortrea Holdings Inc,United States,United States,USA,USD,https://www.fortrea.com,Healthcare,Biotechnology,Healthcare Services,CRO,Ordinary Share,,,,,,Y
FULC,NASDAQ,NGM,NasdaqGM,Primary,,2019,US3596161097,BBG00DDY1RK9,BBG00DDY1RK9,BBG00DDY1RM7,1680581,Fulcrum Therapeutics Inc,United States,United States,USA,USD,https://www.fulcrumtx.com,Healthcare,Biotechnology,Biopharma,Biotech,Ordinary Share,,,,,,
FUM.L,LSE,LSE,LSE,Primary,,2003,,BBG000PMBPK3,BBG000PMBP69,BBG001SLGV22,,Futura Medical plc,United Kingdom,United Kingdom,GBR,GBp,https://www.futuramedical.com,Healthcare,Biotechnology,Biopharma,Biotech,Ordinary Share,,,,,,
FYB.DE,XETRA,GER,XETRA,Primary,,2011,,BBG001BW8W05,BBG00186X810,BBG001TCVMH8,,Formycon AG,Germany,Germany,DEU,EUR,https://www.formycon.com,Healthcare,Biotechnology,Biopharma,Biotech,Ordinary Share,,,,,,
GALD.SW,SIX,EBS,Swiss,Primary,,2024,CH1335392721,BBG01LYFLBM9,BBG01LYFLBM9,BBG01LYFLBY6,,Galderma Group AG,Switzerland,Switzerland,CHE,CHF,https://www.galderma.com,Healthcare,Drug Manufacturers - Specialty & Generic,Biopharma,Specialty & Generic Pharma,Ordinary Share,,,,89450001OK6O8ELQ4584,,Y
GALE.SW,SIX,EBS,Swiss,Primary,,2017,CH0360674466,BBG00G6TLHV9,BBG00G6TLHV9,BBG00G6TLJ27,,Galenica AG,Switzerland,Switzerland,CHE,CHF,https://www.galenica.com,Healthcare,Medical Distribution,Biopharma,,Ordinary Share,,,,506700W4772BD8016Z20,,
GALT,NASDAQ,NCM,NasdaqCM,Primary,,2002,US3632252025,BBG000BK6FP5,BBG000BK6FP5,BBG001S9NYW2,1133416,Galectin Therapeutics Inc. Common Stock,United States,United States,USA,USD,https://galectintherapeutics.com,Healthcare,Biotechnology,Biopharma,Biotech,Ordinary Share,,,,5299004HFYSAZM2ALW85,,
GBIO,NASDAQ,NMS,,Primary,,2020,,,,,,Generation Bio Co.,United States,United States,USA,USD,https://generationbio.com,Healthcare,Biotechnology,Biopharma,Biotech,Ordinary Share,,,,,,
GBT.PA,Euronext Paris,PAR,Paris,Primary,,,,BBG000BC2NV3,BBG000BC2NM3,BBG001S68HT6,,Guerbet SA,France,France,FRA,EUR,https://www.guerbet.com,Healthcare,Medical Devices,Biopharma,,Ordinary Share,,,,,,
GDRX,NASDAQ,NMS,NasdaqGS,Primary,,2020,US38246G1085,BBG00X0VP8D9,BBG00X0VP8D9,BBG00X0VP956,1809519,Goodrx Holdings Inc,United States,United States,USA,USD,https://www.goodrx.com,Healthcare,Health Information Services,Healthcare Services,Pharmacy,Ordinary Share,,,,,,Y
GDTC,NASDAQ,NCM,NasdaqCM,ADR/Cross-listed,Primary listing likely in Singapore,2023,SGXZ17669631,BBG01BM32FR8,BBG01BM32FR8,BBG01BM32GN0,1873093,CytoMed Therapeutics Ltd,Singapore,United States,SGP,USD,https://w2.cytomed.sg,Healthcare,Biotechnology,Biopharma,Biotech,Ordinary Share,,,,,,
GEHC,NASDAQ,NMS,NasdaqGS,Primary,,2022,,BBG01BFR8YV1,BBG01BFR8YV1,BBG01BFR8YW0,1932393,GE HealthCare Technologies Inc.,United States,United States,USA,USD,https://www.gehealthcare.com,Healthcare,Medical Devices,MedTech,Hospital Supply & Equipment,Ordinary Share,,,,,,Y
GELS,NASDAQ,NCM,NasdaqCM,ADR/Cross-listed,Primary listing likely in Australia,2024,AU0000218109,BBG019FVCPG8,BBG019FVCPG8,BBG019FVCPS5,1920092,Gelteq Ltd,Australia,United States,AUS,USD,https://www.gelteq.com,Healthcare,Drug Manufacturers - Specialty & Generic,Biopharma,Specialty & Generic Pharma,Ordinary Share,,,,,,
GEN,NASDAQ,NMS,NasdaqGS,Primary,,,,BBG000BH2JM1,BBG000BH2JM1,BBG001S5QG38,849399,Gen Digital Inc,United States,United States,USA,USD,https://www.gendigital.com,Technology,Software - Infrastructure,Tech,,Ordinary Share,,,,,,
GENB,NASDAQ,NMS,NasdaqGS,Primary,,2026,US3709201004,BBG00X9D0NZ0,BBG00X9D0NZ0,BBG00X9D0P03,2100782,Generate Biomedicines Inc,United States,United States,USA,USD,https://generatebiomedicines.com,Healthcare,Biotechnology,Biopharma,,Ordinary Share,2026-02-26,2026-05-27,2026-08-25,,,
GERN,NASDAQ,NMS,NasdaqGS,Primary,,,,BBG000GX1891,BBG000GX1891,BBG001S6TSX4,886744,Geron Corp,United States,United States,USA,USD,https://www.geron.com,Healthcare,Biotechnology,Biopharma,Biotech,Ordinary Share,,,,,,
GETIB SS,OMX Stockholm,YHD,YHD,Primary,,,,BBG000LCKCM6,BBG000LCKBR3,BBG001S8QGW0,,Getinge AB,Sweden,Sweden,SWE,SEK,https://www.getinge.com,Healthcare,Medical Devices,MedTech,Cardiovascular,,,,,,,Y
GH,NASDAQ,NMS,NasdaqGS,Primary,,2018,US40131M1099,BBG006D97VY9,BBG006D97VY9,BBG006D97VZ8,1576280,"Guardant Health, Inc.",United States,United States,USA,USD,https://guardanthealth.com,Healthcare,Diagnostics & Research,MedTech,Diagnostics,Ordinary Share,,,,254900M8C3E5VC8BR186,,Y
GHRS,NASDAQ,NGM,NasdaqGM,ADR/Cross-listed,Primary listing likely in Ireland,2021,IE000GID8VI0,BBG011BQC379,BBG011BQC379,BBG011BQC422,1855129,GH Research PLC,Ireland,United States,IRL,USD,https://www.ghres.com,Healthcare,Biotechnology,Biopharma,Biotech,Ordinary Share,,,,,,
GILD,NASDAQ,NMS,NasdaqGS,Primary,,,US3755581036,BBG000CKGBP2,BBG000CKGBP2,BBG001S6Y1X7,882095,Gilead Sciences Inc,United States,United States,USA,USD,https://www.gilead.com,Healthcare,Drug Manufacturers - General,Biopharma,Large Pharma,Ordinary Share,,,,549300WTZWR07K8MNV44,,Y
GKOS,NYSE,NYQ,NYSE,Primary,,2015,,BBG000WG2LQ1,BBG000WG2LQ1,BBG001T91NX8,1192448,Glaukos Corporation,United States,United States,USA,USD,https://www.glaukos.com,Healthcare,Medical Devices,MedTech,Ophthalmology,Ordinary Share,,,,,,Y
GLAND.NS,NSE,NSI,NSE,Primary,,2020,INE068V01023,BBG001BSZVL3,BBG001BSZVL3,BBG001TTNQV5,,Gland Pharma Limited,India,India,IND,INR,https://www.glandpharma.com,Healthcare,Drug Manufacturers - Specialty & Generic,Biopharma,Specialty & Generic Pharma,Ordinary Share,,,,335800JJVDY5R6KF5K34,,
GLENMARK.NS,NSE,NSI,NSE,Primary,,2002,INE935A01035,,,,,Glenmark Pharmaceuticals Limited,India,India,IND,INR,https://glenmarkpharma.com,Healthcare,Drug Manufacturers - Specialty & Generic,Biopharma,Specialty & Generic Pharma,Ordinary Share,,,,335800WKECZXIIT9GK20,,
GLMD,NASDAQ,NCM,NasdaqCM,ADR/Cross-listed,Primary listing likely in Israel,2014,IL0011313900,BBG005ZD02W1,BBG005ZD02W1,BBG005ZD02V2,1595353,Galmed Pharmaceuticals Ltd,Israel,United States,ISR,USD,https://galmedpharma.com,Healthcare,Biotechnology,Biopharma,Biotech,Ordinary Share,,,,,,
LKFT,NASDAQ,NMS,NasdaqGS,ADR/Cross-listed,Primary listing likely in Belgium,2012,US36315X1019,BBG000BJQY75,BBG000BJQY75,BBG001SC2MJ9,1421876,Lakefront Biotherapeutics NV - ADR,Belgium,United States,BEL,USD,https://www.glpg.com,Healthcare,Biotechnology,Biopharma,Biotech,Depositary Receipt,,,,,,
GLSI,NASDAQ,NCM,NasdaqCM,Primary,,2020,US3968791083,BBG00V6PT8C7,BBG00V6PT8C7,BBG00V6PT8D6,1799788,Greenwich Lifesciences Inc,United States,United States,USA,USD,https://greenwichlifesciences.com,Healthcare,Biotechnology,Biopharma,Biotech,Ordinary Share,,,,,,
GLUE,NASDAQ,NMS,NasdaqGS,Primary,,2021,US61225M1027,BBG00X2VGZQ3,BBG00X2VGZQ3,BBG00X2VGZR2,1826457,Monte Rosa Therapeutics Inc,United States,United States,USA,USD,https://www.monterosatx.com,Healthcare,Biotechnology,Biopharma,Biotech,Ordinary Share,,,,,,
CBIO,NASDAQ,NCM,NasdaqCM,Primary,,2014,US38000Q2012,BBG00HXZX314,BBG001J1BQN9,BBG001V0FSK2,1253689,Crescent Biopharma Inc,United States,United States,USA,USD,https://crescentbiopharma.com,Healthcare,Biotechnology,Biopharma,Biotech,Ordinary Share,,,,549300TZ84FFU2J2J459,,
GMAB,NASDAQ,NMS,NasdaqGS,ADR/Cross-listed,Primary listing likely in Denmark,2009,US3723032062,BBG004MPKM64,BBG004MPKM64,BBG004MPKMY3,1434265,Genmab A/S - ADR,Denmark,United States,DNK,USD,https://www.genmab.com,Healthcare,Biotechnology,Biopharma,Biotech,Depositary Receipt,,,,529900MTJPDPE4MHJ122,,
GMED,NYSE,NYQ,NYSE,Primary,,2012,US3795772082,BBG002V87SD0,BBG002V87SD0,BBG002V87T57,1237831,Globus Medical Inc,United States,United States,USA,USD,https://www.globusmedical.com,Healthcare,Medical Devices,MedTech,Orthopedics,Ordinary Share,,,,5299003M2P4CIK0RF205,,Y
XRN,NYSE,NYQ,NYSE,Primary,,2013,,BBG0027F2B89,BBG0027F2B89,BBG0027F2C05,1533615,Chiron Real Estate Inc,United States,United States,USA,USD,https://www.chironre.com,Real Estate,REIT - Healthcare Facilities,Healthcare Services,Healthcare Real Estate,Ordinary Share,,,,,,
GN DC,OMX Copenhagen,CPH,Copenhagen,Primary,,,,BBG000BVGZ03,BBG000BVGYM2,BBG001SBV8V6,,GN Store Nord A/S,Denmark,Denmark,DNK,DKK,https://www.gn.com,Healthcare,Medical Devices,MedTech,Hearing Aid,Ordinary Share,,,,,,Y
GNFT,Euronext Paris,PAR,Paris,Primary,,2006,FR0004163111,BBG000QH2N28,BBG000QH2MN7,BBG001SS5QC9,,Genfit SA,France,France,FRA,EUR,https://www.genfit.com,Healthcare,Biotechnology,Biopharma,,Ordinary Share,,,,969500XPWN2DMZQA5X73,,
GNLX,NASDAQ,NCM,NasdaqCM,Primary,,2023,US36870H1032,BBG0044BNBX6,BBG0044BNBX6,BBG0044BNBY5,1231457,Genelux Corp,United States,United States,USA,USD,https://www.genelux.com,Healthcare,Biotechnology,Biopharma,Biotech,Ordinary Share,2023-01-25,2023-04-25,2023-07-24,,,
GNPX,NASDAQ,NCM,NasdaqCM,Primary,,2018,US3724463027,BBG00F7T0157,BBG00F7T0157,BBG00F7T0166,1595248,Genprex Inc,United States,United States,USA,USD,https://www.genprex.com,Healthcare,Biotechnology,Biopharma,Biotech,Ordinary Share,,,,549300KS9771JZ234890,,
GNTA,NASDAQ,NCM,NasdaqCM,ADR/Cross-listed,Primary listing likely in Italy,2021,US36870W1009,BBG013GNLJL6,BBG013GNLJL6,BBG013GNLKF0,1838716,Genenta Science SPA,Italy,United States,ITA,USD,https://www.genenta.com,Healthcare,Biotechnology,Biopharma,Biotech,Depositary Receipt,,,,815600E860D130824E49,,
GOOG,NASDAQ,NMS,NasdaqGS,Primary,,2004,CA02080M1005,BBG009S3NB30,BBG009S3NB30,BBG009S3NB21,1652044,Alphabet Inc Class C,United States,United States,USA,USD,https://abc.xyz,Communication Services,Internet Content & Information,Tech,,Ordinary Share,,,,,,
GOSS,NASDAQ,NMS,NasdaqGS,Primary,,2019,US38341P1021,BBG00MVWLLM2,BBG00MVWLLM2,BBG00MVWLMC1,1728117,Gossamer Bio Inc,United States,United States,USA,USD,https://www.gossamerbio.com,Healthcare,Biotechnology,Biopharma,Biotech,Ordinary Share,,,,549300ZOC0N2W6PSFR58,,
GPCR,NASDAQ,NGM,NasdaqGM,Primary,,2023,US86366E1064,BBG01CBVHLW1,BBG01CBVHLW1,BBG01CBVHMQ6,1888886,Structure Therapeutics Inc,United States,United States,USA,USD,https://structuretx.com,Healthcare,Biotechnology,Biopharma,Biotech,Ordinary Share,2023-02-02,2023-05-03,2023-08-01,,,
GRAL,NASDAQ,NMS,NasdaqGS,Primary,,2024,US3847471014,BBG01N6CGW43,BBG01N6CGW43,BBG01N6CGX05,1699031,"GRAIL, Inc.",United States,United States,USA,USD,https://grail.com,Healthcare,Diagnostics & Research,MedTech,Diagnostics,Ordinary Share,,,,,,Y
GRANULES.NS,NSE,NSI,NSE,Primary,,2005,INE101D01020,,,,,Granules India Limited,India,India,IND,INR,https://www.granulesindia.com,Healthcare,Drug Manufacturers - Specialty & Generic,Biopharma,Specialty & Generic Pharma,Ordinary Share,,,,335800HJF1KE335ASX37,,
GRCE,NASDAQ,NCM,NasdaqCM,Primary,,2012,,BBG001NMDXS6,BBG001NMDXS6,BBG001SFYCM5,1444192,"Grace Therapeutics, Inc",United States,United States,USA,USD,https://www.gracetx.com,Healthcare,Biotechnology,Biopharma,Biotech,Ordinary Share,,,,,,
GRFS,NASDAQ,NMS,NasdaqGS,ADR/Cross-listed,Primary listing likely in Spain,2011,,BBG001QMCKF6,BBG001QMCKF6,BBG001V1HXJ9,1438569,Grifols SA - ADR ADR Class B,Spain,United States,ESP,USD,https://www.grifols.com,Healthcare,Drug Manufacturers - General,Biopharma,Large Pharma,,,,,,,
GSK,NYSE,NYQ,NYSE,ADR/Cross-listed,Primary listing likely in United Kingdom,,US37733W2044,BBG000BLB481,BBG000BLB481,BBG001SD6SM6,1131399,GSK plc,United Kingdom,United States,GBR,USD,https://www.gsk.com,Healthcare,Drug Manufacturers - General,Biopharma,Large Pharma,Depositary Receipt,,,,5493000HZTVUYLO1D793,,Y
GTLB,NASDAQ,NMS,NasdaqGS,Primary,,2021,US37637K1088,BBG00DHTYPH8,BBG00DHTYPH8,BBG00DHTYPJ6,1653482,GitLab Inc.,United States,United States,USA,USD,https://about.gitlab.com,Technology,Software - Infrastructure,Tech,,Ordinary Share,,,,,,
GXI,XETRA,GER,XETRA,Primary,,2007,DE000A0LD6E6,BBG000PLZRS7,BBG000PLZQH1,BBG001SR4GS7,,Gerresheimer AG,Germany,Germany,DEU,EUR,https://www.gerresheimer.com,Healthcare,Medical Instruments & Supplies,MedTech,Packaging,Ordinary Share,,,,5299006GD4UWSYZOKC28,,Y
GYRE,NASDAQ,NCM,NasdaqCM,Primary,,2006,US4037831033,BBG000F88SY8,BBG000F88SY8,BBG001SDL5X7,1124105,Gyre Therapeutics Inc,United States,United States,USA,USD,https://www.gyretx.com,Healthcare,Biotechnology,Biopharma,Biotech,Ordinary Share,,,,549300XPJNYCRWY2KU30,,
HAE,NYSE,NYQ,NYSE,Primary,,,,BBG000C7TF41,BBG000C7TF41,BBG001S6QB64,313143,Haemonetics Corporation,United States,United States,USA,USD,https://www.haemonetics.com,Healthcare,Medical Devices,MedTech,Hospital Supply & Equipment,Ordinary Share,,,,,,Y
HAPV3.SA,B3,SAO,São Paulo,Primary,,2018,,BBG00K6RD2X4,BBG00K6RD2X4,BBG00K6RD326,,Hapvida Participacoes e Investimentos SA,Brazil,Brazil,BRA,BRL,https://ri.hapvida.com.br,Financial Services,Insurance - Life,Healthcare Services,Ex-US Facilities,Ordinary Share,,,,,,Y
HCA,NYSE,NYQ,NYSE,Primary,,2011,,BBG000QW7VC1,BBG000QW7VC1,BBG001T8NTY2,860730,HCA Healthcare Inc,United States,United States,USA,USD,https://www.hcahealthcare.com,Healthcare,Medical Care Facilities,Healthcare Services,Hospitals,Ordinary Share,,,,,,Y
HYPR,NASDAQ,NGM,NasdaqGM,Primary,,2021,US44916K1060,BBG00YVTN9J2,BBG00YVTN9J2,BBG00YVTN9K0,1833769,Hyperfine Inc,United States,United States,USA,USD,https://www.hyperfinemri.com,Healthcare,Medical Devices,MedTech,Hospital Supply & Equipment,Ordinary Share,,,,,,Y
HCAT,NASDAQ,NMS,NasdaqGS,Primary,,2019,US42225T1079,BBG00LDPZMS6,BBG00LDPZMS6,BBG00LDPZMT5,1636422,Health Catalyst Inc,United States,United States,USA,USD,https://www.healthcatalyst.com,Healthcare,Health Information Services,Healthcare Services,HIT,Ordinary Share,,,,549300223PL6GWKVJG92,,Y
HCM,NASDAQ,NMS,NasdaqGS,ADR/Cross-listed,Primary listing likely in Hong Kong,2016,,BBG00B6VCGJ1,BBG00B6VCGJ1,BBG00B6VCGK9,1648257,HUTCHMED (China) Ltd,Hong Kong,United States,HKG,USD,https://www.hutch-med.com,Healthcare,Drug Manufacturers - Specialty & Generic,Biopharma,Specialty & Generic Pharma,,,,,,,
HCSG,NASDAQ,NMS,NasdaqGS,Primary,,,US4219061086,BBG000BKYVF0,BBG000BKYVF0,BBG001S5RTV8,731012,Healthcare Services Group Inc,United States,United States,USA,USD,https://www.hcsgcorp.com,Healthcare,Medical Care Facilities,Healthcare Services,Post-Acute,Ordinary Share,,,,,,Y
HEPA,OQB,OQB,OTC Markets OTCQB,,,2014,US4268974015,BBG005Y0S0J9,BBG005Y0S0J9,BBG005Y0S0K7,1583771,Hepion Pharmaceuticals Inc,United States,,USA,USD,https://hepionpharma.com,Healthcare,Biotechnology,Biopharma,Biotech,Ordinary Share,,,,5493004WF12U6NOV8U20,,
HESTERBIO.NS,NSE,NSI,NSE,Primary,,2015,,,,,,Hester Biosciences Limited,India,India,IND,INR,https://www.hester.in,Healthcare,Drug Manufacturers - Specialty & Generic,Biopharma,Specialty & Generic Pharma,Ordinary Share,,,,,,
HIK.L,LSE,LSE,LSE,Primary,,2005,,BBG000FG1MF1,BBG000FG1LV5,BBG001SNK879,,Hikma Pharmaceuticals PLC,United Kingdom,United Kingdom,GBR,GBp,https://www.hikma.com,Healthcare,Drug Manufacturers - Specialty & Generic,Biopharma,Specialty & Generic Pharma,Ordinary Share,,,,,,
HIKAL.NS,NSE,NSI,NSE,Primary,,2002,,,,,,Hikal Limited,India,India,IND,INR,https://www.hikal.com,Healthcare,Drug Manufacturers - Specialty & Generic,Biopharma,Specialty & Generic Pharma,Ordinary Share,,,,,,
HIMS,NYSE,NYQ,NYSE,Primary,,2019,US4330001060,BBG00Q53VYM7,BBG00Q53VYM7,BBG00Q5LQWK9,1773751,Hims & Hers Health Inc,United States,United States,USA,USD,https://www.hims.com,Healthcare,Drug Manufacturers - Specialty & Generic,Healthcare Services,Consumer,Ordinary Share,,,,549300ZQ4ZUYSAAX6P59,,Y
HLUN-B.CO,OMX Copenhagen,CPH,Copenhagen,Primary,,2022,,,,,,H. Lundbeck A/S,Denmark,Denmark,DNK,DKK,https://www.lundbeck.com,Healthcare,Drug Manufacturers - Specialty & Generic,Biopharma,Specialty & Generic Pharma,Ordinary Share,,,,,,
HNGE,NYSE,NYQ,NYSE,Primary,,2025,US4333131039,BBG00H8V6LH4,BBG00H8V6LH4,BBG00H8V6LJ2,1673743,Hinge Health Inc,United States,United States,USA,USD,https://www.hingehealth.com,Healthcare,Health Information Services,Healthcare Services,Benefits,Ordinary Share,,,,,,Y
HOOD,NASDAQ,NMS,NasdaqGS,Primary,,2021,,BBG008NMBXN8,BBG008NMBXN8,BBG008NMBXP6,1783879,Robinhood Markets Inc,United States,United States,USA,USD,https://robinhood.com,Financial Services,Capital Markets,Financials,,Ordinary Share,,,,,,Y
HOOK,OTC,PNK,OTC Markets OTCPK,Primary,,2019,US43906K2096,BBG00NGMNKR4,BBG00NGMNKR4,BBG00NGMNKS3,1760542,Hookipa Pharma Inc,United States,United States,USA,USD,https://www.hookipapharma.com,Healthcare,Biotechnology,Biopharma,Biotech,Ordinary Share,,,,,,
HOWL,NASDAQ,NMS,NasdaqGS,Primary,,2021,US95075A1079,BBG00QXQ9XK4,BBG00QXQ9XK4,BBG00QXQ9XL3,1785530,Werewolf Therapeutics Inc,United States,United States,USA,USD,https://werewolftx.com,Healthcare,Biotechnology,Biopharma,Biotech,Ordinary Share,,,,,,
7741.T,TSE,JPX,Tokyo,Primary,,,JP3837800006,BBG000BGSH67,BBG000BGSH67,BBG001S6BJJ9,,Hoya Corporation,Japan,Japan,JPN,JPY,https://www.hoya.com,Healthcare,Medical Instruments & Supplies,MedTech,Ophthalmology,Ordinary Share,,,,353800X4VR3BHEUCJB42,,Y
HR,NYSE,NYQ,NYSE,Primary,,,,BBG000PRJCX9,BBG000PRJCX9,BBG001T5WP21,1360604,Healthcare Realty Trust Inc,United States,United States,USA,USD,https://www.healthcarerealty.com,Real Estate,REIT - Healthcare Facilities,Healthcare Services,Healthcare Real Estate,Ordinary Share,,,,,,
HRMY,NASDAQ,NGM,NasdaqGM,Primary,,2020,,BBG00WBPG4C2,BBG00WBPG4C2,BBG00WBPG548,1802665,Harmony Biosciences Holdings Inc,United States,United States,USA,USD,https://www.harmonybiosciences.com,Healthcare,Biotechnology,Biopharma,Biotech,Ordinary Share,,,,,,
HROW,NASDAQ,NGM,NasdaqGM,Primary,,2007,US4158581094,BBG000QXWY44,BBG000QXWY44,BBG001SSTRN9,1360214,Harrow Inc,United States,United States,USA,USD,https://www.harrow.com,Healthcare,Drug Manufacturers - Specialty & Generic,Biopharma,Specialty & Generic Pharma,Ordinary Share,,,,529900AP4LIRLNV8A089,,
HRTX,NASDAQ,NCM,NasdaqCM,Primary,,,US4277461020,BBG000G2GJT7,BBG000G2GJT7,BBG001SB92D4,818033,Heron Therapeutics Inc,United States,United States,USA,USD,https://www.herontx.com,Healthcare,Biotechnology,Biopharma,Biotech,Ordinary Share,,,,549300DR2I1DOPD2IX53,,
HSIC,NASDAQ,NMS,NasdaqGS,Primary,,,US8064071025,BBG000BNMMJ3,BBG000BNMMJ3,BBG001S6S7F1,1000228,"Henry Schein, Inc.",United States,United States,USA,USD,https://www.henryschein.com,Healthcare,Medical Distribution,MedTech,Dental,Ordinary Share,,,,VGO3WGL8H45T73F4RR92,,Y
HUBS,NYSE,NYQ,NYSE,Primary,,2014,US4435731009,BBG000N7MZ06,BBG000N7MZ06,BBG001T53670,1404655,"HubSpot, Inc.",United States,United States,USA,USD,https://www.hubspot.com,Technology,Software - Application,Tech,,Ordinary Share,,,,529900BLNVEW0MVKJB37,,
HUM,NYSE,NYQ,NYSE,Primary,,,US4448591028,BBG000BLKK03,BBG000BLKK03,BBG001S5S1X6,49071,Humana Inc,United States,United States,USA,USD,https://www.humana.com,Healthcare,Healthcare Plans,Healthcare Services,Mgd Care,Ordinary Share,,,,529900YLDW34GJAO4J06,,Y
IART,NASDAQ,NMS,NasdaqGS,Primary,,,US4579852082,BBG000BZJQL8,BBG000BZJQL8,BBG001S7JWM6,917520,Integra LifeSciences Holdings Corporation,United States,United States,USA,USD,https://www.integralife.com,Healthcare,Medical Devices,MedTech,Orthopedics,Ordinary Share,,,,WB7IJCYY8YFTENS4O147,,Y
IBIO,NASDAQ,NCM,NasdaqCM,Primary,,2008,US4510337086,BBG000D5F2L9,BBG000D5F2L9,BBG001T0R8W3,1420720,Ibio Inc,United States,United States,USA,USD,https://ibioinc.com,Healthcare,Biotechnology,Biopharma,Biotech,Ordinary Share,,,,,,
IBRX,NASDAQ,NMS,NasdaqGS,Primary,,2015,US45256X1037,BBG007T9DYW9,BBG007T9DYW9,BBG007T9DYX8,1326110,Immunitybio Inc,United States,United States,USA,USD,https://immunitybio.com,Healthcare,Biotechnology,Biopharma,Biotech,Ordinary Share,,,,529900J9XLBR4HFL4B83,,
IBT-B.ST,OMX Stockholm,STO,Stockholm,Primary,,2016,,,,,,Infant Bacterial Therapeutics AB (publ),Sweden,Sweden,SWE,SEK,https://www.ibtherapeutics.com,Healthcare,Biotechnology,Biopharma,Biotech,Ordinary Share,,,,,,
ICLR,NASDAQ,NMS,NasdaqGS,ADR/Cross-listed,Primary listing likely in Ireland,,IE0005711209,BBG000CTSZQ6,BBG000CTSZQ6,BBG001SDCL35,1060955,ICON PLC,Ireland,United States,IRL,USD,https://www.iconplc.com,Healthcare,Diagnostics & Research,Healthcare Services,CRO,Ordinary Share,,,,6354008SRQGEMC4XFI67,,Y
ICUI,NASDAQ,NMS,NasdaqGS,Primary,,,US44930G1076,BBG000CQV2N4,BBG000CQV2N4,BBG001S712B3,883984,"ICU Medical, Inc.",United States,United States,USA,USD,https://www.icumed.com,Healthcare,Medical Instruments & Supplies,MedTech,Hospital Supply & Equipment,Ordinary Share,,,,5493003NRW7LS2QZRH60,,Y
IDIA.SW,SIX,EBS,Swiss,Primary,,2017,,BBG00FXVZ9W8,BBG00FXVZ9W8,BBG00FXVZB35,,Idorsia Ltd,Switzerland,Switzerland,CHE,CHF,https://www.idorsia.com,Healthcare,Biotechnology,Biopharma,Biotech,Ordinary Share,,,,,,
IDXX,NASDAQ,NMS,NasdaqGS,Primary,,,,BBG000BLRT07,BBG000BLRT07,BBG001S5S4Y9,874716,IDEXX Laboratories Inc,United States,United States,USA,USD,https://www.idexx.com,Healthcare,Diagnostics & Research,Healthcare Services,Animal Health,Ordinary Share,,,,,,Y
IDYA,NASDAQ,NMS,NasdaqGS,Primary,,2019,US45166A1025,BBG00CTZ4D83,BBG00CTZ4D83,BBG00CTZ4D92,1676725,Ideaya Biosciences Inc,United States,United States,USA,USD,https://www.ideayabio.com,Healthcare,Biotechnology,Biopharma,Biotech,Ordinary Share,,,,549300ULW08F62IJML11,,
IFRX,NASDAQ,NMS,NasdaqGS,ADR/Cross-listed,Primary listing likely in Germany,2017,NL0012661870,BBG00HZ6PLC3,BBG00HZ6PLC3,BBG00HZ6PLD2,1708688,Inflarx NV,Germany,United States,DEU,USD,https://www.inflarx.de,Healthcare,Biotechnology,Biopharma,Biotech,Ordinary Share,,,,,,
IMA,NASDAQ,NCM,NasdaqCM,Primary,,2021,US45175G2075,BBG00XZY4TG9,BBG00XZY4TG9,BBG00XZY4TH8,1835579,ImageneBio Inc,United States,United States,USA,USD,https://www.inmagenebio.com,Healthcare,Biotechnology,Biopharma,Biotech,Ordinary Share,,,,,,
ILM1.DE,XETRA,GER,XETRA,Primary,,2007,,BBG000BJNXV3,BBG000BJNVX5,BBG001S8WPT7,,Medios AG,Germany,Germany,DEU,EUR,https://www.medios.ag,Healthcare,Medical Distribution,Biopharma,,Ordinary Share,,,,,,
ILMN,NASDAQ,NMS,NasdaqGS,Primary,,,US4523271090,BBG000DSMS70,BBG000DSMS70,BBG001SF4NY1,1110803,"Illumina, Inc.",United States,United States,USA,USD,https://www.illumina.com,Healthcare,Diagnostics & Research,MedTech,Diagnostics,Ordinary Share,,,,SQ95QG8SR5Q56LSNF682,NextGen Sequencing,Y
NBP,NASDAQ,NGM,NasdaqGM,Primary,,2020,US44975P1030,BBG00QQ8DFK6,BBG00QQ8DFK6,BBG00QQ8DG97,1778016,NovaBridge Biosciences,United States,United States,USA,USD,https://www.novabridge.com,Healthcare,Biotechnology,Biopharma,Biotech,Ordinary Share,,,,549300L1A5T19703RR64,,
IMCR,NASDAQ,NMS,NasdaqGS,ADR/Cross-listed,Primary listing likely in United Kingdom,2021,US45258D1054,BBG00YYCXFB9,BBG00YYCXFB9,BBG00YYCXG54,1671927,Immunocore Holdings PLC - ADR,United Kingdom,United States,GBR,USD,https://www.immunocore.com,Healthcare,Biotechnology,Biopharma,Biotech,Depositary Receipt,,,,213800IUE3DFS84BVN18,,
IMMP,NASDAQ,NGM,NasdaqGM,ADR/Cross-listed,Primary listing likely in Australia,2012,,BBG002WD6SY6,BBG002WD6SY6,BBG002WD6TP4,1506184,Immutep Ltd - ADR,Australia,United States,AUS,USD,https://www.immutep.com,Healthcare,Biotechnology,Biopharma,Biotech,,,,,,,
IMMX,NASDAQ,NCM,NasdaqCM,Primary,,2021,US45258H1068,BBG00HLCWH09,BBG00HLCWH09,BBG00HLCWH18,1873835,Immix Biopharma Inc,United States,United States,USA,USD,https://www.immixbio.com,Healthcare,Biotechnology,Biopharma,Biotech,Ordinary Share,,,,,,
IMNM,NASDAQ,NCM,NasdaqCM,Primary,,2020,US45257U1088,BBG00BR93ZG8,BBG00BR93ZG8,BBG00BR94298,1472012,Immunome Inc,United States,United States,USA,USD,https://immunome.com,Healthcare,Biotechnology,Biopharma,Biotech,Ordinary Share,,,,,,
IMNN,NASDAQ,NCM,NasdaqCM,Primary,,,US15117N7012,BBG000BJJGT8,BBG000BJJGT8,BBG001S6FLZ2,749647,Imunon Inc,United States,United States,USA,USD,https://imunon.com,Healthcare,Biotechnology,Biopharma,Biotech,Ordinary Share,,,,529900PWLRCA840VVK89,,
IMRX,NASDAQ,NGM,NasdaqGM,Primary,,2021,,BBG009QXJQS1,BBG009QXJQS1,BBG009QXJQV7,1790340,Immuneering Corp,United States,United States,USA,USD,https://immuneering.com,Healthcare,Biotechnology,Biopharma,Biotech,Ordinary Share,,,,,,
IMTX,NASDAQ,NCM,NasdaqCM,ADR/Cross-listed,Primary listing likely in Germany,2018,NL0015285941,BBG00VTL2H76,BBG00VTL2H76,BBG00VTL2J09,1809196,Immatics NV,Germany,United States,DEU,USD,https://www.immatics.com,Healthcare,Biotechnology,Biopharma,Biotech,Ordinary Share,,,,,,
IMU.AX,ASX,ASX,ASX,Primary,,,,BBG000BZ3T48,BBG000BZ3T48,BBG001S7H440,,Imugene Limited,Australia,Australia,AUS,AUD,https://www.imugene.com,Healthcare,Biotechnology,Biopharma,Biotech,Ordinary Share,,,,,,
IMUX,NASDAQ,NCM,NasdaqCM,Primary,,2014,US4525EP1011,BBG001M75SX4,BBG001M75SX4,BBG001V10N36,1280776,Immunic Inc,United States,United States,USA,USD,https://imux.com,Healthcare,Biotechnology,Biopharma,Biotech,Ordinary Share,,,,,,
IMVT,NASDAQ,NMS,NasdaqGS,Primary,,2019,,BBG00P5MC0Q8,BBG00P5MC0Q8,BBG00P5MC0R7,1764013,Immunovant Inc,United States,United States,USA,USD,https://immunovant.com,Healthcare,Biotechnology,Biopharma,Biotech,Ordinary Share,,,,,,Y
INBX,NASDAQ,NMS,NasdaqGS,Primary,,2024,US45720N1037,BBG01MS5Q9G3,BBG01MS5Q9G3,BBG01MS5QB96,2007919,Inhibrx Biosciences Inc,United States,United States,USA,USD,https://inhibrx.com,Healthcare,Biotechnology,Biopharma,Biotech,Ordinary Share,,,,,,
INCR,NASDAQ,NGM,NasdaqGM,ADR/Cross-listed,Primary listing likely in Israel,2019,IL0011063760,BBG00MVV4FL7,BBG00MVV4FL7,BBG001SV3S67,1857030,InterCure Ltd,Israel,United States,ISR,USD,https://www.intercure.co,Healthcare,Drug Manufacturers - Specialty & Generic,Biopharma,Specialty & Generic Pharma,Ordinary Share,,,,,,
INCY,NASDAQ,NMS,NasdaqGS,Primary,,,,BBG000BNPSQ9,BBG000BNPSQ9,BBG001S8Q6N2,879169,Incyte Corp,United States,United States,USA,USD,https://www.incyte.com,Healthcare,Biotechnology,Biopharma,Biotech,Ordinary Share,,,,,,Y
INDOCO.NS,NSE,NSI,NSE,Primary,,2005,,,,,,Indoco Remedies Limited,India,India,IND,INR,https://www.indoco.com,Healthcare,Drug Manufacturers - Specialty & Generic,Biopharma,Specialty & Generic Pharma,Ordinary Share,,,,,,
INDV,NASDAQ,NMS,NasdaqGS,Primary,,2014,US45579U1097,BBG01ZTXFLQ6,BBG01ZTXFLQ6,BBG01ZTXFLX8,1625297,"Indivior Pharmaceuticals, Inc",United States,United States,USA,USD,https://www.indivior.com,Healthcare,Drug Manufacturers - Specialty & Generic,Biopharma,Specialty & Generic Pharma,Ordinary Share,,,,,,
INKT,NASDAQ,NCM,NasdaqCM,Primary,,2021,US6036932019,BBG012J84VS3,BBG012J84VS3,BBG012J84WM7,1840229,Mink Therapeutics Inc,United States,United States,USA,USD,https://minktherapeutics.com,Healthcare,Biotechnology,Biopharma,Biotech,Ordinary Share,,,,529900Z7778N8ZY89B90,,
INMB,NASDAQ,NCM,NasdaqCM,Primary,,2019,US45782T1051,BBG00LW94L98,BBG00LW94L98,BBG00LW94M14,1711754,INmune Bio Inc,United States,United States,USA,USD,https://www.inmunebio.com,Healthcare,Biotechnology,Biopharma,Biotech,Ordinary Share,,,,,,
INMD,NASDAQ,NMS,NasdaqGS,ADR/Cross-listed,Primary listing likely in Israel,2019,IL0011595993,BBG00PPS73P4,BBG00PPS73P4,BBG00PPS74F3,1742692,InMode Ltd.,Israel,United States,ISR,USD,https://www.inmodemd.com,Healthcare,Medical Devices,MedTech,Aesthetics,Ordinary Share,,,,,,Y
INO,NASDAQ,NCM,NasdaqCM,Primary,,,US45773H2013,BBG000BK6YX5,BBG000BK6YX5,BBG001S5RHZ0,1055726,Inovio Pharmaceuticals Inc,United States,United States,USA,USD,https://www.inovio.com,Healthcare,Biotechnology,Biopharma,Biotech,Ordinary Share,,,,,,
INSM,NASDAQ,NMS,NasdaqGS,Primary,,,,BBG000BWM5P3,BBG000BWM5P3,BBG001S9SKW7,1104506,Insmed Inc,United States,United States,USA,USD,https://www.insmed.com,Healthcare,Biotechnology,Biopharma,Biotech,Ordinary Share,,,,,,Y
INSP,NYSE,NYQ,NYSE,Primary,,2018,US4577301090,BBG00209SZJ7,BBG00209SZJ7,BBG00209SZK5,1609550,"Inspire Medical Systems, Inc.",United States,United States,USA,USD,https://www.inspiresleep.com,Healthcare,Medical Devices,MedTech,Sleep,Ordinary Share,,,,549300XQQCQ7HCJKTW25,,Y
INTS,NASDAQ,NCM,NasdaqCM,Primary,,2023,US45828J2024,BBG00B57FZV6,BBG00B57FZV6,BBG00B57FZW5,1567264,Intensity Therapeutics Inc,United States,United States,USA,USD,https://www.intensitytherapeutics.com,Healthcare,Biotechnology,Biopharma,Biotech,Ordinary Share,2023-06-29,2023-09-27,2023-12-26,,,
INVA,NASDAQ,NMS,NasdaqGS,Primary,,2004,,BBG000CG9XT7,BBG000CG9XT7,BBG001SF23V0,1080014,Innoviva Inc,United States,United States,USA,USD,https://www.inva.com,Healthcare,Biotechnology,Biopharma,Biotech,Ordinary Share,,,,,,
IOBT,NASDAQ,NMS,NasdaqGS,ADR/Cross-listed,Primary listing likely in Denmark,2021,US4497781090,BBG0131XRY31,BBG0131XRY31,BBG0131XRYY7,1865494,IO Biotech Inc,Denmark,United States,DNK,USD,https://www.iobiotech.com,Healthcare,Biotechnology,Biopharma,Biotech,Ordinary Share,,,,,,
IONS,NASDAQ,NMS,NasdaqGS,Primary,,,US4622221004,BBG000JH6683,BBG000JH6683,BBG001SB7RD1,874015,Ionis Pharmaceuticals Inc,United States,United States,USA,USD,https://www.ionis.com,Healthcare,Biotechnology,Biopharma,Biotech,Ordinary Share,,,,549300SI4ZGLG0BLUZ92,,Y
IOVA,NASDAQ,NGM,NasdaqGM,Primary,,2010,,BBG000FTLBV7,BBG000FTLBV7,BBG001T2PM32,1425205,Iovance Biotherapeutics Inc,United States,United States,USA,USD,https://www.iovance.com,Healthcare,Biotechnology,Biopharma,Biotech,Ordinary Share,,,,,,
IPCALAB.NS,NSE,NSI,NSE,Primary,,,INE571A01038,,,,,Ipca Laboratories Limited,India,India,IND,INR,https://www.ipca.com,Healthcare,Drug Manufacturers - Specialty & Generic,Biopharma,Specialty & Generic Pharma,Ordinary Share,,,,33580069PZ8ZQVCDBC38,,
IPHA,NASDAQ,NMS,NasdaqGS,ADR/Cross-listed,Primary listing likely in France,2019,,BBG009ZCBVG7,BBG009ZCBVG7,BBG009ZCBWH4,1598599,Innate Pharma SA,France,United States,FRA,USD,https://www.innate-pharma.com,Healthcare,Biotechnology,Biopharma,Biotech,,,,,,,
IPN,Euronext Paris,PAR,Paris,Primary,,2005,,BBG000BWH999,BBG000BWH908,BBG001SFCJ35,,Ipsen SA,France,France,FRA,EUR,https://www.ipsen.com,Healthcare,Drug Manufacturers - Specialty & Generic,Biopharma,,,,,,,,
IQV,NYSE,NYQ,NYSE,Primary,,2013,US46266C1053,BBG00333FYS2,BBG00333FYS2,BBG00333FZ54,1478242,IQVIA Holdings Inc.,United States,United States,USA,USD,https://www.iqvia.com,Healthcare,Diagnostics & Research,Healthcare Services,CRO / Health Data,Ordinary Share,,,,549300W3R20NM4KQPH86,,Y
IRON,NASDAQ,NGM,NasdaqGM,Primary,,2020,US2546041011,BBG00W9MJK79,BBG00W9MJK79,BBG00W9MJL04,1816736,Disc Medicine Inc,United States,United States,USA,USD,https://www.discmedicine.com,Healthcare,Biotechnology,Biopharma,Biotech,Ordinary Share,,,,,,
IRTC,NASDAQ,NMS,NasdaqGS,Primary,,2016,,BBG001J19V24,BBG001J19V24,BBG001TSQV70,1388658,"iRhythm Holdings, Inc",United States,United States,USA,USD,https://www.irhythmtech.com,Healthcare,Medical Devices,MedTech,Cardiovascular,Ordinary Share,,,,,,Y
IRWD,NASDAQ,NMS,NasdaqGS,Primary,,2010,US46333X1081,BBG000GBZ3J2,BBG000GBZ3J2,BBG001SNZLM7,1446847,"Ironwood Pharmaceuticals, Inc.",United States,United States,USA,USD,https://ironwoodpharma.com,Healthcare,Drug Manufacturers - Specialty & Generic,Biopharma,Specialty & Generic Pharma,Ordinary Share,,,,549300PC8MR6QHH6P296,,
ISRG,NASDAQ,NMS,NasdaqGS,Primary,,,US46120E6023,BBG000BJPDZ1,BBG000BJPDZ1,BBG001S7XR78,1035267,Intuitive Surgical Inc,United States,United States,USA,USD,https://www.intuitive.com,Healthcare,Medical Instruments & Supplies,MedTech,Surgery,Ordinary Share,,,,54930052SRG011710797,Surgical Robotics,Y
ITGR,NYSE,NYQ,NYSE,Primary,,,,BBG000BW6JV4,BBG000BW6JV4,BBG001SFBS27,1114483,Integer Holdings Corporation,United States,United States,USA,USD,https://www.integer.net,Healthcare,Medical Devices,MedTech,Hospital Supply & Equipment,Ordinary Share,,,,,,Y
ITRM,NASDAQ,NCM,NasdaqCM,ADR/Cross-listed,Primary listing likely in Ireland,2018,IE000TTOOBX0,BBG00CL5KSM0,BBG00CL5KSM0,BBG00CL5KSN9,1659323,Iterum Therapeutics PLC,Ireland,United States,IRL,USD,https://www.iterumtx.com,Healthcare,Biotechnology,Biopharma,Biotech,Ordinary Share,,,,,,
IVA,NASDAQ,NGM,NasdaqGM,ADR/Cross-listed,Primary listing likely in France,2020,,BBG00VM4C335,BBG00VM4C335,BBG00VM4C3W3,1756594,Inventiva ADR Representing Ord Shs,France,United States,FRA,USD,https://inventivapharma.com,Healthcare,Biotechnology,Biopharma,Biotech,,,,,,,
IVVD,NASDAQ,NGM,NasdaqGM,Primary,,2021,,BBG00W4ML039,BBG00W4ML039,BBG00W4ML048,1832038,Invivyd Inc,United States,United States,USA,USD,https://www.invivyd.com,Healthcare,Biotechnology,Biopharma,Biotech,Ordinary Share,,,,,,
IXHL,NASDAQ,NCM,NasdaqCM,ADR/Cross-listed,Primary listing likely in Australia,2022,US45333F2083,BBG01J0814Y2,BBG01J0814Y2,BBG01J0814Z1,1873875,Incannex Healthcare Inc,Australia,United States,AUS,USD,https://www.incannex.com,Healthcare,Drug Manufacturers - Specialty & Generic,Biopharma,Specialty & Generic Pharma,Ordinary Share,,,,,,
JAGX,NASDAQ,NCM,NasdaqCM,Primary,,2015,US47010C8881,BBG005Z20406,BBG005Z20406,BBG005Z205T2,1585608,Jaguar Health Inc,United States,United States,USA,USD,https://jaguar.health,Healthcare,Biotechnology,Biopharma,Biotech,Ordinary Share,,,,,,
JANX,NASDAQ,NGM,NasdaqGM,Primary,,2021,US47103J1051,BBG00ZHSKH11,BBG00ZHSKH11,BBG00ZHSKH39,1817713,Janux Therapeutics Inc,United States,United States,USA,USD,https://www.januxrx.com,Healthcare,Biotechnology,Biopharma,Biotech,Ordinary Share,,,,,,
JAZZ,NASDAQ,NMS,NasdaqGS,ADR/Cross-listed,Primary listing likely in Ireland,2007,IE00B4Q5ZN47,BBG000G9CGL0,BBG000G9CGL0,BBG001SNW8K1,1232524,Jazz Pharmaceuticals PLC,Ireland,United States,IRL,USD,https://www.jazzpharma.com,Healthcare,Biotechnology,Biopharma,Biotech,Ordinary Share,,,,,,
JNJ,NYSE,NYQ,NYSE,Primary,,,US4781601046,BBG000BMHYD1,BBG000BMHYD1,BBG001S5SHQ9,200406,Johnson & Johnson,United States,United States,USA,USD,https://www.jnj.com,Healthcare,Drug Manufacturers - General,MedTech,Diversified MedTech,Ordinary Share,,,,549300G0CFPGEF6X2043,,Y
JPM,NYSE,NYQ,NYSE,Primary,,,,BBG000DMBXR2,BBG000DMBXR2,BBG001S8CRC3,19617,JPMorgan Chase & Co,United States,United States,USA,USD,https://www.jpmorganchase.com,Financial Services,Banks - Diversified,Financials,,Ordinary Share,,,,,,Y
JSPR,NASDAQ,NCM,NasdaqCM,Primary,,2020,,BBG00QPZNP97,BBG00QPZNP97,BBG00QPZNPB4,1788028,Jasper Therapeutics Inc,United States,United States,USA,USD,https://jaspertx.com,Healthcare,Biotechnology,Biopharma,Biotech,Ordinary Share,,,,,,
JUBLPHARMA.NS,NSE,NSI,NSE,Primary,,2002,INE700A01033,,,,,Jubilant Pharmova Limited,India,India,IND,INR,https://www.jubilantpharmova.com,Healthcare,Drug Manufacturers - Specialty & Generic,Biopharma,Specialty & Generic Pharma,Ordinary Share,,,,335800C6LDKWF4HQH833,,
JULPHAR.AE,ADX,,,,,,,BBG000HLT7F1,BBG000HLT725,BBG001SHR919,,Julphar (Gulf Pharmaceutical Industries),United Arab Emirates,United Arab Emirates,ARE,AED,,,,Biopharma,,,,,,,,
KALA,NASDAQ,NCM,NasdaqCM,Primary,,2017,US4831192020,BBG001J2MVT8,BBG001J2MVT8,BBG001V0GBM6,1479419,KALA BIO Inc,United States,United States,USA,USD,https://www.kalarx.com,Healthcare,Biotechnology,Biopharma,Biotech,Ordinary Share,,,,,,
KIDS,NASDAQ,NGM,NasdaqGM,Primary,,2017,,BBG00HFFRW39,BBG00HFFRW39,BBG00HFFRW48,1425450,OrthoPediatrics Corp.,United States,United States,USA,USD,https://www.orthopediatrics.com,Healthcare,Medical Devices,MedTech,Orthopedics,Ordinary Share,,,,,,Y
KKR,NYSE,NYQ,NYSE,Primary,,2010,US48251W1045,BBG000BCQ6J8,BBG000BCQ6J8,BBG001S6PW05,1404912,KKR & Co Inc,United States,United States,USA,USD,https://www.kkr.com,Financial Services,Asset Management,Financials,,Ordinary Share,,,,549300JOHU21WRN2Z451,,Y
KLTR,NASDAQ,NMS,NasdaqGS,Primary,,2021,,BBG001J2MBS3,BBG001J2MBS3,BBG001V0G9Z7,1432133,Kaltura Inc,United States,United States,USA,USD,https://kaltura.com,Technology,Software - Application,SaaS,,Ordinary Share,,,,,,
KMDA,NASDAQ,NMS,NasdaqGS,ADR/Cross-listed,Primary listing likely in Israel,2013,IL0010941198,BBG004MPD1S4,BBG004MPD1S4,BBG001SFD0K6,1567529,Kamada Ltd,Israel,United States,ISR,USD,https://www.kamada.com,Healthcare,Drug Manufacturers - Specialty & Generic,Biopharma,Specialty & Generic Pharma,Ordinary Share,,,,,,
KNSA,NASDAQ,NMS,NasdaqGS,ADR/Cross-listed,Primary listing likely in United Kingdom,2018,GB00BRXB0C07,BBG00KT2KFX7,BBG00KT2KFX7,BBG00KT2KGM7,1730430,Kiniksa Pharmaceuticals Internationl PLC,United Kingdom,United States,GBR,USD,https://www.kiniksa.com,Healthcare,Drug Manufacturers - Specialty & Generic,Biopharma,Specialty & Generic Pharma,Ordinary Share,,,,,,
KOD,NASDAQ,NGM,NasdaqGM,Primary,,2018,US50015M1099,BBG00BVR0D02,BBG00BVR0D02,BBG00BVR0D11,1468748,Kodiak Sciences Inc,United States,United States,USA,USD,https://kodiak.com,Healthcare,Biotechnology,Biopharma,Biotech,Ordinary Share,,,,254900IXI5NI8C9OQE24,,
KPTI,NASDAQ,NMS,NasdaqGS,Primary,,2013,US48576U2050,BBG001J272L7,BBG001J272L7,BBG001V0G6X5,1503802,Karyopharm Therapeutics Inc,United States,United States,USA,USD,https://www.karyopharm.com,Healthcare,Biotechnology,Biopharma,Biotech,Ordinary Share,,,,549300J1VANRCNTYST87,,
KROS,NASDAQ,NGM,NasdaqGM,Primary,,2020,US4923271013,BBG00H1HP9G9,BBG00H1HP9G9,BBG00H1HP9H8,1664710,Keros Therapeutics Inc,United States,United States,USA,USD,https://www.kerostx.com,Healthcare,Biotechnology,Biopharma,Biotech,Ordinary Share,,,,,,
KRRO,NASDAQ,NCM,NasdaqCM,Primary,,2019,US5009461089,BBG00GFMTC38,BBG00GFMTC38,BBG00GFMTC47,1703647,Korro Bio Inc,United States,United States,USA,USD,https://www.korrobio.com,Healthcare,Biotechnology,Biopharma,Biotech,Ordinary Share,,,,,,
KRYS,NASDAQ,NMS,NasdaqGS,Primary,,2017,US5011471027,BBG00HDGRHH7,BBG00HDGRHH7,BBG00HDGRHJ5,1711279,Krystal Biotech Inc,United States,United States,USA,USD,https://www.krystalbio.com,Healthcare,Biotechnology,Biopharma,Biotech,Ordinary Share,,,,549300YONUY68210OE41,,
KURA,NASDAQ,NMS,NasdaqGS,Primary,,2015,US50127T1097,BBG008974342,BBG008974342,BBG008974351,1422143,Kura Oncology Inc,United States,United States,USA,USD,https://kuraoncology.com,Healthcare,Biotechnology,Biopharma,Biotech,Ordinary Share,,,,5493005QORQTZCZYOP39,,
KVYO,NYSE,NYQ,NYSE,Primary,,2023,US49845K1016,BBG009WR3FL5,BBG009WR3FL5,BBG009WR3FM4,1835830,Klaviyo Inc,United States,United States,USA,USD,https://www.klaviyo.com,Technology,Software - Application,SaaS,,Ordinary Share,,,,,,
KYMR,NASDAQ,NGM,NasdaqGM,Primary,,2020,US5015751044,BBG00SDHC8D1,BBG00SDHC8D1,BBG00SDHC8F9,1815442,Kymera Therapeutics Inc,United States,United States,USA,USD,https://www.kymeratx.com,Healthcare,Biotechnology,Biopharma,Biotech,Ordinary Share,,,,,,Y
KYTX,NASDAQ,NMS,NasdaqGS,Primary,,2024,US5019761049,BBG00RCYMHR1,BBG00RCYMHR1,BBG00RCYMHS0,1994702,Kyverna Therapeutics Inc,United States,United States,USA,USD,https://kyvernatx.com,Healthcare,Biotechnology,Biopharma,Biotech,Ordinary Share,,,,,,
LABB.MX,BMV,MEX,Mexico,Primary,,2008,,,,,,"Genomma Lab Internacional, S.A.B. de C.V.",Mexico,Mexico,MEX,MXN,https://www.genommalab.com,Healthcare,Drug Manufacturers - Specialty & Generic,Biopharma,Specialty & Generic Pharma,Ordinary Share,,,,,,
LAURUSLABS.NS,NSE,NSI,NSE,Primary,,2016,INE947Q01028,,,,,Laurus Labs Limited,India,India,IND,INR,https://www.lauruslabs.com,Healthcare,Drug Manufacturers - Specialty & Generic,Biopharma,Specialty & Generic Pharma,Ordinary Share,,,,335800S8HO8QRYP3VQ26,,
LAW,NYSE,NYQ,NYSE,Primary,,2021,US1263271058,BBG0066FZJN1,BBG0066FZJN1,BBG0066FZJP9,1625641,CS Disco Inc,United States,United States,USA,USD,https://www.csdisco.com,Technology,Software - Application,SaaS,,Ordinary Share,,,,,,
LCTX,NYSE,ASE,NYSE American,Primary,,,,BBG000G8RJY6,BBG000G8RJY6,BBG001SCW8V3,876343,Lineage Cell Therapeutics Inc,United States,United States,USA,USD,https://www.lineagecell.com,Healthcare,Biotechnology,Biopharma,Biotech,Ordinary Share,,,,,,
LEGN,NASDAQ,NMS,NasdaqGS,Primary,,2020,US52490G1022,BBG00TTGH5W4,BBG00TTGH5W4,BBG00TTGH6N2,1801198,Legend Biotech Corp,United States,United States,USA,USD,https://legendbiotech.com,Healthcare,Biotechnology,Biopharma,Biotech,Ordinary Share,,,,254900EIUFZTW136H859,,
LENZ,NASDAQ,NMS,NasdaqGS,Primary,,2021,US52635N1037,BBG00XDH4NZ2,BBG00XDH4NZ2,BBG00XDH4P05,1815776,Lenz Therapeutics Inc,United States,United States,USA,USD,https://www.lenz-tx.com,Healthcare,Biotechnology,Biopharma,Biotech,Ordinary Share,,,,,,
LFCR,NASDAQ,NMS,NasdaqGS,Primary,,,,BBG000G1FS10,BBG000G1FS10,BBG001S7VTL0,1005286,Lifecore Biomedical Inc,United States,United States,USA,USD,https://www.lifecore.com,Healthcare,Drug Manufacturers - Specialty & Generic,Biopharma,Specialty & Generic Pharma,Ordinary Share,,,,,,
LFST,NASDAQ,NMS,NasdaqGS,Primary,,2021,US53228F1012,BBG01138DGZ7,BBG01138DGZ7,BBG01138DHT2,1845257,Lifestance Health Group Inc,United States,United States,USA,USD,https://lifestance.com,Healthcare,Medical Care Facilities,Healthcare Services,BH - Facilities,Ordinary Share,,,,,,Y
LGVN,NASDAQ,NCM,NasdaqCM,Primary,,2021,US54303L2034,BBG00YZ6JHT4,BBG00YZ6JHT4,BBG00YZ6JJN6,1721484,Longeveron Inc,United States,United States,USA,USD,https://longeveron.com,Healthcare,Biotechnology,Biopharma,Biotech,Ordinary Share,,,,,,
LH,NYSE,NYQ,NYSE,Primary,,,US5049221055,BBG01MMT6PL7,BBG01MMT6PL7,BBG01MMT6PQ2,920148,Labcorp Holdings Inc,United States,United States,USA,USD,https://www.labcorp.com,Healthcare,Diagnostics & Research,Healthcare Services,Labs,Ordinary Share,,,,,,Y
LIN,NASDAQ,NMS,NasdaqGS,ADR/Cross-listed,Primary listing likely in United Kingdom,,IE000S9YS762,BBG01FND0CC1,BBG01FND0CC1,BBG01FND0CH6,1707925,Linde plc,United Kingdom,United States,GBR,USD,https://www.linde.com,Basic Materials,Specialty Chemicals,Materials,,Ordinary Share,,,,,,Y
LIPO,OTC,PNK,OTC Markets OTCPK,Primary,,2022,US53630L2097,BBG002GP9137,BBG002GP9137,BBG002GP9146,1347242,Lipella Pharmaceuticals Inc,United States,United States,USA,USD,https://lipella.com,Healthcare,Biotechnology,Biopharma,Biotech,Ordinary Share,,,,549300NLVVVRGBF0WG69,,
LIVN,NASDAQ,NMS,NasdaqGS,ADR/Cross-listed,Primary listing likely in United Kingdom,2015,GB00BYMT0J19,BBG009LGHG16,BBG009LGHG16,BBG009LGHG25,1639691,LivaNova PLC,United Kingdom,United States,GBR,USD,https://www.livanova.com,Healthcare,Medical Devices,MedTech,Cardiovascular,Ordinary Share,,,,2138001K2FX6SHK2B339,,Y
LLY,NYSE,NYQ,NYSE,Primary,,,,BBG000BNBDC2,BBG000BNBDC2,BBG001S5STL8,59478,Eli Lilly And Co,United States,United States,USA,USD,https://www.lilly.com,Healthcare,Drug Manufacturers - General,Biopharma,Large Pharma,Ordinary Share,,,,,,Y
LNTH,NASDAQ,NGM,NasdaqGM,Primary,,2015,US5165441032,BBG006Q52RD0,BBG006Q52RD0,BBG006Q52RF8,1521036,"Lantheus Holdings, Inc.",United States,United States,USA,USD,https://www.lantheus.com,Healthcare,Drug Manufacturers - Specialty & Generic,MedTech,Radiopharmaceuticals,Ordinary Share,,,,5299005HUB5IOJGO7S39,,Y
LONN CH,SIX,EBS,Swiss,Primary,,,,BBG000NQXR55,BBG000NQXR55,BBG001SDFZX8,,Lonza Group AG,Switzerland,Switzerland,CHE,CHF,https://www.lonza.com,Healthcare,Diagnostics & Research,MedTech,Life Science Tools,Ordinary Share,,,,,CDMO,Y
LPCN,NASDAQ,NCM,NasdaqCM,Primary,,2013,US53630X1046,BBG0029L1X69,BBG0029L1X69,BBG0029L1Y76,1535955,Lipocine Inc,United States,United States,USA,USD,https://www.lipocine.com,Healthcare,Biotechnology,Biopharma,Biotech,Ordinary Share,,,,,,
LPSN,NASDAQ,NMS,NasdaqGS,Primary,,,US5381463091,BBG000BSV0W5,BBG000BSV0W5,BBG001SCKYC0,1102993,LivePerson Inc,United States,United States,USA,USD,https://www.liveperson.com,Technology,Software - Application,SaaS,,Ordinary Share,,,,549300IN2P1JZ20G7N40,,
LQDA,NASDAQ,NCM,NasdaqCM,Primary,,2018,,BBG001J2P905,BBG001J2P905,BBG001V0GFD7,1819576,Liquidia Corp,United States,United States,USA,USD,https://www.liquidia.com,Healthcare,Drug Manufacturers - Specialty & Generic,Biopharma,Specialty & Generic Pharma,Ordinary Share,,,,,,
LRMR,NASDAQ,NGM,NasdaqGM,Primary,,2014,US5171251003,BBG001J2NVH0,BBG001J2NVH0,BBG001V0GD97,1374690,Larimar Therapeutics Inc,United States,United States,USA,USD,https://larimartx.com,Healthcare,Biotechnology,Biopharma,Biotech,Ordinary Share,,,,529900NCBZHTTJV6HX73,,
LTC,NYSE,NYQ,NYSE,Primary,,,US5021751020,BBG000BGCCC8,BBG000BGCCC8,BBG001S73DC6,887905,LTC Properties Inc,United States,United States,USA,USD,https://www.LTCreit.com,Real Estate,REIT - Healthcare Facilities,Healthcare Services,Healthcare Real Estate,Ordinary Share,,,,549300NRZP8IJG2KY677,,
LTRN,NASDAQ,NCM,NasdaqCM,Primary,,2020,US51654W1018,BBG00GM6LK17,BBG00GM6LK17,BBG00GM6LK26,1763950,Lantern Pharma Inc,United States,United States,USA,USD,https://www.lanternpharma.com,Healthcare,Biotechnology,Biopharma,Biotech,Ordinary Share,,,,,,
LUPIN.NS,NSE,NSI,NSE,Primary,,2001,INE326A01037,,,,,Lupin Limited,India,India,IND,INR,https://www.lupin.com,Healthcare,Drug Manufacturers - Specialty & Generic,Biopharma,Specialty & Generic Pharma,Ordinary Share,,,,335800HHXTESDEE2FC65,,
LXEO,NASDAQ,NGM,NasdaqGM,Primary,,2023,US52886X1072,BBG00YB1C8M5,BBG00YB1C8M5,BBG00YB1C8N4,1907108,Lexeo Therapeutics Inc,United States,United States,USA,USD,https://www.lexeotx.com,Healthcare,Biotechnology,Biopharma,Biotech,Ordinary Share,2023-11-02,2024-01-31,2024-04-30,,,
LXRX,NASDAQ,NCM,NasdaqCM,Primary,,,US5288723027,BBG000BQ85G2,BBG000BQ85G2,BBG001SDWCZ8,1062822,Lexicon Pharmaceuticals Inc,United States,United States,USA,USD,https://www.lexpharma.com,Healthcare,Biotechnology,Biopharma,Biotech,Ordinary Share,,,,,,
LYEL,NASDAQ,NMS,NasdaqGS,Primary,,2021,US55083R2031,BBG00RNXFN14,BBG00RNXFN14,BBG00RNXFN23,1806952,Lyell Immunopharma Inc,United States,United States,USA,USD,https://www.lyell.com,Healthcare,Biotechnology,Biopharma,Biotech,Ordinary Share,,,,,,
MA,NYSE,NYQ,NYSE,Primary,,2006,,BBG000F1ZSQ2,BBG000F1ZSQ2,BBG001SKNNS6,1141391,Mastercard Inc,United States,United States,USA,USD,https://www.mastercard.com,Financial Services,Credit Services,Financials,,Ordinary Share,,,,,,Y
MAIA,NYSE,ASE,NYSE American,Primary,,2022,US5526411021,BBG0113Q7J88,BBG0113Q7J88,BBG0113Q7J97,1878313,Maia Biotechnology Inc,United States,United States,USA,USD,https://maiabiotech.com,Healthcare,Biotechnology,Biopharma,Biotech,Ordinary Share,,,,,,
MANKIND.NS,NSE,NSI,NSE,Primary,,2023,INE634S01028,BBG001BN0FY3,BBG001BN0FY3,BBG001TQJBS3,,Mankind Pharma Limited,India,India,IND,INR,https://www.mankindpharma.com,Healthcare,Drug Manufacturers - Specialty & Generic,Biopharma,Specialty & Generic Pharma,Ordinary Share,,,,33580067G8AZ7S8NYA02,,
MARKSANS.NS,NSE,NSI,NSE,Primary,,2002,INE750C01026,,,,,Marksans Pharma Limited,India,India,IND,INR,https://marksanspharma.com,Healthcare,Drug Manufacturers - General,Biopharma,Specialty & Generic Pharma,Ordinary Share,,,,335800YXQPMPSAC51K30,,
MAZE,NASDAQ,NGM,NasdaqGM,Primary,,2025,US5787841007,BBG00NHJHS27,BBG00NHJHS27,BBG00NHJHS36,1842295,Maze Therapeutics Inc,United States,United States,USA,USD,https://www.mazetx.com,Healthcare,Biotechnology,Biopharma,Biotech,Ordinary Share,,,,,,
MBX,NASDAQ,NMS,NasdaqGS,Primary,,2024,US55287L1017,BBG00W7W53M5,BBG00W7W53M5,BBG00W7W53N4,1776111,MBX Biosciences Inc,United States,United States,USA,USD,https://mbxbio.com,Healthcare,Biotechnology,Biopharma,Biotech,Ordinary Share,,,,,,
MCK,NYSE,NYQ,NYSE,Primary,,,,BBG000DYGNW7,BBG000DYGNW7,BBG001S8F8P8,927653,McKesson Corp,United States,United States,USA,USD,https://www.mckesson.com,Healthcare,Medical Distribution,Healthcare Services,Distributors,Ordinary Share,,,,,,Y
MCO,NYSE,NYQ,NYSE,Primary,,,,BBG000F86GP6,BBG000F86GP6,BBG001S5VP87,1059556,Moody's Corp,United States,United States,USA,USD,https://www.moodys.com,Financial Services,Financial Data & Stock Exchanges,Financials,,Ordinary Share,,,,,,Y
MCRB,NASDAQ,NMS,NasdaqGS,Primary,,2015,US81750R1023,BBG0099X6859,BBG0099X6859,BBG0099X6868,1609809,Seres Therapeutics Inc,United States,United States,USA,USD,https://www.serestherapeutics.com,Healthcare,Biotechnology,Biopharma,Biotech,Ordinary Share,,,,,,
MD,NYSE,NYQ,NYSE,Primary,,,,BBG000H8LGK2,BBG000H8LGK2,BBG001S96T25,893949,Pediatrix Medical Group Inc,United States,United States,USA,USD,https://www.pediatrix.com,Healthcare,Medical Care Facilities,Healthcare Services,Providers,Ordinary Share,,,,,,Y
MDA,NYSE,NYQ,NYSE,ADR/Cross-listed,Primary listing likely in Canada,2026,CA55293N1096,BBG0113JHT18,BBG0113JHT18,BBG00ZS4RR31,1857047,MDA Space Ltd,Canada,United States,CAN,USD,https://mda.space,Industrials,Aerospace & Defense,Industrials,Space Tech / Instrumentation,Ordinary Share,2026-03-11,2026-06-09,2026-09-07,,,
MDB,NASDAQ,NGM,NasdaqGM,Primary,,2017,,BBG0022FDRY8,BBG0022FDRY8,BBG0022FDRZ7,1441816,Mongodb Inc,United States,United States,USA,USD,https://www.mongodb.com,Technology,Software - Infrastructure,Tech,,Ordinary Share,,,,,,
MDGL,NASDAQ,NMS,NasdaqGS,Primary,,2007,US5588681057,BBG000QS6NV8,BBG000QS6NV8,BBG001SNKQ42,1157601,Madrigal Pharmaceuticals Inc,United States,United States,USA,USD,https://www.madrigalpharma.com,Healthcare,Biotechnology,Biopharma,Biotech,Ordinary Share,,,,549300CHIMT2EUSNJB60,,Y
MDLN,NASDAQ,NMS,NasdaqGS,Primary,,2025,US58507V1070,BBG01Y6778L4,BBG01Y6778L4,BBG01Y6779J5,2046386,Medline Inc,United States,United States,USA,USD,https://www.medline.com,Healthcare,Medical Instruments & Supplies,Healthcare Services,Distributors,Ordinary Share,,,,,,Y
MDT,NYSE,NYQ,NYSE,ADR/Cross-listed,Primary listing likely in Ireland,,IE00BTN1Y115,BBG000BNWG87,BBG000BNWG87,BBG001S5T2S9,1613103,Medtronic plc,Ireland,United States,IRL,USD,https://www.medtronic.com,Healthcare,Medical Devices,MedTech,Diversified MedTech,Ordinary Share,,,,,,Y
MDWD,NASDAQ,NGM,NasdaqGM,ADR/Cross-listed,Primary listing likely in Israel,2014,IL0011316309,BBG005ZPKRQ4,BBG005ZPKRQ4,BBG005ZPKSG3,1593984,Mediwound Ltd,Israel,United States,ISR,USD,https://www.mediwound.com,Healthcare,Biotechnology,Biopharma,Biotech,Ordinary Share,,,,,,
MED,SIX,EBS,Swiss,Primary,,2018,CH0386200239,BBG00K68NZ35,BBG00K68NZ35,BBG00K68NZB6,,Medartis Holding AG,Switzerland,Switzerland,CHE,CHF,https://www.medartis.com,Healthcare,Medical Devices,MedTech,Orthopedics,Ordinary Share,,,,5299000YHQJ21T5KKI80,,Y
MEDP,NASDAQ,NMS,NasdaqGS,Primary,,2016,US58506Q1094,BBG0065B7K59,BBG0065B7K59,BBG0065B7K40,1668397,"Medpace Holdings, Inc.",United States,United States,USA,USD,https://www.medpace.com,Healthcare,Diagnostics & Research,Healthcare Services,CRO,Ordinary Share,,,,549300H8TYEUVTW14A54,,Y
MESO,NASDAQ,NMS,NasdaqGS,ADR/Cross-listed,Primary listing likely in Australia,2010,,BBG000QD6LZ1,BBG000QD6LZ1,BBG001SMNB80,1345099,Mesoblast Ltd,Australia,United States,AUS,USD,https://www.mesoblast.com,Healthcare,Biotechnology,Biopharma,Biotech,,,,,,,
META,NASDAQ,NMS,NasdaqGS,Primary,,2012,US30303M1027,BBG000MM2P62,BBG000MM2P62,BBG001SQCQC5,1326801,Meta Platforms Inc,United States,United States,USA,USD,https://www.meta.com,Communication Services,Internet Content & Information,Tech,,Ordinary Share,,,,BQ4BKCS1HXDV9HN80Z93,,
MGNX,NASDAQ,NMS,NasdaqGS,Primary,,2013,US5560991094,BBG000BM2SF8,BBG000BM2SF8,BBG001S9C8R7,1125345,MacroGenics Inc,United States,United States,USA,USD,https://www.macrogenics.com,Healthcare,Biotechnology,Biopharma,Biotech,Ordinary Share,,,,5493001KJQUA83L8MH79,,
MGRX,NASDAQ,NCM,NasdaqCM,Primary,,2023,US56270V2051,BBG01CCMR9Q3,BBG01CCMR9Q3,BBG01CCMRBK4,1938046,Mangoceuticals Inc,United States,United States,USA,USD,https://www.mangoceuticals.com,Healthcare,Health Information Services,Biopharma,,Ordinary Share,2023-03-20,2023-06-18,2023-09-16,,,
MGTX,NASDAQ,NMS,NasdaqGS,Primary,,2018,KYG596651029,BBG00KXH44F2,BBG00KXH44F2,BBG00KXH4D62,1735438,MeiraGTx Holdings PLC,United States,United States,USA,USD,https://meiragtx.com,Healthcare,Biotechnology,Biopharma,Biotech,Ordinary Share,,,,54930007YV6NYIOGFZ57,,
MIRM,NASDAQ,NGM,NasdaqGM,Primary,,2019,US6047491013,BBG00MH7T2M7,BBG00MH7T2M7,BBG00MH7T2N6,1759425,Mirum Pharmaceuticals Inc,United States,United States,USA,USD,https://www.mirumpharma.com,Healthcare,Biotechnology,Biopharma,Biotech,Ordinary Share,,,,,,
MIST,NASDAQ,NMS,NasdaqGS,ADR/Cross-listed,Primary listing likely in Canada,2019,CA59935V1076,BBG009DR4MN8,BBG009DR4MN8,BBG009DR4MP6,1408443,Milestone Pharmaceuticals Inc,Canada,United States,CAN,USD,https://www.milestonepharma.com,Healthcare,Biotechnology,Biopharma,Biotech,Ordinary Share,,,,,,
MLTX,NASDAQ,NCM,NasdaqCM,ADR/Cross-listed,Primary listing likely in Switzerland,2020,KY61559X1045,BBG00XQZQTS9,BBG00XQZQTS9,BBG00XQZQVP7,1821586,MoonLake Immunotherapeutics,Switzerland,United States,CHE,USD,https://www.moonlaketx.com,Healthcare,Biotechnology,Biopharma,Biotech,Ordinary Share,,,,,,
MLYS,NASDAQ,NMS,NasdaqGS,Primary,,2023,US6031701013,BBG00ZXN1GN3,BBG00ZXN1GN3,BBG00ZXN1GR9,1933414,Mineralys Therapeutics Inc,United States,United States,USA,USD,https://mineralystx.com,Healthcare,Biotechnology,Biopharma,Biotech,Ordinary Share,2023-02-09,2023-05-10,2023-08-08,,,
MMED,NASDAQ,NMS,NasdaqGS,Primary,,2026,US60365F1093,BBG01Z6N2YW2,BBG01Z6N2YW2,BBG01Z6N2ZV0,2062583,MiniMed Group Inc,United States,United States,USA,USD,https://www.minimed.com,Healthcare,Health Information Services,MedTech,Diabetes,Ordinary Share,2026-03-05,2026-06-03,2026-09-01,,,Y
MMSI,NASDAQ,NMS,NasdaqGS,Primary,,,US5898891040,BBG000C42VX0,BBG000C42VX0,BBG001S6KLT3,856982,"Merit Medical Systems, Inc.",United States,United States,USA,USD,https://www.merit.com,Healthcare,Medical Instruments & Supplies,MedTech,Hospital Supply & Equipment,Ordinary Share,,,,549300OYTY138SP2CE83,,Y
MNDY,NASDAQ,NMS,NasdaqGS,ADR/Cross-listed,Primary listing likely in Israel,2021,IL0011762130,BBG00GF8K4W4,BBG00GF8K4W4,BBG00GF8K4X3,1845338,Monday.Com Ltd,Israel,United States,ISR,USD,https://www.monday.com,Technology,Software - Application,SaaS,,Ordinary Share,,,,,,
MNK,NYSE,,,,,,,,,,,Mallinckrodt plc,Ireland,United States,USA,USD,,,,Biopharma,,,,,,,,
MNKD,NASDAQ,NGM,NasdaqGM,Primary,,2004,,BBG000PPL3G9,BBG000PPL3G9,BBG001SLLLY3,899460,MannKind Corp,United States,United States,USA,USD,https://mannkindcorp.com,Healthcare,Biotechnology,Biopharma,Biotech,Ordinary Share,,,,,,
MNMD,NASDAQ,NMS,NasdaqGS,Primary,,2020,,,,,,Mind Medicine (MindMed) Inc.,United States,United States,USA,USD,https://www.mindmed.co,Healthcare,Biotechnology,Biopharma,Biotech,Ordinary Share,,,,,,
MNOV,NASDAQ,NGM,NasdaqGM,Primary,,2006,US58468P2065,BBG000RDP030,BBG000RDP030,BBG001SNG8P4,1226616,Medicinova Inc,United States,United States,USA,USD,https://medicinova.com,Healthcare,Biotechnology,Biopharma,Biotech,Ordinary Share,,,,,,
MNPR,NASDAQ,NCM,NasdaqCM,Primary,,2019,US61023L2079,BBG00J7K8D90,BBG00J7K8D90,BBG00J7K8DB7,1645469,Monopar Therapeutics Inc,United States,United States,USA,USD,https://www.monopartx.com,Healthcare,Biotechnology,Biopharma,Biotech,Ordinary Share,,,,549300QJFAI7L6YHKG83,,
MOH,NYSE,NYQ,NYSE,Primary,,2003,,BBG000MBHNC8,BBG000MBHNC8,BBG001SKBQ20,1179929,Molina Healthcare Inc,United States,United States,USA,USD,https://www.molinahealthcare.com,Healthcare,Healthcare Plans,Healthcare Services,Mgd Care,Ordinary Share,,,,,,Y
MOLN,NASDAQ,NMS,NasdaqGS,ADR/Cross-listed,Primary listing likely in Switzerland,2021,US60853G1067,BBG010B7DHZ0,BBG010B7DHZ0,BBG010B7DJV0,1745114,Molecular Partners AG,Switzerland,United States,CHE,USD,https://www.molecularpartners.com,Healthcare,Biotechnology,Biopharma,Biotech,Depositary Receipt,,,,875500AXMLDAZ4D21744,,
MOVE,SIX,EBS,Swiss,Primary,,2021,CH0468525222,BBG00NPRXKK9,BBG00NPRXKK9,BBG00NPRXKS1,,Medacta Group SA,Switzerland,Switzerland,CHE,CHF,https://www.medacta.com,Healthcare,Medical Devices,MedTech,Orthopedics,Ordinary Share,,,,506700P2PFU3A3DROC14,,Y
MPLT,NASDAQ,NMS,NasdaqGS,Primary,,2025,US56565P1030,BBG01JZ5DBQ0,BBG01JZ5DBQ0,BBG01JZ5DBS8,1770069,MapLight Therapeutics Inc,United States,United States,USA,USD,https://www.maplightrx.com,Healthcare,Biotechnology,Biopharma,Biotech,Ordinary Share,,,,,,
MPT,NYSE,NYQ,NYSE,Primary,,2005,US58463J3041,BBG000BGRB25,BBG000BGRB25,BBG001S7WM61,1287865,"Medical Properties Trust, Inc.",United States,United States,USA,USD,https://www.medicalpropertiestrust.com,Real Estate,REIT - Healthcare Facilities,Healthcare Services,Healthcare Real Estate,Ordinary Share,,,,254900U6E39J1MQCCY14,,
MREO,NASDAQ,NCM,NasdaqCM,ADR/Cross-listed,Primary listing likely in United Kingdom,2019,US5894921072,BBG00KFWZC67,BBG00KFWZC67,BBG00KFWZCX7,1719714,Mereo BioPharma Group plc - ADR,United Kingdom,United States,GBR,USD,https://www.mereobiopharma.com,Healthcare,Biotechnology,Biopharma,Biotech,Depositary Receipt,,,,213800U8JQHIJOS5AS09,,
MRK,NYSE,NYQ,NYSE,Primary,,,,BBG000BPD168,BBG000BPD168,BBG001S5TC52,310158,Merck & Co Inc,United States,United States,USA,USD,https://www.merck.com,Healthcare,Drug Manufacturers - General,Biopharma,Large Pharma,Ordinary Share,,,,,,Y
MRNA,NASDAQ,NMS,NasdaqGS,Primary,,2018,US60770K1079,BBG003PHHZT1,BBG003PHHZT1,BBG003PHHZV8,1682852,Moderna Inc,United States,United States,USA,USD,https://www.modernatx.com,Healthcare,Biotechnology,Biopharma,Biotech,Ordinary Share,,,,549300EI6OKH5K5Q2G38,,Y
MRSN,NASDAQ,,,,,,,,,,,Mersana Therapeutics Inc,United States,United States,USA,USD,,,,Biopharma,,,,,,,,
MRVI,NASDAQ,NMS,NasdaqGS,Primary,,2020,US56600D1072,BBG00Y1DFV91,BBG00Y1DFV91,BBG00Y1DFW44,1823239,"Maravai LifeSciences Holdings, Inc.",United States,United States,USA,USD,https://www.maravai.com,Healthcare,Biotechnology,MedTech,Life Science Tools,Ordinary Share,,,,,,Y
MSFT,NASDAQ,NMS,NasdaqGS,Primary,,,,BBG000BPH459,BBG000BPH459,BBG001S5TD05,789019,Microsoft Corporation,United States,United States,USA,USD,https://www.microsoft.com,Technology,Software - Infrastructure,Tech,,Ordinary Share,,,,,,Y
MTD,NYSE,NYQ,NYSE,ADR/Cross-listed,Primary listing likely in Switzerland,,US5926881054,BBG000BZCKH3,BBG000BZCKH3,BBG001SB87G1,1037646,Mettler-Toledo International Inc,Switzerland,United States,CHE,USD,https://www.mt.com,Healthcare,Diagnostics & Research,MedTech,Life Science Tools,Ordinary Share,,,,5493000BD5GJNUDIUG10,,Y
MTNB,NYSE,ASE,NYSE American,Primary,,2014,US5768101058,BBG005WX2XG8,BBG005WX2XG8,BBG005WX2XH7,1582554,Matinas BioPharma Holdings Inc,United States,United States,USA,USD,https://www.matinasbiopharma.com,Healthcare,Biotechnology,Biopharma,Biotech,Ordinary Share,,,,549300TGHXVKQ7EJRO41,,
MXCT,NASDAQ,NMS,NasdaqGS,Primary,,2021,US57777K1060,BBG00R1W85V4,BBG00R1W85V4,BBG00CFTQNG7,1287098,MaxCyte Inc,United States,United States,USA,USD,https://www.maxcyte.com,Healthcare,Medical Devices,Biopharma,,Ordinary Share,,,,54930053YHXULRFCU991,,
MYGN,NASDAQ,NMS,NasdaqGS,Primary,,,US62855J1043,BBG000D9H9F1,BBG000D9H9F1,BBG001S86FS9,899923,"Myriad Genetics, Inc.",United States,United States,USA,USD,https://www.myriad.com,Healthcare,Diagnostics & Research,MedTech,Diagnostics,Ordinary Share,,,,52990044IHUOUMETT163,,Y
MYX.AX,ASX,ASX,ASX,Primary,,2007,,BBG000BLN683,BBG000BLN683,BBG001SDB363,,Mayne Pharma Group Limited,Australia,Australia,AUS,AUD,https://www.maynepharma.com,Healthcare,Medical Distribution,Biopharma,,Ordinary Share,,,,,,
NAMS,NASDAQ,NGM,NasdaqGM,ADR/Cross-listed,Primary listing likely in Netherlands,2021,NL00150012L7,BBG01BNNTQN4,BBG01BNNTQN4,BBG01BNNTQP2,1936258,NewAmsterdam Pharma Company NV,Netherlands,United States,NLD,USD,https://www.newamsterdampharma.com,Healthcare,Biotechnology,Biopharma,Biotech,Ordinary Share,,,,984500B6549TF6E14D36,,
NANEXA.ST,OMX Stockholm,STO,Stockholm,Primary,,2015,,,,,,Nanexa AB (publ),Sweden,Sweden,SWE,SEK,https://nanexa.com,Healthcare,Drug Manufacturers - Specialty & Generic,Biopharma,Specialty & Generic Pharma,Ordinary Share,,,,,,
NANOFS.ST,OMX Stockholm,STO,Stockholm,ADR/Cross-listed,Primary listing likely in Finland,2020,,,,,,Nanoform Finland Oyj,Finland,Sweden,FIN,SEK,https://www.nanoform.com,Healthcare,Biotechnology,Biopharma,Biotech,,,,,,,
NATCOPHARM.NS,NSE,NSI,NSE,Primary,,,INE987B01026,,,,,NATCO Pharma Limited,India,India,IND,INR,https://www.natcopharma.co.in,Healthcare,Drug Manufacturers - Specialty & Generic,Biopharma,Specialty & Generic Pharma,Ordinary Share,,,,33580086GIBRWXSNGG39,,
NAUT,NASDAQ,NCM,NasdaqCM,Primary,,2020,US63909J1088,BBG00W7G4M12,BBG00W7G4M12,BBG00W7G4MV9,1808805,Nautilus Biotechnology Inc,United States,United States,USA,USD,https://www.nautilus.bio,Healthcare,Biotechnology,Biopharma,Biotech,Ordinary Share,,,,,,
NBIX,NASDAQ,NMS,NasdaqGS,Primary,,,US64125C1099,BBG000GJS7C1,BBG000GJS7C1,BBG001S8W4X9,914475,Neurocrine Biosciences Inc,United States,United States,USA,USD,https://www.neurocrine.com,Healthcare,Drug Manufacturers - Specialty & Generic,Biopharma,Specialty & Generic Pharma,Ordinary Share,,,,549300FECER0XBN49756,,
NBTX,NASDAQ,NMS,NasdaqGS,ADR/Cross-listed,Primary listing likely in France,2020,,BBG00Y9D2SW8,BBG00Y9D2SW8,BBG00Y9D2TR2,1760854,Nanobiotix SA - ADR,France,United States,FRA,USD,https://www.nanobiotix.com,Healthcare,Biotechnology,Biopharma,Biotech,,,,,,,
NCNA,NASDAQ,NCM,NasdaqCM,ADR/Cross-listed,Primary listing likely in United Kingdom,2017,US67022C3043,BBG00HMJNMV8,BBG00HMJNMV8,BBG00HMJNNK8,1709626,NuCana PLC,United Kingdom,United States,GBR,USD,https://www.nucana.com,Healthcare,Biotechnology,Biopharma,Biotech,Depositary Receipt,,,,213800K5NF92PPHPA304,,
NCNO,NASDAQ,NMS,NasdaqGS,Primary,,2020,US63947X1019,BBG014GJ8XH2,BBG014GJ8XH2,BBG014GJ8XJ0,1902733,nCino Inc,United States,United States,USA,USD,https://www.ncino.com,Technology,Software - Application,SaaS,,Ordinary Share,,,,549300WVRR2WR3L6MZ46,,
NECLIFE.NS,NSE,NSI,NSE,Primary,,2005,,,,,,Nectar Lifesciences Limited,India,India,IND,INR,https://www.neclife.com,Healthcare,Drug Manufacturers - Specialty & Generic,Biopharma,Specialty & Generic Pharma,Ordinary Share,,,,,,
NEO,NASDAQ,NCM,NasdaqCM,Primary,,2004,US64049M2098,BBG000BKH263,BBG000BKH263,BBG001S9DSY4,1077183,"NeoGenomics, Inc.",United States,United States,USA,USD,https://www.neogenomics.com,Healthcare,Diagnostics & Research,MedTech,Diagnostics,Ordinary Share,,,,,,Y
NERV,NASDAQ,NCM,NasdaqCM,Primary,,2014,US6033802058,BBG0067S9Z73,BBG0067S9Z73,BBG0067S9Z82,1598646,Minerva Neurosciences Inc,United States,United States,USA,USD,https://www.minervaneurosciences.com,Healthcare,Biotechnology,Biopharma,Biotech,Ordinary Share,,,,54930017PANCHC5LYH79,,
NET,NYSE,NYQ,NYSE,Primary,,2019,,BBG001WMKHH5,BBG001WMKHH5,BBG001WMKHJ3,1477333,Cloudflare Inc,United States,United States,USA,USD,https://www.cloudflare.com,Technology,Software - Infrastructure,Tech,,Ordinary Share,,,,,,
NEU.AX,ASX,ASX,ASX,Primary,,2005,NZNEUE0001S8,BBG000CS0G08,BBG000CS0G08,BBG001SFQMB4,,Neuren Pharmaceuticals Limited,Australia,Australia,AUS,AUD,https://www.neurenpharma.com,Healthcare,Biotechnology,Biopharma,Biotech,Ordinary Share,,,,984500E48D0FDEE7CE63,,
NEULANDLAB.NS,NSE,NSI,NSE,Primary,,2008,INE794A01010,,,,,Neuland Laboratories Limited,India,India,IND,INR,https://www.neulandlabs.com,Healthcare,Drug Manufacturers - Specialty & Generic,Biopharma,Specialty & Generic Pharma,Ordinary Share,,,,335800AVHZURTYQ17N08,,
NEUP,NASDAQ,NGM,NasdaqGM,Primary,,2021,US64136E1029,BBG01RFZ8658,BBG01RFZ8658,BBG01RFZ8667,1191070,Neuphoria Therapeutics Inc,United States,United States,USA,USD,https://www.neuphoriatx.com,Healthcare,Biotechnology,Biopharma,Biotech,Ordinary Share,,,,,,
NFLX,NASDAQ,NMS,NasdaqGS,Primary,,2002,US64110L1061,BBG000CL9VN6,BBG000CL9VN6,BBG001SF6L46,1065280,Netflix Inc,United States,United States,USA,USD,https://www.netflix.com,Communication Services,Entertainment,Tech,,Ordinary Share,,,,549300Y7VHGU0I7CE873,,Y
NGEN.V,TSXV,VAN,TSXV,Primary,,2019,,BBG00MMMWFG2,BBG00MMMWFC6,BBG00MMMWGD3,,NervGen Pharma Corp.,Canada,Canada,CAN,CAD,https://www.nervgen.com,Healthcare,Biotechnology,Biopharma,Biotech,Ordinary Share,,,,,,
NGNE,NASDAQ,NGM,NasdaqGM,Primary,,2014,,BBG005Y0QDK1,BBG005Y0QDK1,BBG005Y0QF99,1404644,Neurogene Inc,United States,United States,USA,USD,https://www.neurogene.com,Healthcare,Biotechnology,Biopharma,Biotech,Ordinary Share,,,,,,
NHI,NYSE,NYQ,NYSE,Primary,,,US63633D1046,BBG000CGWSJ3,BBG000CGWSJ3,BBG001S6W8Y3,877860,National Health Investors Inc,United States,United States,USA,USD,https://www.nhireit.com,Real Estate,REIT - Healthcare Facilities,Healthcare Services,Healthcare Real Estate,Ordinary Share,,,,549300ZPKZIG6DKDEC02,,
NKTR,NASDAQ,NCM,NasdaqCM,Primary,,,US6402683063,BBG000BHCYJ1,BBG000BHCYJ1,BBG001S7RDK1,906709,Nektar Therapeutics,United States,United States,USA,USD,https://www.nektar.com,Healthcare,Biotechnology,Biopharma,Biotech,Ordinary Share,,,,5299005I24806IOIYE03,,
NKTX,NASDAQ,NMS,NasdaqGS,Primary,,2020,US65487U1088,BBG00JXHS9G7,BBG00JXHS9G7,BBG00JXHS9H6,1787400,Nkarta Inc,United States,United States,USA,USD,https://www.nkartatx.com,Healthcare,Biotechnology,Biopharma,Biotech,Ordinary Share,,,,,,
NMRA,NASDAQ,NMS,NasdaqGS,Primary,,2023,US6409791000,BBG012W9C4X1,BBG012W9C4X1,BBG012W9C504,1885522,Neumora Therapeutics Inc,United States,United States,USA,USD,https://www.neumoratx.com,Healthcare,Biotechnology,Biopharma,Biotech,Ordinary Share,2023-09-14,2023-12-13,2024-03-12,,,
NNOX,NASDAQ,NGM,NasdaqGM,ADR/Cross-listed,Primary listing likely in Israel,2020,IL0011681371,BBG00RDSZ6J2,BBG00RDSZ6J2,BBG00RDSZ6K0,1795251,Nano-X Imaging Ltd.,Israel,United States,ISR,USD,https://www.nanox.vision,Healthcare,Medical Devices,MedTech,Hospital Supply & Equipment,Ordinary Share,,,,,,Y
NNVC,NYSE,ASE,NYSE American,Primary,,2005,US6300873022,BBG000C0WN63,BBG000C0WN63,BBG001SDFF62,1379006,"NanoViricides, Inc",United States,United States,USA,USD,https://www.nanoviricides.com,Healthcare,Biotechnology,Biopharma,Biotech,Ordinary Share,,,,5493003CK9Y2H0OORR73,,
NOVT,NASDAQ,NMS,NasdaqGS,Primary,,,,BBG000JB24Q5,BBG000JB24Q5,BBG001S6MRJ9,1076930,Novanta Inc.,United States,United States,USA,USD,https://www.novanta.com,Technology,Scientific & Technical Instruments,MedTech,Hospital Supply & Equipment,Ordinary Share,,,,,,Y
NOW,NYSE,NYQ,NYSE,Primary,,2012,US81762P1021,BBG000M1R011,BBG000M1R011,BBG001T4JFC0,1373715,"ServiceNow, Inc.",United States,United States,USA,USD,https://www.servicenow.com,Technology,Software - Application,Tech,,Ordinary Share,,,,549300HJTQM36M0E1G39,,
NRIX,NASDAQ,NGM,NasdaqGM,Primary,,2020,US67080M1036,BBG00SDJ8M78,BBG00SDJ8M78,BBG00SDJ8M87,1549595,Nurix Therapeutics Inc,United States,United States,USA,USD,https://www.nurixtx.com,Healthcare,Biotechnology,Biopharma,Biotech,Ordinary Share,,,,,,
NRXP,NASDAQ,NCM,NasdaqCM,Primary,,2017,US6294442099,BBG00JCWDN63,BBG00JCWDN63,BBG00JCWDNX3,1719406,NRX Pharmaceuticals Inc,United States,United States,USA,USD,https://www.nrxpharma.com,Healthcare,Biotechnology,Biopharma,Biotech,Ordinary Share,,,,5493003FN4CLS0670T77,,
NTLA,NASDAQ,NGM,NasdaqGM,Primary,,2016,US45826J1051,BBG007KC7PB0,BBG007KC7PB0,BBG007KC7PC9,1652130,Intellia Therapeutics Inc,United States,United States,USA,USD,https://www.intelliatx.com,Healthcare,Biotechnology,Biopharma,Biotech,Ordinary Share,,,,5493002T5BCPE5DZC723,,
NTRA,NASDAQ,NMS,NasdaqGS,Primary,,2015,US6323071042,BBG001J1BQ86,BBG001J1BQ86,BBG001V0FSF8,1604821,"Natera, Inc.",United States,United States,USA,USD,https://www.natera.com,Healthcare,Diagnostics & Research,MedTech,Diagnostics,Ordinary Share,,,,,,Y
NUVB,NYSE,NYQ,NYSE,Primary,,2020,US67080N1019,BBG00VHJ0CC1,BBG00VHJ0CC1,BBG00VHJ0CD0,1811063,Nuvation Bio Inc,United States,United States,USA,USD,https://www.nuvationbio.com,Healthcare,Biotechnology,Biopharma,Biotech,Ordinary Share,,,,,,
NVAX,NASDAQ,NMS,NasdaqGS,Primary,,,US6700024010,BBG000NVSBL7,BBG000NVSBL7,BBG001SGL8G3,1000694,Novavax Inc,United States,United States,USA,USD,https://www.novavax.com,Healthcare,Biotechnology,Biopharma,Biotech,Ordinary Share,,,,529900J4GJHPEPQ23205,,
NVCT,NASDAQ,NCM,NasdaqCM,Primary,,2022,US67080T1088,BBG012BCR149,BBG012BCR149,BBG012BCR158,1875558,Nuvectis Pharma Inc,United States,United States,USA,USD,https://www.nuvectis.com,Healthcare,Biotechnology,Biopharma,Biotech,Ordinary Share,,,,,,
NVDA,NASDAQ,NMS,NasdaqGS,Primary,,,,BBG000BBJQV0,BBG000BBJQV0,BBG001S5TZJ6,1045810,NVIDIA Corporation,United States,United States,USA,USD,https://www.nvidia.com,Technology,Semiconductors,Tech,,Ordinary Share,,,,,,Y
NVO,NYSE,NYQ,NYSE,ADR/Cross-listed,Primary listing likely in Denmark,,US6701002056,BBG000BQBKR3,BBG000BQBKR3,BBG001S5TSK0,353278,Novo Nordisk A/S,Denmark,United States,DNK,USD,https://www.novonordisk.com,Healthcare,Drug Manufacturers - General,Biopharma,Large Pharma,Depositary Receipt,,,,549300DAQ1CVT6CXN342,,Y
NVS,NYSE,NYQ,NYSE,ADR/Cross-listed,Primary listing likely in Switzerland,,US66987V1098,BBG000LYF3S8,BBG000LYF3S8,BBG001SF5LW6,1114448,Novartis AG,Switzerland,United States,CHE,USD,https://www.novartis.com,Healthcare,Drug Manufacturers - General,Biopharma,Large Pharma,Depositary Receipt,,,,5493007HIVTX6SY6XD66,,Y
NVST,NYSE,NYQ,NYSE,Primary,,2019,US29415F1049,BBG00LN4B5N0,BBG00LN4B5N0,BBG00LN4B6D9,1757073,Envista Holdings Corporation,United States,United States,USA,USD,https://envistaco.com,Healthcare,Medical Instruments & Supplies,MedTech,Dental,Ordinary Share,,,,549300BX623VURJZ5269,,Y
NWRN.SW,SIX,EBS,Swiss,ADR/Cross-listed,Primary listing likely in Italy,2006,,BBG000QXX403,BBG000QXX403,BBG001SKJG51,,Newron Pharmaceuticals S.p.A.,Italy,Switzerland,ITA,CHF,https://www.newron.com,Healthcare,Biotechnology,Biopharma,Biotech,,,,,,,
NYKD.OL,Oslo Bors,OSL,Oslo,Primary,,2020,,BBG00RKBJ0J2,BBG006GPJ093,BBG006GPJ0B0,,Nykode Therapeutics AS,Norway,Norway,NOR,NOK,https://nykode.com,Healthcare,Biotechnology,Biopharma,Biotech,Ordinary Share,,,,,,
NSIS-B.CO,OMX Copenhagen,YHD,YHD,Primary,,2018,,BBG00KDZJQK3,BBG00KDZJQJ5,BBG001SB30G1,,Novonesis A/S (fka Novozymes),Denmark,Denmark,DNK,DKK,https://www.novonesis.com,Basic Materials,Specialty Chemicals,Biopharma,,Ordinary Share,,,,,,
OABI,NASDAQ,NGM,NasdaqGM,Primary,,2021,US68218J1034,BBG011J3QM39,BBG011J3QM39,BBG011J3QM48,1846253,OmniAb Inc,United States,United States,USA,USD,https://www.omniab.com,Healthcare,Biotechnology,Biopharma,Biotech,Ordinary Share,,,,,,
OBIO,NASDAQ,NGM,NasdaqGM,Primary,,2020,US68572M1062,BBG00W5FR2T5,BBG00W5FR2T5,BBG00W5FR3L1,1814114,Orchestra Biomed Holdings Inc,United States,United States,USA,USD,https://www.orchestrabiomed.com,Healthcare,Biotechnology,Biopharma,Biotech,Ordinary Share,,,,,,
OCEA,OTC,PNK,OTC Markets OTCPK,Primary,,2023,US67644C1045,BBG011WXCRR6,BBG011WXCRR6,BBG011WXCRT4,1869974,Ocean Biomedical Inc,United States,United States,USA,USD,https://www.oceanbiomedical.com,Healthcare,Biotechnology,Biopharma,Biotech,Ordinary Share,,,,,,
OCGN,NASDAQ,NCM,NasdaqCM,Primary,,2014,US67577C1053,BBG00194VJB1,BBG00194VJB1,BBG001TG1LS2,1372299,Ocugen Inc,United States,United States,USA,USD,https://www.ocugen.com,Healthcare,Biotechnology,Biopharma,Biotech,Ordinary Share,,,,549300JVNUI9CXWJLR09,,
OCS,NASDAQ,NGM,NasdaqGM,ADR/Cross-listed,Primary listing likely in Switzerland,2021,CH1242303498,BBG01BJ1BHZ3,BBG01BJ1BHZ3,BBG01BJ1BJ07,1953530,Oculis Holding AG,Switzerland,United States,CHE,USD,https://oculis.com,Healthcare,Biotechnology,Biopharma,Biotech,Ordinary Share,,,,5067005370C2KK324336,,
OCUL,NASDAQ,NGM,NasdaqGM,Primary,,2014,US67576A1007,BBG001J1BZV0,BBG001J1BZV0,BBG001V0FT93,1393434,Ocular Therapeutix Inc,United States,United States,USA,USD,https://www.ocutx.com,Healthcare,Biotechnology,Biopharma,Biotech,Ordinary Share,,,,529900ABAWFXOHSIHG03,,
OFIX,NASDAQ,NMS,NasdaqGS,Primary,,,US68752M1080,BBG000G1C210,BBG000G1C210,BBG001SCG164,884624,Orthofix Medical Inc.,United States,United States,USA,USD,https://orthofix.com,Healthcare,Medical Devices,MedTech,Orthopedics,Ordinary Share,,,,,,Y
OGEN,NYSE,ASE,NYSE American,Primary,,2004,US6840236094,BBG000PTF8K2,BBG000PTF8K2,BBG001SL28N5,1174940,Oragenics Inc,United States,United States,USA,USD,https://www.oragenics.com,Healthcare,Biotechnology,Biopharma,Biotech,Ordinary Share,,,,549300639MGD19K4ZW90,,
OGN,NYSE,NYQ,NYSE,Primary,,2021,US68622V1061,BBG00ZQRGW24,BBG00ZQRGW24,BBG00ZQRGW42,1821825,Organon & Co,United States,United States,USA,USD,https://www.organon.com,Healthcare,Drug Manufacturers - General,Biopharma,Large Pharma,Ordinary Share,,,,,,
OHI,NYSE,NYQ,NYSE,Primary,,,US6819361006,BBG000BGBTC2,BBG000BGBTC2,BBG001S736L1,888491,Omega Healthcare Investors Inc,United States,United States,USA,USD,https://www.omegahealthcare.com,Real Estate,REIT - Healthcare Facilities,Healthcare Services,Healthcare Real Estate,Ordinary Share,,,,549300OJ7ENK42CZ8E73,,
OKTA,NASDAQ,NMS,NasdaqGS,Primary,,2017,US6792951054,BBG001YV1SM4,BBG001YV1SM4,BBG001YV1SN3,1660134,"Okta, Inc.",United States,United States,USA,USD,https://www.okta.com,Technology,Software - Infrastructure,Tech,,Ordinary Share,,,,549300N8J06I8MRHU620,,
OKUR,NASDAQ,NGM,NasdaqGM,Primary,,2021,US68277Q1058,BBG00JVRSRC1,BBG00JVRSRC1,BBG00JVRSRD0,1637715,Onkure Therapeutics Inc,United States,United States,USA,USD,https://onkuretherapeutics.com,Healthcare,Biotechnology,Biopharma,Biotech,Ordinary Share,,,,,,
OKYO,NASDAQ,NCM,NasdaqCM,ADR/Cross-listed,Primary listing likely in United Kingdom,2022,GG00BMFG5F62,BBG015TS35V5,BBG015TS35V5,BBG015TS36P0,1849296,OKYO Pharma Ltd,United Kingdom,United States,GBR,USD,https://okyopharma.com,Healthcare,Biotechnology,Biopharma,Biotech,Ordinary Share,,,,213800VVN5CB56Y15A05,,
OLMA,NASDAQ,NMS,NasdaqGS,Primary,,2020,US68062P1066,BBG00T5JMRT4,BBG00T5JMRT4,BBG00T5JMRV1,1750284,Olema Pharmaceuticals Inc,United States,United States,USA,USD,https://olema.com,Healthcare,Biotechnology,Biopharma,Biotech,Ordinary Share,,,,,,
OMCL,NASDAQ,NMS,NasdaqGS,Primary,,,US68213N1090,BBG000BTNGZ4,BBG000BTNGZ4,BBG001SF6Z45,926326,"Omnicell, Inc.",United States,United States,USA,USD,https://www.omnicell.com,Healthcare,Health Information Services,MedTech,Hospital Supply & Equipment,Ordinary Share,,,,5493008RH0GTKHHPZI77,,Y
OMDA,NASDAQ,NMS,NasdaqGS,Primary,,2025,US68170A1088,BBG005TP6Y82,BBG005TP6Y82,BBG005TP6Y91,1611115,"Omada Health, Inc.",United States,United States,USA,USD,https://www.omadahealth.com,Healthcare,Health Information Services,Healthcare Services,Digital Health,Ordinary Share,,,,,,Y
OMER,NASDAQ,NGM,NasdaqGM,Primary,,2009,,BBG000JLP4B4,BBG000JLP4B4,BBG001SPJH21,1285819,Omeros Corp,United States,United States,USA,USD,https://www.omeros.com,Healthcare,Biotechnology,Biopharma,Biotech,Ordinary Share,,,,,,
ACH,NYSE,NYQ,NYSE,Primary,,,US6907321029,BBG000BLFQD2,BBG000BLFQD2,BBG001S8DX02,75252,Accendra Health (fma Owens and Minor),United States,United States,USA,USD,https://www.accendrahealth.com,Healthcare,Medical Distribution,Healthcare Services,Distributors,Ordinary Share,,,,549300LMT5KQQXCEZ733,,Y
ONC,NASDAQ,NMS,NasdaqGS,ADR/Cross-listed,Primary listing likely in Switzerland,2016,,BBG00B6WF7T5,BBG00B6WF7T5,BBG00B6WF7V2,1651308,BeOne Medicines AG,Switzerland,United States,CHE,USD,https://beonemedicines.com,Healthcare,Biotechnology,Biopharma,Biotech,,,,,,,Y
ONCY,NASDAQ,NCM,NasdaqCM,ADR/Cross-listed,Primary listing likely in Canada,2001,CA6823108759,BBG000DVS826,BBG000DVS826,BBG001SDGSF3,1129928,Oncolytics Biotech Inc,Canada,United States,CAN,USD,https://oncolyticsbiotech.com,Healthcare,Biotechnology,Biopharma,Biotech,Ordinary Share,,,,,,
ONT.L,LSE,LSE,LSE,Primary,,2021,GB00BP6S8Z30,BBG012JNVW44,BBG000BPNL54,BBG001SFWFL1,,Oxford Nanopore Technologies PLC,United Kingdom,United Kingdom,GBR,GBP,https://nanoporetech.com,Healthcare,Biotechnology,MedTech,Diagnostics,Ordinary Share,,,,213800IRWQ2Q6M2CDW55,NextGen Sequencing,Y
OPCH,NASDAQ,NMS,NasdaqGS,Primary,,,US68404L2016,BBG000BQK480,BBG000BQK480,BBG001S6X756,1014739,Option Care Health Inc,United States,United States,USA,USD,https://optioncarehealth.com,Healthcare,Medical Care Facilities,Healthcare Services,Post-Acute,Ordinary Share,,,,549300DI3Q5ACSYJRI17,,Y
OPT,LSE,LSE,LSE,Primary,,2024,GB00BRSCY602,BBG000BMBF20,BBG000BMBF20,BBG001S6N2B1,,Optima Health PLC,United Kingdom,United Kingdom,GBR,GBP,https://www.optimahealth.co.uk,Healthcare,Health Information Services,Biopharma,,Ordinary Share,,,,213800TOPWJSRCW4ON08,,
ORCL,NYSE,NYQ,NYSE,Primary,,,,BBG000BQLTW7,BBG000BQLTW7,BBG001S5SJG6,1341439,Oracle Corp,United States,United States,USA,USD,https://www.oracle.com,Technology,Software - Infrastructure,Tech,,Ordinary Share,,,,,,
ORIC,NASDAQ,NMS,NasdaqGS,Primary,,2020,US68622P1093,BBG00BL5SLH5,BBG00BL5SLH5,BBG00BL5SMR2,1796280,ORIC Pharmaceuticals Inc,United States,United States,USA,USD,https://www.oricpharma.com,Healthcare,Biotechnology,Biopharma,Biotech,Ordinary Share,,,,54930033FJRNEYBW0L25,,
ORMP,NASDAQ,NCM,NasdaqCM,Primary,,2007,US68403P2039,BBG000LRYR36,BBG000LRYR36,BBG001SK4M90,1176309,"Oramed Pharmaceuticals, Inc.",United States,United States,USA,USD,https://www.oramed.com,Healthcare,Biotechnology,Biopharma,Biotech,Ordinary Share,,,,5299006K52ZIIGQJ6R84,,
ORNAV.HE,OMX Helsinki,HEL,Helsinki,Primary,,2004,,BBG000PPF018,BBG000PPDZP7,BBG001SR7KZ7,,Orion Oyj,Finland,Finland,FIN,EUR,https://www.orionpharma.com,Healthcare,Drug Manufacturers - General,Biopharma,Large Pharma,Ordinary Share,,,,,,
ORY.MC,BME Madrid,MCE,MCE,Primary,,2015,,BBG000GMXR61,BBG000GMXR61,BBG001T2Z583,,Oryzon Genomics S.A.,Spain,Spain,ESP,EUR,https://www.oryzon.com/en,Healthcare,Biotechnology,Biopharma,Biotech,Ordinary Share,,,,,,
OSCR,NYSE,NYQ,NYSE,Primary,,2021,US6877931096,BBG00YMWFTZ2,BBG00YMWFTZ2,BBG00YMWFVT4,1568651,Oscar Health Inc,United States,United States,USA,USD,https://www.hioscar.com,Healthcare,Healthcare Plans,Healthcare Services,Mgd Care,Ordinary Share,,,,,,Y
OSE.PA,Euronext Paris,PAR,Paris,Primary,,2015,,BBG008891XD6,BBG008891XC7,BBG008891XG3,,OSE Immunotherapeutics SA,France,France,FRA,EUR,https://www.ose-immuno.com,Healthcare,Biotechnology,Biopharma,Biotech,Ordinary Share,,,,,,
OSSFF,OTC,PNK,OTC Markets OTCPK,ADR/Cross-listed,Primary listing likely in Iceland,2019,,BBG00CLGZMY0,BBG00CLGZMY0,BBG001SGDB57,1437545,Embla Medical hf.,Iceland,United States,ISL,USD,https://www.emblamedical.com,Healthcare,Medical Devices,MedTech,Orthopedics,,,,,,,Y
OSTX,NYSE,ASE,NYSE American,Primary,,2024,US68764Y2072,BBG00Y71N7G7,BBG00Y71N7G7,BBG00Y71N7H6,1795091,OS Therapies Inc,United States,United States,USA,USD,https://ostherapies.com,Healthcare,Biotechnology,Biopharma,Biotech,Ordinary Share,,,,,,
OTLK,NASDAQ,NCM,NasdaqCM,Primary,,2016,US69012T3059,BBG00469JRJ5,BBG00469JRJ5,BBG00469JRM1,1649989,Outlook Therapeutics Inc,United States,United States,USA,USD,https://outlooktherapeutics.com,Healthcare,Biotechnology,Biopharma,Biotech,Ordinary Share,,,,5493007AWUJ6HPMCBH11,,
OVID,NASDAQ,NCM,NasdaqCM,Primary,,2017,US6904691010,BBG009F0TD76,BBG009F0TD76,BBG009F0TD85,1636651,Ovid Therapeutics Inc,United States,United States,USA,USD,https://www.ovidrx.com,Healthcare,Biotechnology,Biopharma,Biotech,Ordinary Share,,,,549300H36NUI4L6U8F17,,
OXB.L,LSE,LSE,LSE,Primary,,,,BBG000BMB7T9,BBG000BMB7L7,BBG001S9D985,,Oxford Biomedica plc,United Kingdom,United Kingdom,GBR,GBp,https://www.oxb.com,Healthcare,Biotechnology,Biopharma,Biotech,Ordinary Share,,,,,,
7733.T,TSE,JPX,Tokyo,Primary,,,JP3201200007,BBG000BGS8G6,BBG000BGS8G6,BBG001S6BJG2,,Olympus Corporation,Japan,Japan,JPN,JPY,https://www.olympus.co.jp,Healthcare,Medical Devices,MedTech,Hospital Supply & Equipment,Ordinary Share,,,,5299000Y52IFDI1I2A21,Endoscopy,Y
PACB,NASDAQ,NMS,NasdaqGS,Primary,,2010,US69404D1081,BBG000QKXH20,BBG000QKXH20,BBG001SS9G64,1299130,"Pacific Biosciences of California, Inc.",United States,United States,USA,USD,https://www.pacb.com,Healthcare,Medical Devices,MedTech,Life Science Tools,Ordinary Share,,,,,Genomics / Sequencing,Y
PACS,NYSE,NYQ,NYSE,Primary,,2024,US69380Q1076,BBG01LYPSDK8,BBG01LYPSDK8,BBG01LYPSFF9,2001184,PACS Group Inc,United States,United States,USA,USD,https://pacs.com,Healthcare,Medical Care Facilities,Healthcare Services,Post-Acute,Ordinary Share,,,,,,Y
PAHC,NASDAQ,NGM,NasdaqGM,Primary,,2014,,BBG000C31ZH2,BBG000C31ZH2,BBG0069NW5X3,1069899,Phibro Animal Health Corp,United States,United States,USA,USD,https://www.pahc.com,Healthcare,Drug Manufacturers - Specialty & Generic,Healthcare Services,Animal Health,Ordinary Share,,,,,,Y
PANW,NASDAQ,NMS,NasdaqGS,Primary,,2012,US6974351057,BBG0014GJCT9,BBG0014GJCT9,BBG001T9NWN5,1327567,Palo Alto Networks Inc,United States,United States,USA,USD,https://www.paloaltonetworks.com,Technology,Software - Infrastructure,Tech,,Ordinary Share,,,,549300QXR2YVZV231H43,,
PASG,NASDAQ,NCM,NasdaqCM,Primary,,2020,US7027122099,BBG00NBK4XF9,BBG00NBK4XF9,BBG00NBK4XG8,1787297,Passage Bio Inc,United States,United States,USA,USD,https://www.passagebio.com,Healthcare,Biotechnology,Biopharma,Biotech,Ordinary Share,,,,,,
PAYC,NYSE,NYQ,NYSE,Primary,,2014,US70432V1026,BBG0064N0ZZ5,BBG0064N0ZZ5,BBG0064N1009,1590955,Paycom Software Inc,United States,United States,USA,USD,https://www.paycom.com,Technology,Software - Application,SaaS,,Ordinary Share,,,,254900LSB0HNJUDC6Q18,,
PAYP,NASDAQ,NMS,NasdaqGS,ADR/Cross-listed,Primary listing likely in Japan,2026,,BBG0208Z3BL0,BBG0208Z3BL0,BBG0208Z3CX5,2080845,PayPay Corp,Japan,United States,JPN,USD,https://paypay.ne.jp,Technology,Software - Infrastructure,Financials,Digital Payments,,2026-03-11,2026-06-09,2026-09-07,,,
PBYI,NASDAQ,NMS,NasdaqGS,Primary,,2012,US74587V1070,BBG0018YXYX7,BBG0018YXYX7,BBG001TFZB81,1401667,Puma Biotechnology Inc,United States,United States,USA,USD,https://www.pumabiotechnology.com,Healthcare,Biotechnology,Biopharma,Biotech,Ordinary Share,,,,,,
PCOR,NYSE,NYQ,NYSE,Primary,,2021,US74275K1088,BBG0026ZJ304,BBG0026ZJ304,BBG0026ZJ313,1611052,Procore Technologies Inc,United States,United States,USA,USD,https://www.procore.com,Technology,Software - Application,SaaS,,Ordinary Share,,,,,,
PCTY,NASDAQ,NMS,NasdaqGS,Primary,,2014,,BBG006598YS8,BBG006598YS8,BBG006598YZ0,1591698,Paylocity Holding Corp,United States,United States,USA,USD,https://www.paylocity.com,Technology,Software - Application,SaaS,,Ordinary Share,,,,,,
PCVX,NASDAQ,NMS,NasdaqGS,Primary,,2020,US92243G1085,BBG009PHHPL8,BBG009PHHPL8,BBG009PHHPP4,1649094,Vaxcyte Inc,United States,United States,USA,USD,https://vaxcyte.com,Healthcare,Biotechnology,Biopharma,Biotech,Ordinary Share,,,,254900M7NMHTGASX8D95,,Y
PD,NYSE,NYQ,NYSE,Primary,,2019,,BBG0043BYPB8,BBG0043BYPB8,BBG0043BYPD6,1568100,Pagerduty Inc,United States,United States,USA,USD,https://www.pagerduty.com,Technology,Software - Application,SaaS,,Ordinary Share,,,,,,
PDSB,NASDAQ,NCM,NasdaqCM,Primary,,2015,US70465T1079,BBG004NCDK82,BBG004NCDK82,BBG004NCDKL7,1472091,PDS Biotechnology Corp,United States,United States,USA,USD,https://www.pdsbiotech.com,Healthcare,Biotechnology,Biopharma,Biotech,Ordinary Share,,,,5493002KU8ACFTSMC935,,
PEN,NYSE,NYQ,NYSE,Primary,,2015,US70975L1070,BBG001BP92V1,BBG001BP92V1,BBG001TRHPB0,1321732,"Penumbra, Inc.",United States,United States,USA,USD,https://www.penumbrainc.com,Healthcare,Medical Devices,MedTech,Cardiovascular,Ordinary Share,,,,549300RGE06P3ECANU72,Peripheral,Y
PEPG,NASDAQ,NMS,NasdaqGS,Primary,,2022,US7133171055,BBG012232618,BBG012232618,BBG012232627,1835597,PepGen Inc,United States,United States,USA,USD,https://www.pepgen.com,Healthcare,Biotechnology,Biopharma,Biotech,Ordinary Share,,,,,,
PFE,NYSE,NYQ,NYSE,Primary,,,US7170811035,BBG000BR2B91,BBG000BR2B91,BBG001S5V466,78003,Pfizer Inc,United States,United States,USA,USD,https://www.pfizer.com,Healthcare,Drug Manufacturers - General,Biopharma,Large Pharma,Ordinary Share,,,,765LHXWGK1KXCLTFYQ30,,Y
PGEN,NASDAQ,NMS,NasdaqGS,Primary,,2013,,BBG000QL8VH9,BBG000QL8VH9,BBG001SSB3T5,1356090,Precigen Inc,United States,United States,USA,USD,https://precigen.com,Healthcare,Biotechnology,Biopharma,Biotech,Ordinary Share,,,,,,
PGNY,NASDAQ,NMS,NasdaqGS,Primary,,2019,US74340E1038,BBG002H1K1H1,BBG002H1K1H1,BBG002H1K1K7,1551306,Progyny Inc,United States,United States,USA,USD,https://www.progyny.com,Healthcare,Healthcare Plans,Healthcare Services,Benefits,Ordinary Share,,,,,,Y
PHAR,NASDAQ,NGM,NasdaqGM,ADR/Cross-listed,Primary listing likely in Netherlands,2020,,BBG00YN70VB3,BBG00YN70VB3,BBG00YN70W58,1828316,Pharming Group N V ADS each representing 10 Ord Shs,Netherlands,United States,NLD,USD,https://www.pharming.com,Healthcare,Biotechnology,Biopharma,Biotech,,,,,,,
PHAT,NASDAQ,NMS,NasdaqGS,Primary,,2019,US71722W1071,BBG00P5B2S19,BBG00P5B2S19,BBG00P5B2S73,1783183,Phathom Pharmaceuticals Inc,United States,United States,USA,USD,https://www.phathompharma.com,Healthcare,Biotechnology,Biopharma,Biotech,Ordinary Share,,,,,,
PHG,NYSE,NYQ,NYSE,ADR/Cross-listed,Primary listing likely in Netherlands,,,BBG000BR4QW0,BBG000BR4QW0,BBG001S5V5G2,313216,Koninklijke Philips N.V.,Netherlands,United States,NLD,USD,https://www.philips.com,Healthcare,Medical Devices,MedTech,Sleep,,,,,,,Y
PHIO,NASDAQ,NCM,NasdaqCM,Primary,,2012,US71880W5013,BBG0024FKD97,BBG0024FKD97,BBG0024FKDB4,1533040,Phio Pharmaceuticals Corp,United States,United States,USA,USD,https://phiopharma.com,Healthcare,Biotechnology,Biopharma,Biotech,Ordinary Share,,,,549300KOGMLSPLDVHR52,,
PHM.MC,BME Madrid,MCE,MCE,Primary,,,,BBG000F3LRQ5,BBG000F3LRQ5,BBG001SKH9D0,,"Pharma Mar, S.A.",Spain,Spain,ESP,EUR,https://www.pharmamar.com,Healthcare,Biotechnology,Biopharma,Biotech,Ordinary Share,,,,,,
PHN.MI,Borsa Italiana,MIL,Milan,Primary,,2017,,BBG00H5FW2L0,BBG002W0V255,BBG002W0V264,,Pharmanutra S.p.A.,Italy,Italy,ITA,EUR,https://www.pharmanutra.it,Healthcare,Drug Manufacturers - Specialty & Generic,Biopharma,Specialty & Generic Pharma,Ordinary Share,,,,,,
PHR,NYSE,NYQ,NYSE,Primary,,2019,US71944F1066,BBG0019J4TP1,BBG0019J4TP1,BBG001TG2W25,1412408,Phreesia Inc,United States,United States,USA,USD,https://www.phreesia.com,Healthcare,Health Information Services,Healthcare Services,HIT,Ordinary Share,,,,5493000HHF8NU4QOCG53,,Y
PHVS,NASDAQ,NMS,NasdaqGS,ADR/Cross-listed,Primary listing likely in Switzerland,2021,NL00150005Y4,BBG00YYCW1N8,BBG00YYCW1N8,BBG00YYCW2H3,1830487,Pharvaris NV,Switzerland,United States,CHE,USD,https://pharvaris.com,Healthcare,Biotechnology,Biopharma,Biotech,Ordinary Share,,,,,,
PLRX,NASDAQ,NMS,NasdaqGS,Primary,,2020,US7291391057,BBG00C8083N4,BBG00C8083N4,BBG00C8083P2,1746473,Pliant Therapeutics Inc,United States,United States,USA,USD,https://pliantrx.com,Healthcare,Biotechnology,Biopharma,Biotech,Ordinary Share,,,,5493002Q5LITR7VHZH02,,
PLSE,NASDAQ,NCM,NasdaqCM,Primary,,2016,US74587B1017,BBG00BRBHVD0,BBG00BRBHVD0,BBG00BRBHVG7,1625101,Pulse Biosciences Inc,United States,United States,USA,USD,https://www.pulsebiosciences.com,Healthcare,Medical Instruments & Supplies,MedTech,Diversified MedTech,Ordinary Share,,,,529900NJUBI06118FM73,,Y
PLX,NYSE,ASE,NYSE American,Primary,,,US74365A3095,BBG000JW08N5,BBG000JW08N5,BBG001SBVMW4,1006281,Protalix Biotherapeutics Inc,United States,United States,USA,USD,https://www.protalix.com,Healthcare,Biotechnology,Biopharma,Biotech,Ordinary Share,,,,549300SDVB3GP4XDFM60,,
PMVP,NASDAQ,NMS,NasdaqGS,Primary,,2020,US69353Y1038,BBG007NM47G3,BBG007NM47G3,BBG007NM4862,1699382,PMV Pharmaceuticals Inc,United States,United States,USA,USD,https://www.pmvpharma.com,Healthcare,Biotechnology,Biopharma,Biotech,Ordinary Share,,,,,,
PNTG,NASDAQ,NMS,NasdaqGS,Primary,,2019,,BBG00P33SY72,BBG00P33SY72,BBG00P33SZ15,1766400,Pennant Group Inc,United States,United States,USA,USD,https://pennantgroup.com,Healthcare,Medical Care Facilities,Healthcare Services,Post-Acute,Ordinary Share,,,,,,Y
PODD,NASDAQ,NMS,NasdaqGS,Primary,,2007,,BBG000R7XX87,BBG000R7XX87,BBG001SRF439,1145197,Insulet Corporation,United States,United States,USA,USD,https://www.insulet.com,Healthcare,Medical Devices,MedTech,Diabetes,Ordinary Share,,,,,,Y
PPCB,NASDAQ,NCM,NasdaqCM,ADR/Cross-listed,Primary listing likely in Australia,2013,US74346N7012,BBG002086386,BBG002086386,BBG002086411,1517681,Propanc Biopharma Inc,Australia,United States,AUS,USD,https://www.propanc.com,Healthcare,Biotechnology,Biopharma,Biotech,,,,,,,
PPGN.SW,SIX,EBS,Swiss,Primary,,2021,,BBG0100P02P0,BBG0100P02P0,BBG0100P02X1,,PolyPeptide Group AG,Switzerland,Switzerland,CHE,CHF,https://www.polypeptide.com,Healthcare,Drug Manufacturers - Specialty & Generic,Biopharma,Specialty & Generic Pharma,Ordinary Share,,,,,,
PPLPHARMA.NS,NSE,NSI,NSE,Primary,,2022,INE0DK501011,,,,,Piramal Pharma Limited,India,India,IND,INR,https://www.piramalpharma.com,Healthcare,Drug Manufacturers - Specialty & Generic,Biopharma,Specialty & Generic Pharma,Ordinary Share,,,,3358006D6AL7PZ4U9T51,,
PRAX,NASDAQ,NMS,NasdaqGS,Primary,,2020,US74006W2070,BBG00W9LF2G5,BBG00W9LF2G5,BBG00W9LF2H4,1689548,Praxis Precision Medicines Inc,United States,United States,USA,USD,https://praxismedicines.com,Healthcare,Biotechnology,Biopharma,Biotech,Ordinary Share,,,,,,
PRCT,NASDAQ,NGM,NasdaqGM,Primary,,2021,US74276L1052,BBG009KD84H4,BBG009KD84H4,BBG009KD84J2,1588978,PROCEPT BioRobotics Corporation,United States,United States,USA,USD,https://www.procept-biorobotics.com,Healthcare,Medical Devices,MedTech,Urology,Ordinary Share,,,,,,Y
PRFX,NASDAQ,NCM,NasdaqCM,ADR/Cross-listed,Primary listing likely in Israel,2020,IL0011651580,BBG00VT0S8T0,BBG00VT0S8T0,BBG00VT0S9L6,1801834,PRF Technologies Ltd,Israel,United States,ISR,USD,https://www.painreform.com,Healthcare,Drug Manufacturers - Specialty & Generic,Biopharma,Specialty & Generic Pharma,Ordinary Share,,,,,,
PRGO,NYSE,NYQ,NYSE,ADR/Cross-listed,Primary listing likely in Ireland,,IE00BGH1M568,BBG000CNFQW6,BBG000CNFQW6,BBG001S704D8,1585364,Perrigo Company PLC,Ireland,United States,IRL,USD,https://www.perrigo.com,Healthcare,Drug Manufacturers - Specialty & Generic,Biopharma,Specialty & Generic Pharma,Ordinary Share,,,,,,
PRLD,NASDAQ,NMS,NasdaqGS,Primary,,2020,US74065P1012,BBG00K7JY2Q6,BBG00K7JY2Q6,BBG00K7JY2R5,1678660,Prelude Therapeutics Inc,United States,United States,USA,USD,https://preludetx.com,Healthcare,Biotechnology,Biopharma,Biotech,Ordinary Share,,,,,,
PRME,NASDAQ,NGM,NasdaqGM,Primary,,2022,US74168J1016,BBG011RT3R55,BBG011RT3R55,BBG011RT3R64,1894562,Prime Medicine Inc,United States,United States,USA,USD,https://primemedicine.com,Healthcare,Biotechnology,Biopharma,Biotech,Ordinary Share,,,,,,
PROK,NASDAQ,NCM,NasdaqCM,Primary,,2021,KYG7S53R1049,BBG0119BQ2Y2,BBG0119BQ2Y2,BBG0119BQ3S7,1850270,ProKidney Corp,United States,United States,USA,USD,https://prokidney.com,Healthcare,Biotechnology,Biopharma,Biotech,Ordinary Share,,,,,,
PRQR,NASDAQ,NCM,NasdaqCM,ADR/Cross-listed,Primary listing likely in Netherlands,2014,NL0010872495,BBG006N8B830,BBG006N8B830,BBG006N8B849,1612940,ProQR Therapeutics NV,Netherlands,United States,NLD,USD,https://www.proqr.com,Healthcare,Biotechnology,Biopharma,Biotech,Ordinary Share,,,,,,
PRTA,NASDAQ,NMS,NasdaqGS,ADR/Cross-listed,Primary listing likely in Ireland,2012,IE00B91XRN20,BBG003PDKJF7,BBG003PDKJF7,BBG00393H6N0,1559053,Prothena Corporation PLC,Ireland,United States,IRL,USD,https://www.prothena.com,Healthcare,Biotechnology,Biopharma,Biotech,Ordinary Share,,,,,,
PRVA,NASDAQ,NMS,NasdaqGS,Primary,,2021,US74276R1023,BBG00ZXYXVP9,BBG00ZXYXVP9,BBG00ZXYXWJ4,1759655,Privia Health Group Inc,United States,United States,USA,USD,https://www.priviahealth.com,Healthcare,Health Information Services,Healthcare Services,VBC,Ordinary Share,,,,,,Y
PSG.DE,XETRA,,,,,,,,,,,Pharma SGP SE,Germany,Germany,DEU,EUR,,,,Biopharma,,,,,,,,
PTC,NASDAQ,NMS,NasdaqGS,Primary,,,US69370C1009,BBG000C2VBB0,BBG000C2VBB0,BBG001S6DNK6,857005,PTC Inc,United States,United States,USA,USD,https://www.ptc.com,Technology,Software - Application,Tech,,Ordinary Share,,,,54930050SSMU8SKDJ030,,
PTCT,NASDAQ,NMS,NasdaqGS,Primary,,2013,US69366J2006,BBG000QT15P7,BBG000QT15P7,BBG001SNNC86,1070081,"PTC Therapeutics, Inc.",United States,United States,USA,USD,https://www.ptcbio.com,Healthcare,Biotechnology,Biopharma,Biotech,Ordinary Share,,,,549300UJLWOIWFDGB318,,
PTGX,NASDAQ,NGM,NasdaqGM,Primary,,2016,US74366E1029,BBG002B63KM7,BBG002B63KM7,BBG002B63KP4,1377121,Protagonist Therapeutics Inc,United States,United States,USA,USD,https://www.protagonist-inc.com,Healthcare,Biotechnology,Biopharma,Biotech,Ordinary Share,,,,,,
PTN,NYSE,ASE,NYSE American,Primary,,,US6960776010,BBG000BN9PY4,BBG000BN9PY4,BBG001S8HM57,911216,Palatin Technologies Inc,United States,United States,USA,USD,https://palatin.com,Healthcare,Biotechnology,Biopharma,Biotech,Ordinary Share,,,,549300IDN7TWMQI0JP93,,
PTPI,OTC,PNK,OTC Markets OTCPK,Primary,,2020,US71678J3086,BBG00TYL0TW3,BBG00TYL0TW3,BBG00TYL0TY1,1815903,Petros Pharmaceuticals Inc,United States,United States,USA,USD,https://petrospharma.com,Healthcare,Drug Manufacturers - Specialty & Generic,Biopharma,Specialty & Generic Pharma,Ordinary Share,,,,,,
PULM,NASDAQ,NCM,NasdaqCM,Primary,,2014,US74584P3010,BBG003TH2QL1,BBG003TH2QL1,BBG003TH2QM0,1574235,Pulmatrix Inc,United States,United States,USA,USD,https://www.pulmatrix.com,Healthcare,Biotechnology,Biopharma,Biotech,Ordinary Share,,,,5299002RHCRZ9ST3GN42,,
PYXS,NASDAQ,NMS,NasdaqGS,Primary,,2021,US7473241013,BBG00PQFFCV5,BBG00PQFFCV5,BBG00PQFFCW4,1782223,Pyxis Oncology Inc,United States,United States,USA,USD,https://www.pyxisoncology.com,Healthcare,Biotechnology,Biopharma,Biotech,Ordinary Share,,,,,,
QDEL,NASDAQ,NMS,NasdaqGS,Primary,,,US2197981051,BBG017TGV7M2,BBG017TGV7M2,BBG017TGV7N1,1906324,QuidelOrtho Corporation,United States,United States,USA,USD,https://www.quidelortho.com,Healthcare,Medical Devices,MedTech,Diagnostics,Ordinary Share,,,,,,Y
QGEN,NYSE,NYQ,NYSE,ADR/Cross-listed,Primary listing likely in Netherlands,,NL0015002SN0,BBG000GTYWL7,BBG000GTYWL7,BBG001S91B01,1015820,Qiagen N.V.,Netherlands,United States,NLD,USD,https://www.qiagen.com,Healthcare,Diagnostics & Research,MedTech,Diagnostics,Ordinary Share,,,,54930036WK3GMCN17Z57,,Y
QLYS,NASDAQ,NMS,NasdaqGS,Primary,,2012,US74758T3032,BBG000HT5G06,BBG000HT5G06,BBG001SYH860,1107843,Qualys Inc,United States,United States,USA,USD,https://www.qualys.com,Technology,Software - Infrastructure,Tech,,Ordinary Share,,,,549300EMBXYOW9W1XA17,,
QNCX,NASDAQ,NMS,NasdaqGS,Primary,,2019,US22053A3059,BBG00BTK1DT8,BBG00BTK1DT8,BBG00BTK1DS9,1662774,Quince Therapeutics Inc,United States,United States,USA,USD,https://www.quincetx.com,Healthcare,Biotechnology,Biopharma,Biotech,Ordinary Share,,,,,,
QNRX,NASDAQ,NCM,NasdaqCM,Primary,,2016,US74907L3006,BBG00D9PB2L6,BBG00D9PB2L6,BBG00D9PB389,1671502,Quoin Pharmaceuticals Ltd - ADR,United States,United States,USA,USD,https://quoinpharma.com,Healthcare,Biotechnology,Biopharma,Biotech,Ordinary Share,,,,,,
QTTB,NASDAQ,NCM,NasdaqCM,Primary,,2018,US7469641051,BBG00CTTJWQ9,BBG00CTTJWQ9,BBG00CTTJWS7,1661998,Q32 Bio Inc,United States,United States,USA,USD,https://www.q32bio.com,Healthcare,Biotechnology,Biopharma,Biotech,Ordinary Share,,,,549300RWKPJEFTM3K452,,
QTWO,NYSE,NYQ,NYSE,Primary,,2014,US74736L1098,BBG005ZVK9P2,BBG005ZVK9P2,BBG005ZVK9Q1,1410384,Q2 Holdings Inc,United States,United States,USA,USD,https://www.q2.com,Technology,Software - Application,SaaS,,Ordinary Share,,,,549300M9RKR9DZXWS696,,
QURE,NASDAQ,NMS,NasdaqGS,ADR/Cross-listed,Primary listing likely in Netherlands,2014,NL0010696654,BBG005SSJYH3,BBG005SSJYH3,BBG005SSJYG4,1590560,Uniqure NV,Netherlands,United States,NLD,USD,https://www.uniqure.com,Healthcare,Biotechnology,Biopharma,Biotech,Ordinary Share,,,,,,
RAC.AX,ASX,ASX,ASX,Primary,,2016,,BBG00CWVFMV0,BBG00CWVFMV0,BBG00CWVFMT3,,Racura Oncology Ltd,Australia,Australia,AUS,AUD,https://www.racuraoncology.com,Healthcare,Biotechnology,Biopharma,Biotech,Ordinary Share,,,,,,
RAMP,NYSE,NYQ,NYSE,Primary,,,,BBG000BB4HM6,BBG000BB4HM6,BBG001S5NCJ3,733269,Liveramp Holdings Inc,United States,United States,USA,USD,https://liveramp.com,Technology,Software - Infrastructure,SaaS,,Ordinary Share,,,,,,
RANI,NASDAQ,NGM,NasdaqGM,Primary,,2021,US7530181004,BBG011R6PZ44,BBG011R6PZ44,BBG011R6PZZ0,1856725,Rani Therapeutics Holdings Inc,United States,United States,USA,USD,https://www.ranitherapeutics.com,Healthcare,Biotechnology,Biopharma,Biotech,Ordinary Share,,,,,,
RAPP,NASDAQ,NGM,NasdaqGM,Primary,,2024,US75383L1026,BBG01FRNQ4P1,BBG01FRNQ4P1,BBG01FRNQ4V4,2012593,Rapport Therapeutics Inc,United States,United States,USA,USD,https://www.rapportrx.com,Healthcare,Biotechnology,Biopharma,Biotech,Ordinary Share,,,,,,
RARE,NASDAQ,NMS,NasdaqGS,Primary,,2014,US90400D1081,BBG001RWPDW6,BBG001RWPDW6,BBG001V2MJJ2,1515673,Ultragenyx Pharmaceutical Inc,United States,United States,USA,USD,https://www.ultragenyx.com,Healthcare,Biotechnology,Biopharma,Biotech,Ordinary Share,,,,529900EV44GVDN1DCX77,,
RBLX,NYSE,NYQ,NYSE,Primary,,2021,US7710491033,BBG001R1GCT0,BBG001R1GCT0,BBG001V1Y6Z1,1315098,Roblox Corp,United States,United States,USA,USD,https://corp.roblox.com,Communication Services,Electronic Gaming & Multimedia,Tech,,Ordinary Share,,,,,,
RCKT,NASDAQ,NGM,NasdaqGM,Primary,,2015,,BBG000WG3567,BBG000WG3567,BBG001T92156,1281895,Rocket Pharmaceuticals Inc,United States,United States,USA,USD,https://www.rocketpharma.com,Healthcare,Biotechnology,Biopharma,Biotech,Ordinary Share,,,,,,
RDHL,NASDAQ,NCM,NasdaqCM,ADR/Cross-listed,Primary listing likely in Israel,2013,US7574683014,BBG003RY91S7,BBG003RY91S7,BBG003RY92J5,1553846,RedHill Biopharma Ltd,Israel,United States,ISR,USD,https://www.redhillbio.com,Healthcare,Drug Manufacturers - Specialty & Generic,Biopharma,Specialty & Generic Pharma,Depositary Receipt,,,,,,
RDNT,NASDAQ,NGM,NasdaqGM,Primary,,,US7504911022,BBG000CXSF54,BBG000CXSF54,BBG001S75DK5,790526,Radnet Inc,United States,United States,USA,USD,https://www.radnet.com,Healthcare,Diagnostics & Research,Healthcare Services,Imaging,Ordinary Share,,,,529900RECG94V2IZJ970,,Y
RDOR3,B3,SAO,São Paulo,Primary,,2020,,BBG001C7TQV5,BBG001C7TQV5,BBG001TWMLH6,,Rede D'Or Sao Luiz SA,Brazil,Brazil,BRA,BRL,https://www.rededorsaoluiz.com.br,Healthcare,Medical Care Facilities,Healthcare Services,Ex-US Facilities,Ordinary Share,,,,,,Y
RDY,NYSE,NYQ,NYSE,ADR/Cross-listed,Primary listing likely in India,,US2561352038,BBG000NJ96L6,BBG000NJ96L6,BBG001SHMCN3,1135951,Dr Reddy's Laboratories Ltd,India,United States,IND,USD,https://www.drreddys.com,Healthcare,Drug Manufacturers - Specialty & Generic,Biopharma,Specialty & Generic Pharma,Depositary Receipt,,,,335800OVDPY3DVZR2798,,
REC.MI,Borsa Italiana,MIL,Milan,Primary,,,,BBG000BC7PF1,BBG000BC7P43,BBG001S699H6,,Recordati Industria Chimica e Farmaceutica S.p.A.,Italy,Italy,ITA,EUR,https://recordati.com,Healthcare,Drug Manufacturers - General,Biopharma,Large Pharma,Ordinary Share,,,,,,
REGN,NASDAQ,NMS,NasdaqGS,Primary,,,US75886F1075,BBG000C734W3,BBG000C734W3,BBG001S6PX49,872589,Regeneron Pharmaceuticals Inc,United States,United States,USA,USD,https://www.regeneron.com,Healthcare,Biotechnology,Biopharma,Biotech,Ordinary Share,,,,549300RCBFWIRX3HYQ56,,Y
LNAI,NASDAQ,NCM,NasdaqCM,Primary,,2026,US29350E3027,BBG0060CNMG8,BBG0060CNMG8,BBG0060CNMH7,1527728,Lunai Bioworks Inc.,United States,United States,USA,USD,https://www.lunaibioworks.com,Healthcare,Biotechnology,Biopharma,,,,,,5493003O12Q6PNJ56V39,,
REPL,NASDAQ,NMS,NasdaqGS,Primary,,2018,US76029N1063,BBG00L8Z22R1,BBG00L8Z22R1,BBG00L8Z22S0,1737953,Replimune Group Inc,United States,United States,USA,USD,https://www.replimune.com,Healthcare,Biotechnology,Biopharma,Biotech,Ordinary Share,,,,549300AY704NEIRC4K64,,
RFL,NYSE,NYQ,NYSE,Primary,,2018,US75062E1064,BBG00J3YYS92,BBG00J3YYS92,BBG00J3YYSB9,1713863,Rafael Holdings Inc,United States,United States,USA,USD,https://www.rafaelholdings.com,Real Estate,Real Estate Services,Biopharma,,Ordinary Share,,,,,,
RGC,NASDAQ,NCM,NasdaqCM,ADR/Cross-listed,Primary listing likely in Hong Kong,2021,KYG7487R1002,BBG00ZS40360,BBG00ZS40360,BBG00ZS40379,1829667,Regencell Bioscience Holdings Ltd,Hong Kong,United States,HKG,USD,https://www.regencellbioscience.com,Healthcare,Drug Manufacturers - Specialty & Generic,Biopharma,Specialty & Generic Pharma,Ordinary Share,,,,,,
RGNX,NASDAQ,NMS,NasdaqGS,Primary,,2015,US75901B1070,BBG007Z9V591,BBG007Z9V591,BBG007Z9V5C7,1590877,Regenxbio Inc,United States,United States,USA,USD,https://www.regenxbio.com,Healthcare,Biotechnology,Biopharma,Biotech,Ordinary Share,,,,549300EOES47LATSET33,,
RIG2.F,Frankfurt,FRA,Frankfurt,ADR/Cross-listed,Primary listing likely in Hungary,2003,,,,,,Gedeon Richter PLC,Hungary,Germany,HUN,EUR,https://www.gedeonrichter.com,Healthcare,Drug Manufacturers - Specialty & Generic,Biopharma,Specialty & Generic Pharma,,,,,,,
RIGL,NASDAQ,NMS,NasdaqGS,Primary,,,US7665597024,BBG000BPWTW7,BBG000BPWTW7,BBG001SD33Z0,1034842,Rigel Pharmaceuticals Inc,United States,United States,USA,USD,https://www.rigel.com,Healthcare,Biotechnology,Biopharma,Biotech,Ordinary Share,,,,529900KPTNUS5J8K9K66,,
RJF.MC,BME Madrid,MCE,MCE,Primary,,2002,,BBG000P9B4M7,BBG000P9B4M7,BBG001SL71G3,,"Laboratorio Reig Jofre, S.A.",Spain,Spain,ESP,EUR,https://www.reigjofre.com,Healthcare,Drug Manufacturers - Specialty & Generic,Biopharma,Specialty & Generic Pharma,Ordinary Share,,,,,,
RLAY,NASDAQ,NGM,NasdaqGM,Primary,,2020,US75943R1023,BBG00DSS08K9,BBG00DSS08K9,BBG00DSS08L8,1812364,Relay Therapeutics Inc,United States,United States,USA,USD,https://www.relaytx.com,Healthcare,Biotechnology,Biopharma,Biotech,Ordinary Share,,,,,,
RLF.SW,SIX,,,,,,,,,,,Relief Therapeutics Holding SA,Switzerland,Switzerland,CHE,CHF,,,,Biopharma,,,,,,,,
RLMD,NASDAQ,NCM,NasdaqCM,Primary,,2014,US75955J4022,BBG003MKSL16,BBG003MKSL16,BBG003MKSL25,1553643,Relmada Therapeutics Inc,United States,United States,USA,USD,https://www.relmada.com,Healthcare,Biotechnology,Biopharma,Biotech,Ordinary Share,,,,549300217EASRZ9JSF81,,
RMD,NYSE,NYQ,NYSE,Primary,,,US7611521078,BBG000L4M7F1,BBG000L4M7F1,BBG001SBGRC2,943819,Resmed Inc,United States,United States,USA,USD,https://www.resmed.com,Healthcare,Medical Instruments & Supplies,MedTech,Sleep,Ordinary Share,,,,529900T3QE5253CCXF22,,Y
RMTI,NASDAQ,NCM,NasdaqCM,Primary,,,US7743743004,BBG000BMC004,BBG000BMC004,BBG001S8R2Y8,1041024,Rockwell Medical Inc,United States,United States,USA,USD,https://www.rockwellmed.com,Healthcare,Drug Manufacturers - Specialty & Generic,Biopharma,Specialty & Generic Pharma,Ordinary Share,,,,529900Y6YUB5X93MMD77,,
RNA,NASDAQ,NMS,NasdaqGS,Primary,,2026,US04965N1046,BBG01Z0T3959,BBG01Z0T3959,BBG01Z0T3B63,2093101,"Atrium Therapeutics, Inc.",United States,United States,USA,USD,https://atriumtherapeutics.com,Healthcare,Biotechnology,Biopharma,Biotech,Ordinary Share,,,,,,
RNAC,NASDAQ,NGM,NasdaqGM,Primary,,2016,US8162123025,BBG001J19Q25,BBG001J19Q25,BBG001V0FQQ0,1453687,Cartesian Therapeutics Inc,United States,United States,USA,USD,https://www.cartesiantherapeutics.com,Healthcare,Biotechnology,Biopharma,Biotech,Ordinary Share,,,,529900NMN0LACZOL7C43,,
RNG,NYSE,NYQ,NYSE,Primary,,2013,US76680R2067,BBG000J094P3,BBG000J094P3,BBG001SHXFM5,1384905,RingCentral Inc,United States,United States,USA,USD,https://www.ringcentral.com,Technology,Software - Application,SaaS,,Ordinary Share,,,,549300C8EH0H1614VE84,,
RNTX,NASDAQ,NCM,NasdaqCM,Primary,,2017,,BBG002454KR1,BBG002454KR1,BBG002454KS0,1420565,Rein Therapeutics Inc,United States,United States,USA,USD,https://www.reintx.com,Healthcare,Biotechnology,Biopharma,Biotech,Ordinary Share,,,,,,
ROG.SW,SIX,EBS,Swiss,Primary,,,,BBG000BNV243,BBG000BNV243,BBG001SD12S2,,Roche,Switzerland,Switzerland,CHE,CHF,https://www.roche.com,Healthcare,Drug Manufacturers - General,Biopharma,Large Pharma,Ordinary Share,,,,,,Y
ROIV,NASDAQ,NMS,NasdaqGS,ADR/Cross-listed,Primary listing likely in United Kingdom,2020,,BBG007STW2B8,BBG007STW2B8,BBG007STW2C7,1635088,Roivant Sciences Ltd,United Kingdom,United States,GBR,USD,https://roivant.com,Healthcare,Biotechnology,Biopharma,Biotech,,,,,,,Y
ROVI.MC,BME Madrid,MCE,MCE,Primary,,2007,ES0157261019,BBG000QP0656,BBG000QP0656,BBG001SN9X86,,"Laboratorios Farmaceuticos Rovi, S.A.",Spain,Spain,ESP,EUR,https://www.rovi.es,Healthcare,Drug Manufacturers - Specialty & Generic,Biopharma,Specialty & Generic Pharma,Ordinary Share,,,,95980020140005936480,,
RPD,NASDAQ,NGM,NasdaqGM,Primary,,2015,US7534221046,BBG009DFHWG6,BBG009DFHWG6,BBG009DFHWH5,1560327,"Rapid7, Inc.",United States,United States,USA,USD,https://www.rapid7.com,Technology,Software - Infrastructure,Tech,,Ordinary Share,,,,549300GNVG5D60KEYN14,,Y
RPGLIFE.NS,NSE,NSI,NSE,Primary,,2002,INE105J01010,,,,,RPG Life Sciences Limited,India,India,IND,INR,https://www.rpglifesciences.com,Healthcare,Drug Manufacturers - Specialty & Generic,Biopharma,Specialty & Generic Pharma,Ordinary Share,,,,,,
RPRX,NASDAQ,NMS,NasdaqGS,Primary,,2020,GB00BMVP7Y09,BBG00V1L5YZ5,BBG00V1L5YZ5,BBG00V1L5ZR1,1802768,Royalty Pharma plc,United Kingdom,United States,GBR,USD,https://www.royaltypharma.com,Healthcare,Biotechnology,Biopharma,Biotech,Ordinary Share,,,,549300FGFN7VOK8BZR03,,Y
RPTX,NASDAQ,NMS,,ADR/Cross-listed,Primary listing likely in Canada,2020,US7602731025,,,,,Repare Therapeutics Inc.,Canada,United States,CAN,USD,https://www.reparerx.com,Healthcare,Biotechnology,Biopharma,Biotech,Ordinary Share,,,,,,
RVMD,NASDAQ,NMS,NasdaqGS,Primary,,2020,US76155X1000,BBG00829F4P8,BBG00829F4P8,BBG00829F4Q7,1628171,Revolution Medicines Inc,United States,United States,USA,USD,https://www.revmed.com,Healthcare,Biotechnology,Biopharma,Biotech,Ordinary Share,,,,549300JU3X0LBCQ65892,,Y
RVTY,NYSE,NYQ,NYSE,Primary,,,,BBG000FXW512,BBG000FXW512,BBG001SBKS35,31791,"Revvity, Inc.",United States,United States,USA,USD,https://www.revvity.com,Healthcare,Diagnostics & Research,MedTech,Life Science Tools,Ordinary Share,,,,,,Y
RXRX,NASDAQ,NMS,NasdaqGS,Primary,,2021,US75629V1044,BBG00PQ4XJ45,BBG00PQ4XJ45,BBG00PQ4XJ54,1601830,Recursion Pharmaceuticals Inc,United States,United States,USA,USD,https://www.recursion.com,Healthcare,Biotechnology,Biopharma,Biotech,Ordinary Share,,,,,,
RXST,NASDAQ,NGM,NasdaqGM,Primary,,2021,US78349D1072,BBG00THX1YN4,BBG00THX1YN4,BBG00THX1YQ1,1111485,"RxSight, Inc.",United States,United States,USA,USD,https://rxsight.com,Healthcare,Medical Devices,MedTech,Ophthalmology,Ordinary Share,,,,,,Y
RYTM,NASDAQ,NGM,NasdaqGM,Primary,,2017,US76243J1051,BBG007DLZ601,BBG007DLZ601,BBG007DLZ629,1649904,Rhythm Pharmaceuticals Inc,United States,United States,USA,USD,https://rhythmtx.com,Healthcare,Biotechnology,Biopharma,Biotech,Ordinary Share,,,,529900JPNWXQ8DPLA551,,Y
RZLT,NASDAQ,NCM,NasdaqCM,Primary,,2013,US76200L3096,BBG001XWWHL4,BBG001XWWHL4,BBG001XWWJC0,1509261,Rezolute Inc,United States,United States,USA,USD,https://www.rezolutebio.com,Healthcare,Biotechnology,Biopharma,Biotech,Ordinary Share,,,,549300T05L48T72P2G08,,
S,NYSE,NYQ,NYSE,Primary,,2021,US81730H1095,BBG00B6F2F09,BBG00B6F2F09,BBG00B6F2F27,1583708,SentinelOne Inc,United States,United States,USA,USD,https://www.sentinelone.com,Technology,Software - Infrastructure,Tech,,Ordinary Share,,,,,,
SAAS,LSE,YHD,YHD,Primary,,2019,AU0000297590,BBG011WDX1X7,BBG011WDX1W8,BBG011WDX201,,Microlise Group PLC,United Kingdom,United Kingdom,GBR,GBP,https://www.microlise.com,Technology,Software - Application,SaaS,,,,,,,,
SAIL,NASDAQ,NMS,NasdaqGS,Primary,,2025,US78781J1097,BBG01RW30Q09,BBG01RW30Q09,BBG01RW30QY2,2030781,Sailpoint Inc,United States,United States,USA,USD,https://www.sailpoint.com,Technology,Software - Infrastructure,Tech,,Ordinary Share,,,,,,
SANA,NASDAQ,NMS,NasdaqGS,Primary,,2021,US7995661045,BBG00N5BMH61,BBG00N5BMH61,BBG00N5BMH70,1770121,Sana Biotechnology Inc,United States,United States,USA,USD,https://www.sana.com,Healthcare,Biotechnology,Biopharma,Biotech,Ordinary Share,,,,,,
SANN.SW,SIX,EBS,Swiss,Primary,,2006,,BBG000QPCHP7,BBG000QPCHP7,BBG001SNBR77,,Santhera Pharmaceuticals Holding AG,Switzerland,Switzerland,CHE,CHF,https://www.santhera.com,Healthcare,Biotechnology,Biopharma,Biotech,Ordinary Share,,,,,,
SANOFI.NS,NSE,NSI,NSE,Primary,,2002,INE058A01010,,,,,Sanofi India Limited,India,India,IND,INR,https://www.sanofi.com/en/india/investors,Healthcare,Drug Manufacturers - General,Biopharma,Specialty & Generic Pharma,Ordinary Share,,,,335800VFWLEY5V6PYH80,,
SAP,NYSE,NYQ,NYSE,ADR/Cross-listed,Primary listing likely in Germany,,US8030542042,BBG000BDSLD7,BBG000BDSLD7,BBG001S6RD41,1000184,SAP SE,Germany,United States,DEU,USD,https://www.sap.com,Technology,Software - Application,Tech,,Depositary Receipt,,,,529900D6BF99LW9R2E68,,
SBRA,NASDAQ,NMS,NasdaqGS,Primary,,2002,US78573L1061,BBG000MTDW24,BBG000MTDW24,BBG001SGNMK5,1492298,Sabra Health Care REIT Inc,United States,United States,USA,USD,https://www.sabrahealth.com,Real Estate,REIT - Healthcare Facilities,Healthcare Services,Healthcare Real Estate,Ordinary Share,,,,549300E3BC7GU7TAZ621,,
SCI,NYSE,NYQ,NYSE,Primary,,,,BBG000BTHH16,BBG000BTHH16,BBG001S5WBJ5,89089,Service Corporation International,United States,United States,USA,USD,https://www.sci-corp.com,Consumer Cyclical,Personal Services,Healthcare Services,Deathcare,Ordinary Share,,,,,,Y
SCLX,NASDAQ,NCM,NasdaqCM,Primary,,2021,US80880W2052,BBG00YJTT4L8,BBG00YJTT4L8,BBG00YJTT5F2,1820190,Scilex Holding Co,United States,United States,USA,USD,https://www.scilexholding.com,Healthcare,Drug Manufacturers - General,Biopharma,Specialty & Generic Pharma,Ordinary Share,,,,,,
SCNX,NASDAQ,NCM,NasdaqCM,Primary,,2014,,BBG000RNLYM7,BBG000RNLYM7,BBG001STZBS0,1382574,Scienture Holdings Inc,United States,United States,USA,USD,https://scienture.com,Healthcare,Pharmaceutical Retailers,Biopharma,,Ordinary Share,,,,,,
SCYX,NASDAQ,NCM,NasdaqCM,Primary,,2014,US8112922005,BBG002133YW4,BBG002133YW4,BBG002133YY2,1178253,SCYNEXIS Inc,United States,United States,USA,USD,https://www.scynexis.com,Healthcare,Drug Manufacturers - Specialty & Generic,Biopharma,Specialty & Generic Pharma,Ordinary Share,,,,,,
SDGR,NASDAQ,NMS,NasdaqGS,Primary,,2020,US80810D1037,BBG000T88BN2,BBG000T88BN2,BBG001SZK2K0,1490978,Schrodinger Inc,United States,United States,USA,USD,https://www.schrodinger.com,Healthcare,Health Information Services,Healthcare Services,Life Science Software,Ordinary Share,,,,,,Y
SDZ,SIX,EBS,Swiss,Primary,,2013,CH1243598427,BBG01J3DD3T3,BBG01J3DD3T3,BBG01J3DD420,,Sandoz Group AG,Switzerland,Switzerland,CHE,CHF,https://www.sandoz.com,Healthcare,Drug Manufacturers - Specialty & Generic,Biopharma,,Ordinary Share,,,,5493000JWK6XWFEUD320,,
SEPN,NASDAQ,NGM,NasdaqGM,Primary,,2024,US81734D1046,BBG014WY1V28,BBG014WY1V28,BBG014WY1VC7,1984086,Septerna Inc,United States,United States,USA,USD,https://septerna.com,Healthcare,Biotechnology,Biopharma,Biotech,Ordinary Share,,,,,,
SEQUENT.NS,NSE,NSI,,Primary,,2016,,,,,,Viyash Scientific Limited,India,India,IND,INR,https://www.sequent.in,Healthcare,Drug Manufacturers - Specialty & Generic,Biopharma,Specialty & Generic Pharma,Ordinary Share,,,,,,
SER,NYSE,ASE,NYSE American,Primary,,2018,US81751A1088,BBG00HCXQ7B0,BBG00HCXQ7B0,BBG00HCXQ7C9,1708599,Serina Therapeutics Inc,United States,United States,USA,USD,https://serinatherapeutics.com,Healthcare,Biotechnology,Biopharma,Biotech,Ordinary Share,,,,5493005PJ4B0GQ36ED85,,
SFZN.SW,SIX,EBS,Swiss,Primary,,,CH1429326825,BBG000BC8YB5,BBG000BC8YB5,BBG001S69G53,,Siegfried Holding AG,Switzerland,Switzerland,CHE,CHF,https://www.siegfried.ch,Healthcare,Drug Manufacturers - Specialty & Generic,MedTech,Life Science Tools,Ordinary Share,,,,506700J9QD6IF3937W06,CDMO,Y
SGHT,NASDAQ,NMS,NasdaqGS,Primary,,2021,US82657M1053,BBG006BZHZC7,BBG006BZHZC7,BBG006BZHZD6,1531177,"Sight Sciences, Inc.",United States,United States,USA,USD,https://www.sightsciences.com,Healthcare,Medical Devices,MedTech,Ophthalmology,Ordinary Share,,,,,,Y
SGMO,NASDAQ,NCM,NasdaqCM,Primary,,2026,US8006771062,BBG000BHYT80,BBG000BHYT80,BBG001S95JZ2,1001233,Sangamo Therapeutics Inc,United States,United States,USA,USD,https://www.sangamo.com,Healthcare,Biotechnology,Biopharma,Biotech,Ordinary Share,,,,2549006WMRKRC4G32Z67,,
SGMT,NASDAQ,NGM,NasdaqGM,Primary,,2023,,BBG0020584Y9,BBG0020584Y9,BBG0020584Z8,1400118,Sagimet Biosciences Inc,United States,United States,USA,USD,https://www.sagimet.com,Healthcare,Biotechnology,Biopharma,Biotech,Ordinary Share,,,,,,
SGRY,NASDAQ,NMS,NasdaqGS,Primary,,2015,US86881A1007,BBG009T0TKV8,BBG009T0TKV8,BBG009T0TKW7,1638833,Surgery Partners Inc,United States,United States,USA,USD,https://www.surgerypartners.com,Healthcare,Medical Care Facilities,Healthcare Services,Outpatient,Ordinary Share,,,,549300LC82HG33S19I03,,Y
SHC,NASDAQ,NMS,NasdaqGS,Primary,,2020,US83601L1026,BBG008LZG0Z5,BBG008LZG0Z5,BBG008LZG101,1822479,Sotera Health Company,United States,United States,USA,USD,https://soterahealth.com,Healthcare,Diagnostics & Research,MedTech,Hospital Supply & Equipment,Ordinary Share,,,,,,Y
SHL GY,XETRA,GER,XETRA,Primary,,2018,,BBG00JRNPL13,BBG00JRNPKX0,BBG00JRNPKY9,,Siemens Healthineers AG,Germany,Germany,DEU,EUR,https://www.siemens-healthineers.com,Healthcare,Medical Devices,MedTech,Hospital Supply & Equipment,Ordinary Share,,,,,,Y
SHOP,NASDAQ,NMS,NasdaqGS,ADR/Cross-listed,Primary listing likely in Canada,2015,CA82509L1076,BBG008HBD923,BBG008HBD923,BBG004DW5NC7,1594805,Shopify Inc,Canada,United States,CAN,USD,https://www.shopify.com,Technology,Software - Application,SaaS,,Ordinary Share,,,,,,
SIBN,NASDAQ,NGM,NasdaqGM,Primary,,2018,US8257041090,BBG001J414K6,BBG001J414K6,BBG001V0GNP7,1459839,"SI-BONE, Inc.",United States,United States,USA,USD,https://si-bone.com,Healthcare,Medical Devices,MedTech,Orthopedics,Ordinary Share,,,,549300J8JGYVJJHV9C31,,Y
SIGA,NASDAQ,NGM,NasdaqGM,Primary,,,US8269171067,BBG000BKXWV1,BBG000BKXWV1,BBG001S80PZ5,1010086,SIGA Technologies Inc,United States,United States,USA,USD,https://www.siga.com,Healthcare,Drug Manufacturers - Specialty & Generic,Biopharma,Specialty & Generic Pharma,Ordinary Share,,,,,,
SIGHT.PA,Euronext Paris,PAR,Paris,Primary,,2016,,BBG00D8N3240,BBG004DZ1QM6,BBG004DZ1QN5,,GenSight Biologics S.A.,France,France,FRA,EUR,https://www.gensight-biologics.com,Healthcare,Biotechnology,Biopharma,Biotech,Ordinary Share,,,,,,
SION,NASDAQ,NGM,NasdaqGM,Primary,,2025,US8294011080,BBG016X2DC85,BBG016X2DC85,BBG016X2DCF7,2036042,Sionna Therapeutics Inc,United States,United States,USA,USD,https://www.sionnatx.com,Healthcare,Biotechnology,Biopharma,Biotech,Ordinary Share,,,,,,
SKYE,NASDAQ,NGM,NasdaqGM,Primary,,2015,US83086J2006,BBG00433GZN1,BBG00433GZN1,BBG00433H0D8,1516551,Skye Bioscience Inc,United States,United States,USA,USD,https://skyebioscience.com,Healthcare,Biotechnology,Biopharma,Biotech,Ordinary Share,,,,5493004823BTPRPZ8750,,
SLDB,NASDAQ,NMS,NasdaqGS,Primary,,2018,US83422E2046,BBG00JN4FXG8,BBG00JN4FXG8,BBG00JN4FXH7,1707502,Solid Biosciences Inc,United States,United States,USA,USD,https://www.solidbio.com,Healthcare,Biotechnology,Biopharma,Biotech,Ordinary Share,,,,,,
SLGL,NASDAQ,NCM,NasdaqCM,ADR/Cross-listed,Primary listing likely in Israel,2018,IL0011417206,BBG00HLD5HL4,BBG00HLD5HL4,BBG00HLD5J94,1684693,Sol Gel Technologies Ltd,Israel,United States,ISR,USD,https://www.sol-gel.com,Healthcare,Biotechnology,Biopharma,Biotech,Ordinary Share,,,,,,
SLN,NASDAQ,NGM,NasdaqGM,ADR/Cross-listed,Primary listing likely in United Kingdom,2020,,BBG00WVTHPN2,BBG00WVTHPN2,BBG00WVTHQK3,1479615,Silence Therapeutics PLC - ADR,United Kingdom,United States,GBR,USD,https://www.silence-therapeutics.com,Healthcare,Biotechnology,Biopharma,Biotech,,,,,,,
SLS,NASDAQ,NCM,NasdaqCM,Primary,,2008,US81642T2096,BBG000VC77H7,BBG000VC77H7,BBG001T223C9,1390478,Sellas Life Sciences Group Inc,United States,United States,USA,USD,https://www.sellaslifesciences.com,Healthcare,Biotechnology,Biopharma,Biotech,Ordinary Share,,,,549300VZIH50VYURLQ98,,
SLV.WA,WSE,WSE,Warsaw,Primary,,2019,PLSELVT00013,,,,,Selvita S.A.,Poland,Poland,POL,PLN,https://selvita.com,Healthcare,Diagnostics & Research,Biopharma,,Ordinary Share,,,,2594003WO9Q9HHAFL031,,
SMMT,NASDAQ,NGM,NasdaqGM,Primary,,2015,US86627T1088,BBG00X3GQL76,BBG00X3GQL76,BBG00X3GQL94,1599298,Summit Therapeutics Inc,United States,United States,USA,USD,https://www.smmttx.com,Healthcare,Biotechnology,Biopharma,Biotech,Ordinary Share,,,,,,Y
SMWB,NYSE,NYQ,NYSE,ADR/Cross-listed,Primary listing likely in Israel,2021,IL0011751653,BBG010425VD1,BBG010425VD1,BBG010425W76,1842731,Similarweb Ltd,Israel,United States,ISR,USD,https://www.similarweb.com,Technology,Software - Application,SaaS,,Ordinary Share,,,,,,
SNCR,NASDAQ,NCM,,Primary,,2006,US87157B4005,,,,,"Synchronoss Technologies, Inc.",United States,United States,USA,USD,https://synchronoss.com,Technology,Software - Infrastructure,SaaS,,Ordinary Share,,,,5493007Z5J8Z2TA76376,,
SNDX,NASDAQ,NMS,NasdaqGS,Primary,,2016,US87164F1057,BBG000R33JY1,BBG000R33JY1,BBG001T92272,1395937,Syndax Pharmaceuticals Inc,United States,United States,USA,USD,https://syndax.com,Healthcare,Biotechnology,Biopharma,Biotech,Ordinary Share,,,,529900OF94TRHKZVBS87,,
SNGX,NASDAQ,NCM,NasdaqCM,Primary,,,US8342236044,BBG000FVMHG5,BBG000FVMHG5,BBG001SBZ0D9,812796,"Soligenix, Inc. Common Stock",United States,United States,USA,USD,https://www.soligenix.com,Healthcare,Biotechnology,Biopharma,Biotech,Ordinary Share,,,,549300MN2EF9LQHLT817,,
SNN,NYSE,NYQ,NYSE,ADR/Cross-listed,SN,,,BBG000C2W4K5,BBG000C2W4K5,BBG001SDCF10,845982,Smith & Nephew PLC,United Kingdom,United States,GBR,USD,https://www.smith-nephew.com,Healthcare,Medical Devices,MedTech,Orthopedics,,,,,,,Y
SNOA,NASDAQ,NCM,NasdaqCM,Primary,,2007,US83558L3033,BBG000M75YR0,BBG000M75YR0,BBG001SQ8K88,1367083,Sonoma Pharmaceuticals Inc,United States,United States,USA,USD,https://sonomapharma.com,Healthcare,Drug Manufacturers - Specialty & Generic,Biopharma,Specialty & Generic Pharma,Ordinary Share,,,,54930008C5Z4F02SWO71,,
SNOW,NYSE,NYQ,NYSE,Primary,,2020,,BBG007DHGNJ4,BBG007DHGNJ4,BBG007DHGNK2,1640147,Snowflake Inc.,United States,United States,USA,USD,https://www.snowflake.com,Technology,Software - Application,Tech,,Ordinary Share,,,,,,
SNTI,NASDAQ,NCM,NasdaqCM,Primary,,2021,US81726A2096,BBG010WX7ZB3,BBG010WX7ZB3,BBG010WX8056,1854270,Senti Biosciences Inc,United States,United States,USA,USD,https://www.sentibio.com,Healthcare,Biotechnology,Biopharma,Biotech,Ordinary Share,,,,,,
SNY,NASDAQ,NMS,NasdaqGS,ADR/Cross-listed,Primary listing likely in France,2002,US80105N1054,BBG000BBD5N1,BBG000BBD5N1,BBG001S5W768,1121404,Sanofi SA,France,United States,FRA,USD,https://www.sanofi.com,Healthcare,Drug Manufacturers - General,Biopharma,Large Pharma,Depositary Receipt,,,,549300E9PC51EN656011,,Y
SOBI.ST,OMX Stockholm,STO,Stockholm,Primary,,2006,SE0020846293,BBG000C3YBT6,BBG000C3YBM3,BBG001SDX305,,Swedish Orphan Biovitrum AB (publ),Sweden,Sweden,SWE,SEK,https://www.sobi.com,Healthcare,Drug Manufacturers - Specialty & Generic,Biopharma,Specialty & Generic Pharma,Ordinary Share,,,,,,
SOLV,NYSE,NYQ,NYSE,Primary,,2024,,BBG018YZH6T3,BBG018YZH6T3,BBG018YZH6V0,1964738,Solventum Corporation,United States,United States,USA,USD,https://www.solventum.com,Healthcare,Medical Instruments & Supplies,MedTech,Diversified MedTech,Ordinary Share,,,,,,Y
SOON,SIX,YHD,YHD,Primary,,2001,CH0012549785,BBG000RSPBY9,BBG000RSPBY9,BBG001S9M3H8,,Sonova Holding AG,Switzerland,Switzerland,CHE,CHF,https://www.sonova.com,Healthcare,Medical Devices,MedTech,Hearing Aid,Ordinary Share,,,,5299004A0QNX7FBNHS61,,Y
SPARC.NS,NSE,NSI,NSE,Primary,,2003,,,,,,Sun Pharma Advanced Research Company Limited,India,India,IND,INR,https://sparc.life,Healthcare,Drug Manufacturers - Specialty & Generic,Biopharma,Specialty & Generic Pharma,Ordinary Share,,,,,,
SPGI,NYSE,NYQ,NYSE,Primary,,,US78409V1044,BBG000BP1Q11,BBG000BP1Q11,BBG001S5T5M8,64040,S&P Global Inc,United States,United States,USA,USD,https://www.spglobal.com,Financial Services,Financial Data & Stock Exchanges,Financials,,Ordinary Share,,,,Y6X4K52KMJMZE7I7MY94,,Y
SPOT,NYSE,NYQ,NYSE,ADR/Cross-listed,Primary listing likely in Sweden,2018,LU1778762911,BBG003T4VFC2,BBG003T4VFC2,BBG003T4VFD1,1639920,Spotify Technology SA,Luxembourg,United States,LUX,USD,https://www.spotify.com,Communication Services,Internet Content & Information,Tech,,Ordinary Share,,,,,,Y
SPRB,NASDAQ,NCM,NasdaqCM,Primary,,2020,US85209E2081,BBG00HYZ1522,BBG00HYZ1522,BBG00HYZ1559,1683553,Spruce Biosciences Inc,United States,United States,USA,USD,https://sprucebio.com,Healthcare,Biotechnology,Biopharma,Biotech,Ordinary Share,,,,,,
SPRO,NASDAQ,NMS,NasdaqGS,Primary,,2017,US84833T1034,BBG00HXSJ1R2,BBG00HXSJ1R2,BBG00HXSJ1S1,1701108,Spero Therapeutics Inc,United States,United States,USA,USD,https://sperotherapeutics.com,Healthcare,Biotechnology,Biopharma,Biotech,Ordinary Share,,,,54930074G13LHWJT2323,,
SPRY,NASDAQ,NGM,NasdaqGM,Primary,,2020,,BBG00FZQGXG3,BBG00FZQGXG3,BBG00FZQGXH2,1671858,ARS Pharmaceuticals Inc,United States,United States,USA,USD,https://ars-pharma.com,Healthcare,Biotechnology,Biopharma,Biotech,Ordinary Share,,,,,,
SPSC,NASDAQ,NMS,NasdaqGS,Primary,,2010,US78463M1071,BBG000PZGB75,BBG000PZGB75,BBG001T65R07,1092699,SPS Commerce Inc,United States,United States,USA,USD,https://www.spscommerce.com,Technology,Software - Application,SaaS,,Ordinary Share,,,,2549006XVF9GCCETDQ72,,
SPT,NASDAQ,NCM,NasdaqCM,Primary,,2019,US85209W1099,BBG001K1CT23,BBG001K1CT23,BBG001V0K3F7,1517375,Sprout Social Inc,United States,United States,USA,USD,https://www.sproutsocial.com,Technology,Software - Application,SaaS,,Ordinary Share,,,,,,
SRPT,NASDAQ,NMS,NasdaqGS,Primary,,,US8036071004,BBG000BCJ161,BBG000BCJ161,BBG001S6KJC6,873303,Sarepta Therapeutics Inc,United States,United States,USA,USD,https://www.sarepta.com,Healthcare,Biotechnology,Biopharma,Biotech,Ordinary Share,,,,549300IKDPIED8J8IG21,,
SRRK,NASDAQ,NMS,NasdaqGS,Primary,,2018,US80706P1030,BBG00KT2RRM6,BBG00KT2RRM6,BBG00KT2RSD4,1727196,Scholar Rock Holding Corp,United States,United States,USA,USD,https://www.scholarrock.com,Healthcare,Biotechnology,Biopharma,Biotech,Ordinary Share,,,,549300Z1FLPGL4OWJ459,,Y
SRT.DE,XETRA,GER,XETRA,Primary,,1990,,BBG000BFKF61,BBG000BFKDJ2,BBG001S6VVB8,,Sartorius AG,Germany,Germany,DEU,EUR,https://www.sartorius.com,Healthcare,Medical Instruments & Supplies,MedTech,Life Science Tools,Ordinary Share,,,,,Bioprocessing,Y
STAA,NASDAQ,NGM,NasdaqGM,Primary,,,US8523123052,BBG000C4QB95,BBG000C4QB95,BBG001S6MC39,718937,STAAR Surgical Company,United States,United States,USA,USD,https://www.staar.com,Healthcare,Medical Instruments & Supplies,MedTech,Ophthalmology,Ordinary Share,,,,5299006LRHI7OJ8BY308,,Y
STAR.NS,NSE,NSI,NSE,Primary,,2002,INE939A01011,,,,,Strides Pharma Science Limited,India,India,IND,INR,https://www.strides.com,Healthcare,Drug Manufacturers - Specialty & Generic,Biopharma,Specialty & Generic Pharma,Ordinary Share,,,,335800WHFYXUCHR9DD10,,
STE,NYSE,NYQ,NYSE,Primary,,,,BBG00MRHG523,BBG00MRHG523,BBG00MRHG532,1757898,STERIS plc,United States,United States,USA,USD,https://www.steris.com,Healthcare,Medical Devices,MedTech,Hospital Supply & Equipment,Ordinary Share,,,,,,Y
STOK,NASDAQ,NMS,NasdaqGS,Primary,,2019,US86150R1077,BBG00JPCBPG9,BBG00JPCBPG9,BBG00JPCBPH8,1623526,Stoke Therapeutics Inc,United States,United States,USA,USD,https://www.stoketherapeutics.com,Healthcare,Biotechnology,Biopharma,Biotech,Ordinary Share,,,,549300RD25SS2DIJHJ67,,
STRO,NASDAQ,NGM,NasdaqGM,Primary,,2018,US8693672011,BBG000R4V3P3,BBG000R4V3P3,BBG001T94MP6,1382101,Sutro Biopharma Inc,United States,United States,USA,USD,https://www.sutrobio.com,Healthcare,Biotechnology,Biopharma,Biotech,Ordinary Share,,,,5493005U6P15VD25P851,,
STRW,NYSE,ASE,NYSE American,Primary,,2023,US8631821019,BBG019R1G740,BBG019R1G740,BBG00QZ0J057,1782430,Strawberry Fields Reit Inc,United States,United States,USA,USD,https://www.strawberryfieldsreit.com,Real Estate,REIT - Healthcare Facilities,Healthcare Services,Healthcare Real Estate,Ordinary Share,,,,,,
STTK,NASDAQ,NMS,NasdaqGS,Primary,,2020,US82024L1035,BBG00V776CQ7,BBG00V776CQ7,BBG00V776CR6,1680367,Shattuck Labs Inc,United States,United States,USA,USD,https://www.shattucklabs.com,Healthcare,Biotechnology,Biopharma,Biotech,Ordinary Share,,,,,,
STVN,NYSE,NYQ,NYSE,ADR/Cross-listed,Primary listing likely in Italy,2021,IT0005452658,BBG001RY95L9,BBG001RY95L9,BBG001V2NPF1,1849853,Stevanato Group S.p.A.,Italy,United States,ITA,USD,https://www.stevanatogroup.com,Healthcare,Medical Instruments & Supplies,MedTech,Packaging,Ordinary Share,,,,81560033F7E1CD477507,,Y
SUNPHARMA,NSE,NSI,NSE,Primary,,,INE044A01036,,,,,Sun Pharmaceutical Industries Ltd,India,India,IND,INR,https://sunpharma.com,Healthcare,Drug Manufacturers - Specialty & Generic,Biopharma,,Ordinary Share,,,,,,Y
SUPN,NASDAQ,NGM,NasdaqGM,Primary,,2012,US8684591089,BBG000BP0HX7,BBG000BP0HX7,BBG001SFKFF1,1356576,Supernus Pharmaceuticals Inc,United States,United States,USA,USD,https://www.supernus.com,Healthcare,Drug Manufacturers - Specialty & Generic,Biopharma,Specialty & Generic Pharma,Ordinary Share,,,,549300GRM36VBKISYJ58,,
SVE.WA,WSE,WSE,Warsaw,Primary,,2011,,,,,,Synthaverse S.A.,Poland,Poland,POL,PLN,https://synthaverse.com,Healthcare,Biotechnology,Biopharma,Biotech,Ordinary Share,,,,,,
SVRA,NASDAQ,NMS,NasdaqGS,Primary,,2017,US8051111016,BBG000MS0823,BBG000MS0823,BBG001SFTVM9,1160308,Savara Inc,United States,United States,USA,USD,https://www.savarapharma.com,Healthcare,Biotechnology,Biopharma,Biotech,Ordinary Share,,,,5493002JO0WM3YMJXG33,,
SYBX,OTC,PNK,OTC Markets OTCPK,Primary,,2015,US87166L2097,BBG000R33JD4,BBG000R33JD4,BBG001T92245,1527599,Synlogic Inc,United States,United States,USA,USD,https://www.synlogictx.com,Healthcare,Biotechnology,Biopharma,Biotech,Ordinary Share,,,,5493007C6UCNXL4HOI66,,
SYK,NYSE,NYQ,NYSE,Primary,,,,BBG000DN7P92,BBG000DN7P92,BBG001S8FR03,310764,Stryker Corp,United States,United States,USA,USD,https://www.stryker.com,Healthcare,Medical Devices,MedTech,Orthopedics,Ordinary Share,,,,,,Y
SYRE,NASDAQ,NMS,NasdaqGS,Primary,,2016,,BBG0067L94B2,BBG0067L94B2,BBG0067L94C1,1636282,Spyre Therapeutics Inc,United States,United States,USA,USD,https://www.spyre.com,Healthcare,Biotechnology,Biopharma,Biotech,Ordinary Share,,,,,,
SYRS,OTC,PNK,OTC Markets OTCPK,Primary,,2016,US87184Q2066,BBG004FFTL76,BBG004FFTL76,BBG004FFTL85,,Syros Pharmaceuticals Inc,United States,United States,USA,USD,https://www.syros.com,Healthcare,Biotechnology,Biopharma,Biotech,Ordinary Share,,,,549300512PURS7IGVT96,,
SECTB SS,OMX Stockholm,STO,Stockholm,Primary,,1999,SE0016803241,,,,,Sectra AB,Sweden,Sweden,SWE,SEK,https://sectra.com,Healthcare,Medical Devices,Healthcare Services,HIT,Ordinary Share,,,,,,Y
7701.T,TSE,JPX,Tokyo,Primary,SHMZF,,JP3357200009,BBG000BGRSS0,BBG000BGRSS0,BBG001S6BJ54,,Shimadzu Corporation,Japan,Japan,JPN,JPY,https://www.shimadzu.com,Technology,Scientific & Technical Instruments,MedTech,Life Science Tools,Ordinary Share,,,,353800Y64Z08WEH8PH97,Analytical Instruments,Y
6869.T,TSE,JPX,Tokyo,Primary,,,JP3351100007,BBG000C2SF52,BBG000C2SF52,BBG001S7T1R8,,Sysmex Corporation,Japan,Japan,JPN,JPY,https://www.sysmex.co.jp,Healthcare,Medical Devices,MedTech,Diagnostics,Ordinary Share,,,,5299001ZO4CKWACMZI55,,Y
TAK,NYSE,NYQ,NYSE,ADR/Cross-listed,Primary listing likely in Japan,2010,,BBG000LF8708,BBG000LF8708,BBG001T8N8N0,1395064,Takeda Pharmaceutical Co Ltd,Japan,United States,JPN,USD,https://www.takeda.com,Healthcare,Drug Manufacturers - Specialty & Generic,Biopharma,Specialty & Generic Pharma,,,,,,,Y
TALK,NASDAQ,NCM,NasdaqCM,Primary,,2020,US87427V1035,BBG00V317301,BBG00V317301,BBG00V317329,1803901,Talkspace Inc,United States,United States,USA,USD,https://www.talkspace.com,Healthcare,Health Information Services,Healthcare Services,HIT,Ordinary Share,,,,,,Y
TARA,NASDAQ,NGM,NasdaqGM,Primary,,2014,US74365U1079,BBG001ZLYSH5,BBG001ZLYSH5,BBG001ZLYSK1,1359931,Protara Therapeutics Inc,United States,United States,USA,USD,https://www.protaratx.com,Healthcare,Biotechnology,Biopharma,Biotech,Ordinary Share,,,,549300VWUGH3220TG273,,
TARS,NASDAQ,NMS,NasdaqGS,Primary,,2020,US87650L1035,BBG00RB9BNQ7,BBG00RB9BNQ7,BBG00RB9BNR6,1819790,Tarsus Pharmaceuticals Inc,United States,United States,USA,USD,https://tarsusrx.com,Healthcare,Biotechnology,Biopharma,Biotech,Ordinary Share,,,,,,
TBPH,NASDAQ,NGM,NasdaqGM,Primary,,2014,KYG8807B1068,BBG004HK6YX1,BBG004HK6YX1,BBG004HK6YY0,1583107,Theravance Biopharma Inc,United States,United States,USA,USD,https://www.theravance.com,Healthcare,Biotechnology,Biopharma,Biotech,Ordinary Share,,,,5493007VTSXP4Z6MIW52,,
TCMD,NASDAQ,NGM,NasdaqGM,Primary,,2016,US87357P1003,BBG001B12Z39,BBG001B12Z39,BBG001THH5G1,1027838,Tactile Systems Technology Inc,United States,United States,USA,USD,https://tactilemedical.com,Healthcare,Medical Devices,MedTech,Diversified MedTech,Ordinary Share,,,,54930069VDTITHOTKJ98,,Y
TCRT,NASDAQ,NCM,NasdaqCM,Primary,,2005,US98973P3091,BBG000FWCC57,BBG000FWCC57,BBG001SM7BJ6,1107421,Alaunos Therapeutics Inc,United States,United States,USA,USD,https://www.alaunos.com,Healthcare,Biotechnology,Biopharma,Biotech,Ordinary Share,,,,,,
TCRX,NASDAQ,NGM,NasdaqGM,Primary,,2021,US89854M1018,BBG00PH1N007,BBG00PH1N007,BBG00PH1N025,1783328,Tscan Therapeutics Inc,United States,United States,USA,USD,https://www.tscan.com,Healthcare,Biotechnology,Biopharma,Biotech,Ordinary Share,,,,,,
TDOC,NYSE,NYQ,NYSE,Primary,,2015,,BBG0019T5SG0,BBG0019T5SG0,BBG001TG5PC6,1477449,Teladoc Health Inc,United States,United States,USA,USD,https://www.teladochealth.com,Healthcare,Health Information Services,Healthcare Services,HIT,Ordinary Share,,,,,,Y
TEAM,NASDAQ,NMS,NasdaqGS,ADR/Cross-listed,Primary listing likely in Australia,2015,,BBG01BGWHFR5,BBG01BGWHFR5,BBG01BGWHFS4,1650372,Atlassian Corporation,Australia,United States,AUS,USD,https://www.atlassian.com,Technology,Software - Application,Tech,,,,,,,,
TECH,NASDAQ,NMS,NasdaqGS,Primary,,,US09073M1045,BBG000C15114,BBG000C15114,BBG001S66C28,842023,Bio-Techne Corporation,United States,United States,USA,USD,https://www.bio-techne.com,Healthcare,Biotechnology,MedTech,Life Science Tools,Ordinary Share,,,,54930073RLKQ51TILZ35,,Y
TECX,NASDAQ,NGM,NasdaqGM,Primary,,2018,US8789721086,BBG00DJ4T7D1,BBG00DJ4T7D1,BBG00DJ4T7F9,1681087,Tectonic Therapeutic Inc,United States,United States,USA,USD,https://tectonictx.com,Healthcare,Biotechnology,Biopharma,Biotech,Ordinary Share,,,,,,
TELO,NASDAQ,NCM,NasdaqCM,Primary,,2024,US87975F1049,BBG01K4SG3V0,BBG01K4SG3V0,BBG01K4SG4R3,1971532,Telomir Pharmaceuticals Inc,United States,United States,USA,USD,https://telomirpharma.com,Healthcare,Biotechnology,Biopharma,Biotech,Ordinary Share,,,,,,
TEM,NASDAQ,NMS,NasdaqGS,Primary,,2024,,BBG01MZQYJF9,BBG01MZQYJF9,BBG01MZQYK84,1717115,"Tempus AI, Inc.",United States,United States,USA,USD,https://www.tempus.com,Healthcare,Health Information Services,MedTech,Diagnostics,Ordinary Share,,,,,,Y
TENB,NASDAQ,NMS,NasdaqGS,Primary,,2018,US88025T1025,BBG00LBLCD02,BBG00LBLCD02,BBG00LBLCDR3,1660280,Tenable Holdings Inc,United States,United States,USA,USD,https://www.tenable.com,Technology,Software - Infrastructure,Tech,,Ordinary Share,,,,5493004S5OMPESF0EF83,,
TEVA,NYSE,NYQ,NYSE,ADR/Cross-listed,Primary listing likely in Israel,,US8816242098,BBG000C0CD58,BBG000C0CD58,BBG001S62NT9,818686,Teva Pharmaceutical Industries Ltd,Israel,United States,ISR,USD,https://www.tevapharm.com,Healthcare,Drug Manufacturers - Specialty & Generic,Biopharma,Specialty & Generic Pharma,Depositary Receipt,,,,549300BAFGM4RC74ZJ94,,Y
TFX,NYSE,NYQ,NYSE,Primary,,,,BBG000BV59Y6,BBG000BV59Y6,BBG001S5WNP2,96943,Teleflex Incorporated,United States,United States,USA,USD,https://www.teleflex.com,Healthcare,Medical Instruments & Supplies,MedTech,Urology,Ordinary Share,,,,,,Y
TGTX,NASDAQ,NCM,NasdaqCM,Primary,,2010,US88322Q1085,BBG000FVZQY1,BBG000FVZQY1,BBG001S8NH06,1001316,TG Therapeutics Inc common stock,United States,United States,USA,USD,https://www.tgtherapeutics.com,Healthcare,Biotechnology,Biopharma,Biotech,Ordinary Share,,,,529900X21UKABN9NJ529,,
CNTN,NASDAQ,NCM,NasdaqCM,Primary,,2022,,BBG012QFR2V4,BBG012QFR2V4,BBG012QFR3P9,1861657,Canton Strategic Holdings Inc,United States,United States,USA,USD,https://www.cantonstrategic.com,Healthcare,Biotechnology,Biopharma,Biotech,Ordinary Share,,,,,,
THC,NYSE,NYQ,NYSE,Primary,,,,BBG000CPHYL4,BBG000CPHYL4,BBG001S70FY0,70318,Tenet Healthcare Corp,United States,United States,USA,USD,https://www.tenethealth.com,Healthcare,Medical Care Facilities,Healthcare Services,Hospitals,Ordinary Share,,,,,,Y
TIL,NASDAQ,NCM,NasdaqCM,Primary,,2021,US45783C2008,BBG00ZGYN521,BBG00ZGYN521,BBG00ZGYN5X7,1789769,Instil Bio Inc,United States,United States,USA,USD,https://instilbio.com,Healthcare,Biotechnology,Biopharma,Biotech,Ordinary Share,,,,,,
TLIS,OTC,PNK,,Primary,,2021,US87424L2079,BBG00Y9D99K6,BBG00Y9D99K6,BBG00Y9D99L5,,Talis Biomedical Corporation,United States,United States,USA,USD,https://talisbio.com,Healthcare,Medical Devices,Biopharma,,Ordinary Share,,,,,,
TLPH,NASDAQ,NCM,NasdaqCM,Primary,,2011,,BBG0018YYFX7,BBG0018YYFX7,BBG001TFZCK5,1427925,Talphera Inc,United States,United States,USA,USD,https://talphera.com,Healthcare,Drug Manufacturers - Specialty & Generic,Biopharma,Specialty & Generic Pharma,Ordinary Share,,,,,,
TLRY,NASDAQ,NMS,NasdaqGS,ADR/Cross-listed,Primary listing likely in Canada,2018,,BBG00L7XTP60,BBG00L7XTP60,BBG00L7XTPY9,1731348,Tilray Brands Inc,Canada,United States,CAN,USD,https://www.tilray.com,Healthcare,Drug Manufacturers - Specialty & Generic,Biopharma,Specialty & Generic Pharma,,,,,,,
TLSA,NASDAQ,NCM,NasdaqCM,ADR/Cross-listed,Primary listing likely in United Kingdom,2018,BMG889121031,BBG0129Q42X2,BBG0129Q42X2,BBG0129Q42Y1,1723069,Tiziana Life Sciences Ltd - ADR,United Kingdom,United States,GBR,USD,https://www.tizianalifesciences.com,Healthcare,Biotechnology,Biopharma,Biotech,Ordinary Share,,,,984500769407C5E46F42,,
TLX.AX,ASX,ASX,ASX,Primary,,2017,AU000000TLX2,BBG00HZHXWM5,BBG00HZHXWM5,BBG00HZHXWV5,,Telix Pharmaceuticals Limited,Australia,Australia,AUS,AUD,https://telixpharma.com,Healthcare,Biotechnology,Biopharma,Biotech,Ordinary Share,,,,894500HTWOOGIHLLSB86,,
TMDX,NASDAQ,NGM,NasdaqGM,Primary,,2019,US89377M1099,BBG00NZ6J685,BBG00NZ6J685,BBG00NZ6J701,1756262,TransMedics Group Inc,United States,United States,USA,USD,https://www.transmedics.com,Healthcare,Medical Devices,MedTech,Diversified MedTech,Ordinary Share,,,,,,Y
TMO,NYSE,NYQ,NYSE,Primary,,,US8835561023,BBG000BVDLH9,BBG000BVDLH9,BBG001S5WS08,97745,Thermo Fisher Scientific Inc,United States,United States,USA,USD,https://www.thermofisher.com,Healthcare,Diagnostics & Research,MedTech,Life Science Tools,Ordinary Share,,,,HCHV7422L5HDJZCRFL38,,Y
TNDM,NASDAQ,NGM,NasdaqGM,Primary,,2013,US8753722037,BBG0019V9M65,BBG0019V9M65,BBG001TG5QC4,1438133,"Tandem Diabetes Care, Inc.",United States,United States,USA,USD,https://www.tandemdiabetes.com,Healthcare,Medical Devices,MedTech,Diabetes,Ordinary Share,,,,549300JEPFOD0K4D3I05,,Y
TNG.PA,Euronext Paris,PAR,Paris,Primary,,,,BBG000BPCWG0,BBG000BPCVT8,BBG001S99KH5,,Transgene SA,France,France,FRA,EUR,https://www.transgene.fr,Healthcare,Biotechnology,Biopharma,Biotech,Ordinary Share,,,,,,
TNGX,NASDAQ,NGM,NasdaqGM,Primary,,2020,,BBG00WFDDRS0,BBG00WFDDRS0,BBG00WFDDSK6,1819133,Tango Therapeutics Inc,United States,United States,USA,USD,https://www.tangotx.com,Healthcare,Biotechnology,Biopharma,Biotech,Ordinary Share,,,,,,
TNXP,NASDAQ,NMS,NasdaqGS,Primary,,2012,US8902608392,BBG000LG8XM5,BBG000LG8XM5,BBG001T49NZ9,1430306,Tonix Pharmaceuticals Holding Corp,United States,United States,USA,USD,https://www.tonixpharma.com,Healthcare,Biotechnology,Biopharma,Biotech,Ordinary Share,,,,529900ACPKP9QW20GX48,,
TNYA,NASDAQ,NMS,NasdaqGS,Primary,,2021,US87990A1060,BBG00FPMK2S3,BBG00FPMK2S3,BBG00FPMK2T2,1858848,Tenaya Therapeutics Inc,United States,United States,USA,USD,https://www.tenayatherapeutics.com,Healthcare,Biotechnology,Biopharma,Biotech,Ordinary Share,,,,,,
TORNTPHARM.NS,NSE,NSI,NSE,Primary,,2002,INE685A01028,,,,,Torrent Pharmaceuticals Limited,India,India,IND,INR,https://www.torrentpharma.com,Healthcare,Drug Manufacturers - Specialty & Generic,Biopharma,Specialty & Generic Pharma,Ordinary Share,,,,335800NA6HK275RIJE13,,
TPL,NYSE,NYQ,NYSE,Primary,,,,BBG00YRJXKB1,BBG00YRJXKB1,BBG00YRJXKC0,1811074,Texas Pacific Land Corp,United States,United States,USA,USD,https://www.texaspacific.com,Energy,Oil & Gas E&P,Energy,,Ordinary Share,,,,,,Y
TPST,NASDAQ,NCM,NasdaqCM,Primary,,2012,US87978U2078,BBG002NDK339,BBG002NDK339,BBG002NDK348,1544227,Tempest Therapeutics Inc,United States,United States,USA,USD,https://www.tempesttx.com,Healthcare,Biotechnology,Biopharma,Biotech,Ordinary Share,,,,529900QLMOA3D8VSCN33,,
TRAK,NYSE,NYQ,NYSE,Primary,,,,BBG000DFX8S7,BBG000DFX8S7,BBG001SK6032,50471,Repositrak Inc,United States,United States,USA,USD,https://repositrak.com,Technology,Software - Application,SaaS,,Ordinary Share,,,,,,
TRDA,NASDAQ,NGM,NasdaqGM,Primary,,2021,US29384C1080,BBG00MTSMC16,BBG00MTSMC16,BBG00MTSMC25,1689375,Entrada Therapeutics Inc,United States,United States,USA,USD,https://www.entradatx.com,Healthcare,Biotechnology,Biopharma,Biotech,Ordinary Share,,,,,,
TRVI,NASDAQ,NGM,NasdaqGM,Primary,,2019,US89532M1018,BBG003QGQRB9,BBG003QGQRB9,BBG003QGQRC8,1563880,Trevi Therapeutics Inc,United States,United States,USA,USD,https://www.trevitherapeutics.com,Healthcare,Biotechnology,Biopharma,Biotech,Ordinary Share,,,,,,
TRVN,OTC,PNK,OTC Markets OTCPK,Primary,,2014,US89532E3071,BBG001J1BLF9,BBG001J1BLF9,BBG001V0FS04,,Trevena Inc,United States,United States,USA,USD,https://www.trevena.com,Healthcare,Biotechnology,Biopharma,Biotech,Ordinary Share,,,,549300YXUV4MU2J7QS07,,
TSHA,NASDAQ,NMS,NasdaqGS,Primary,,2020,US8776191061,BBG00TJXFDP1,BBG00TJXFDP1,BBG00TJXFDQ0,1806310,Taysha Gene Therapies Inc,United States,United States,USA,USD,https://www.tayshagtx.com,Healthcare,Biotechnology,Biopharma,Biotech,Ordinary Share,,,,,,
TSLA,NASDAQ,NMS,NasdaqGS,Primary,,2010,,BBG000N9MNX3,BBG000N9MNX3,BBG001SQKGD7,1318605,"Tesla, Inc.",United States,United States,USA,USD,https://www.tesla.com,Consumer Cyclical,Auto Manufacturers,Tech,,Ordinary Share,,,,,,Y
TTAN,NASDAQ,NMS,NasdaqGS,Primary,,2024,US81764X1037,BBG009DVYCT2,BBG009DVYCT2,BBG009DVYCV9,1638826,ServiceTitan Inc,United States,United States,USA,USD,https://www.servicetitan.com,Technology,Software - Application,SaaS,,Ordinary Share,,,,,,
TTRX,NASDAQ,NGM,NasdaqGM,Primary,,2025,US90021W1053,BBG002QTLH75,BBG002QTLH75,BBG002QTLH84,2023016,Turn Therapeutics Inc,United States,United States,USA,USD,https://www.turntherapeutics.com,Healthcare,Biotechnology,Biopharma,Biotech,Ordinary Share,,,,,,
TUB,Euronext Brussels,BRU,Brussels,Primary,,2013,BE0003823409,BBG000BLSXZ9,BBG000BLSXQ9,BBG001S94ZK3,,Financiere de Tubize SA,Belgium,Belgium,BEL,EUR,https://www.financiere-tubize.be,Healthcare,Biotechnology,Biopharma,,Ordinary Share,,,,549300I1MGC0OK6W8828,,
TVGN,NASDAQ,NGM,NasdaqGM,Primary,,2022,US88165K2006,BBG013395405,BBG013395405,BBG0133954Z7,1860871,Tevogen Bio Holdings Inc,United States,United States,USA,USD,https://tevogen.com,Healthcare,Biotechnology,Biopharma,Biotech,Ordinary Share,,,,,,
TVTX,NASDAQ,NGM,NasdaqGM,Primary,,2012,US89422G1076,BBG000P9D6W9,BBG000P9D6W9,BBG001SL72C5,1438533,Travere Therapeutics Inc,United States,United States,USA,USD,https://travere.com,Healthcare,Biotechnology,Biopharma,Biotech,Ordinary Share,,,,,,
TWLO,NYSE,NYQ,NYSE,Primary,,2016,US90138F1021,BBG0029ZX840,BBG0029ZX840,BBG0029ZX859,1447669,Twilio Inc.,United States,United States,USA,USD,https://www.twilio.com,Technology,Software - Infrastructure,Tech,,Ordinary Share,,,,5493004W8TRGD63APX93,,
TWST,NASDAQ,NMS,NasdaqGS,Primary,,2018,US90184D1000,BBG006KDCHJ4,BBG006KDCHJ4,BBG006KDCHK2,1581280,Twist Bioscience Corporation,United States,United States,USA,USD,https://www.twistbioscience.com,Healthcare,Diagnostics & Research,MedTech,Life Science Tools,Ordinary Share,,,,549300T23BL59LCOH584,,Y
TXG,NASDAQ,NMS,NasdaqGS,Primary,,2019,US88025U1097,BBG007WX14X0,BBG007WX14X0,BBG007WX14Y9,1770787,"10x Genomics, Inc.",United States,United States,USA,USD,https://www.10xgenomics.com,Healthcare,Health Information Services,MedTech,Diagnostics,Ordinary Share,,,,5493003Z6741WNLG7H43,NextGen Sequencing,Y
TXMD,NASDAQ,NMS,NasdaqGS,Primary,,2007,US88338N2062,BBG000LKB954,BBG000LKB954,BBG001SDVKL6,25743,TherapeuticsMD Inc,United States,United States,USA,USD,https://www.therapeuticsmd.com,Healthcare,Drug Manufacturers - Specialty & Generic,Biopharma,Specialty & Generic Pharma,Ordinary Share,,,,5299004JS7RE49QHRW30,,
TYL,NYSE,NYQ,NYSE,Primary,,,US9022521051,BBG000BVWZF9,BBG000BVWZF9,BBG001S5WZB0,860731,Tyler Technologies Inc,United States,United States,USA,USD,https://www.tylertech.com,Technology,Software - Application,Tech,,Ordinary Share,,,,25490040SMU4Z8LBCW70,,
TYRA,NASDAQ,NMS,NasdaqGS,Primary,,2021,US90240B1061,BBG00RCQD9D1,BBG00RCQD9D1,BBG00RCQD9F9,1863127,Tyra Biosciences Inc,United States,United States,USA,USD,https://tyra.bio,Healthcare,Biotechnology,Biopharma,Biotech,Ordinary Share,,,,,,
4543.T,TSE,JPX,Tokyo,Primary,,,JP3546800008,BBG000BK08X8,BBG000BK08X8,BBG001S6CGR5,,Terumo Corporation,Japan,Japan,JPN,JPY,https://www.terumo.com,Healthcare,Medical Instruments & Supplies,MedTech,Cardiovascular,Ordinary Share,,,,353800JX1R4582QVK932,,Y
U,NYSE,NYQ,NYSE,Primary,,2020,US91332U1016,BBG0056JW5G6,BBG0056JW5G6,BBG0056JW5H5,1810806,Unity Software Inc,United States,United States,USA,USD,https://unity.com,Technology,Software - Application,Tech,,Ordinary Share,,,,549300D1ESJMGNQNG432,,Y
UCB,Euronext Brussels,BRU,Brussels,Primary,,2002,BE0003739530,BBG000BD8CR4,BBG000BD8BK3,BBG001S6LBX9,1290640,UCB SA,Belgium,Belgium,BEL,EUR,https://www.ucb.com,Healthcare,Biotechnology,Biopharma,,Ordinary Share,,,,2138008J191VLSGY5A09,,Y
UFPT,NASDAQ,NCM,NasdaqCM,Primary,,,US9026731029,BBG000BJBZK3,BBG000BJBZK3,BBG001S79DN8,914156,"UFP Technologies, Inc.",United States,United States,USA,USD,https://www.ufpt.com,Healthcare,Medical Devices,MedTech,Hospital Supply & Equipment,Ordinary Share,,,,549300RJ8LY41HS70C91,,Y
UHS,NYSE,NYQ,NYSE,Primary,,,US9139031002,BBG000CB8Q50,BBG000CB8Q50,BBG001S6S976,352915,Universal Health Services Inc,United States,United States,USA,USD,https://uhs.com,Healthcare,Medical Care Facilities,Healthcare Services,BH - Facilities,Ordinary Share,,,,549300YGMGQDO0NMJD09,,Y
UNH,NYSE,NYQ,NYSE,Primary,,,,BBG000CH5208,BBG000CH5208,BBG001S6WCJ1,731766,UnitedHealth Group Inc,United States,United States,USA,USD,https://www.unitedhealthgroup.com,Healthcare,Healthcare Plans,Healthcare Services,Mgd Care,Ordinary Share,,,,,,Y
UPB,NASDAQ,NMS,NasdaqGS,Primary,,2024,US91678A1079,BBG017Y2X923,BBG017Y2X923,BBG017Y2X950,2022626,Upstream Bio Inc,United States,United States,USA,USD,https://upstreambio.com,Healthcare,Biotechnology,Biopharma,Biotech,Ordinary Share,,,,,,
UPLD,NASDAQ,NGM,NasdaqGM,Primary,,2014,US91544A1097,BBG005KC3JR5,BBG005KC3JR5,BBG005KC3JS4,1505155,Upland Software Inc,United States,United States,USA,USD,https://uplandsoftware.com,Technology,Software - Application,SaaS,,Ordinary Share,,,,549300NS277POYJ63W89,,
UPS,NYSE,NYQ,NYSE,Primary,,,US9113121068,BBG000L9CV04,BBG000L9CV04,BBG001SDGSH1,1090727,United Parcel Service Inc,United States,United States,USA,USD,https://www.ups.com,Industrials,Integrated Freight & Logistics,Industrials,,Ordinary Share,,,,D01LMJZU09ULLNCY6Z23,,Y
URGN,NASDAQ,NGM,NasdaqGM,Primary,,2017,IL0011407140,BBG00GFCC613,BBG00GFCC613,BBG00GFCC622,1668243,Urogen Pharma Ltd,United States,United States,USA,USD,https://www.urogen.com,Healthcare,Biotechnology,Biopharma,Biotech,Ordinary Share,,,,,,
USPH,NYSE,NYQ,NYSE,Primary,,,,BBG000CSRSG6,BBG000CSRSG6,BBG001S71ZL9,885978,US Physical Therapy Inc,United States,United States,USA,USD,https://www.usph.com,Healthcare,Medical Care Facilities,Healthcare Services,Post-Acute,Ordinary Share,,,,,,Y
UTHR,NASDAQ,NMS,NasdaqGS,Primary,,,,BBG000BV4XJ1,BBG000BV4XJ1,BBG001S8RV10,1082554,United Therapeutics Corp,United States,United States,USA,USD,https://www.unither.com,Healthcare,Drug Manufacturers - Specialty & Generic,Biopharma,Specialty & Generic Pharma,Ordinary Share,,,,,,Y
V,NYSE,NYQ,NYSE,Primary,,2008,US92826C8394,BBG000PSKYX7,BBG000PSKYX7,BBG001SRCFY3,1403161,Visa Inc,United States,United States,USA,USD,https://www.visa.com,Financial Services,Credit Services,Financials,,Ordinary Share,,,,549300JZ4OKEHW3DPJ59,,Y
VALN,NASDAQ,NMS,NasdaqGS,ADR/Cross-listed,Primary listing likely in France,2021,US92025Y1038,BBG00ZZPBH08,BBG00ZZPBH08,BBG00ZZPBHX2,1836564,Valneva SE,France,United States,FRA,USD,https://valneva.com,Healthcare,Biotechnology,Biopharma,Biotech,Depositary Receipt,,,,,,
VANI,NASDAQ,NCM,NasdaqCM,Primary,,2014,US92854B1098,BBG002ZQP3H7,BBG002ZQP3H7,BBG002ZQP3J5,1266806,Vivani Medical Inc,United States,United States,USA,USD,https://www.vivani.com,Healthcare,Biotechnology,Biopharma,Biotech,Ordinary Share,,,,5299004VTNX49EZIFL05,,
VAXX,OTC,PNK,OTC Markets OTCPK,Primary,,2021,US92244V1044,BBG00ZWVMKJ9,BBG00ZWVMKJ9,BBG00ZWVMKN4,,Vaxxinity Inc,United States,United States,USA,USD,https://www.vaxxinity.com,Healthcare,Biotechnology,Biopharma,Biotech,Ordinary Share,,,,,,
VCEL,NASDAQ,NGM,NasdaqGM,Primary,,,,BBG000BDCM24,BBG000BDCM24,BBG001S6X9M3,887359,Vericel Corporation,United States,United States,USA,USD,https://www.vcel.com,Healthcare,Biotechnology,MedTech,Orthopedics,Ordinary Share,,,,,,Y
VCNX,OTC,PNK,OTC Markets OTCPK,Primary,,2018,US9186403013,BBG00469NFK4,BBG00469NFK4,BBG00469NFM2,1205922,Vaccinex Inc,United States,United States,USA,USD,https://www.vaccinex.com,Healthcare,Biotechnology,Biopharma,Biotech,Ordinary Share,,,,,,
VEEV,NYSE,NYQ,NYSE,Primary,,2013,US9224751084,BBG001CGB489,BBG001CGB489,BBG001TX0CB4,1393052,Veeva Systems Inc.,United States,United States,USA,USD,https://www.veeva.com,Healthcare,Health Information Services,Healthcare Services,HIT,Ordinary Share,,,,549300YZEXPDB92M2F02,,Y
VERA,NASDAQ,NGM,NasdaqGM,Primary,,2021,US92337R1014,BBG00Q72WYG3,BBG00Q72WYG3,BBG00Q72WYH2,1831828,Vera Therapeutics Inc,United States,United States,USA,USD,https://veratx.com,Healthcare,Biotechnology,Biopharma,Biotech,Ordinary Share,,,,,,
VERU,NASDAQ,NCM,NasdaqCM,Primary,,,US92536C2026,BBG000G12J78,BBG000G12J78,BBG001SCF2T8,863894,Veru Inc,United States,United States,USA,USD,https://verupharma.com,Healthcare,Biotechnology,Biopharma,Biotech,Ordinary Share,,,,529900ER63TFLEIJV631,,
VETO.PA,Euronext Paris,PAR,Paris,Primary,,2006,,BBG000C5S7S8,BBG000C5R638,BBG001SF2VM8,,Vetoquinol SA,France,France,FRA,EUR,https://www.vetoquinol.com,Healthcare,Drug Manufacturers - Specialty & Generic,Biopharma,Specialty & Generic Pharma,Ordinary Share,,,,,,Y
VIRP.PA,Euronext Paris,PAR,Paris,Primary,VIRP,,FR0000031577,BBG000BSSDN1,BBG000BSSCW3,BBG001SGGQX0,,Virbac SA,France,France,FRA,EUR,https://corporate.virbac.com,Healthcare,Drug Manufacturers - General,Biopharma,Specialty & Generic Pharma,Ordinary Share,,,,969500QQ1X5XHG649644,,Y
VISTN.OL,Oslo Bors,OSL,Oslo,Primary,,2015,NO0010734122,BBG00N0NQX07,BBG00H9Q1F91,BBG00H9Q1FB8,,Vistin Pharma ASA,Norway,Norway,NOR,NOK,https://www.vistin.com,Healthcare,Drug Manufacturers - Specialty & Generic,Biopharma,Specialty & Generic Pharma,Ordinary Share,,,,5967007LIEEXZXFQY092,,
VKTX,NASDAQ,NCM,NasdaqCM,Primary,,2015,US92686J1060,BBG006LGV869,BBG006LGV869,BBG006LGV887,1607678,Viking Therapeutics Inc,United States,United States,USA,USD,https://www.vikingtherapeutics.com,Healthcare,Biotechnology,Biopharma,Biotech,Ordinary Share,,,,529900IVC72YPFA25M37,,
VLTO,NYSE,NYQ,NYSE,Primary,,2023,US92338C1036,BBG019Q32XJ9,BBG019Q32XJ9,BBG019Q32XK7,1967680,Veralto Corp,United States,United States,USA,USD,https://www.veralto.com,Industrials,Pollution & Treatment Controls,Industrials,,Ordinary Share,,,,,,Y
VMD,NASDAQ,NCM,NasdaqCM,Primary,,2019,CA92663R1055,BBG00JNKPJ36,BBG00JNKPJ36,BBG00JB5VKK3,1729149,Viemed Healthcare Inc,United States,United States,USA,USD,https://www.viemed.com,Healthcare,Medical Devices,Healthcare Services,Post-Acute,Ordinary Share,,,,,,Y
VNDA,NASDAQ,NGM,NasdaqGM,Primary,,2006,US9216591084,BBG000HT5MG6,BBG000HT5MG6,BBG001SP95N5,1347178,Vanda Pharmaceuticals Inc.,United States,United States,USA,USD,https://www.vandapharma.com,Healthcare,Biotechnology,Biopharma,Biotech,Ordinary Share,,,,529900AY8VOOQBKJ0O70,,
VOR,NASDAQ,NMS,NasdaqGS,Primary,,2021,US9290332074,BBG00NBJRDT6,BBG00NBJRDT6,BBG00NBJRDV3,1817229,Vor Biopharma Inc,United States,United States,USA,USD,https://www.vorbio.com,Healthcare,Biotechnology,Biopharma,Biotech,Ordinary Share,,,,,,
VRCA,NASDAQ,NCM,NasdaqCM,Primary,,2018,US92511W2070,BBG00L03BYB7,BBG00L03BYB7,BBG00L03BZ24,1660334,Verrica Pharmaceuticals Inc,United States,United States,USA,USD,https://www.verrica.com,Healthcare,Biotechnology,Biopharma,Biotech,Ordinary Share,,,,5493002L68H6THU5GW50,,
VRDN,NASDAQ,NCM,NasdaqCM,Primary,,2014,,BBG002H242Z5,BBG002H242Z5,BBG002H24301,1590750,Viridian Therapeutics Inc,United States,United States,USA,USD,https://www.viridiantherapeutics.com,Healthcare,Biotechnology,Biopharma,Biotech,Ordinary Share,,,,,,
VREX,NASDAQ,NMS,NasdaqGS,Primary,,2017,,BBG00CZNLR47,BBG00CZNLR47,BBG00CZNLR38,1681622,Varex Imaging Corporation,United States,United States,USA,USD,https://www.vareximaging.com,Healthcare,Medical Devices,MedTech,Hospital Supply & Equipment,Ordinary Share,,,,,,Y
VRTX,NASDAQ,NMS,NasdaqGS,Primary,,,,BBG000C1S2X2,BBG000C1S2X2,BBG001S68LJ8,875320,Vertex Pharmaceuticals Inc,United States,United States,USA,USD,https://www.vrtx.com,Healthcare,Biotechnology,Biopharma,Biotech,Ordinary Share,,,,,,Y
VSTM,NASDAQ,NCM,NasdaqCM,Primary,,2012,US92337C1045,BBG001J2LSK5,BBG001J2LSK5,BBG001V0G978,1526119,Verastem Inc,United States,United States,USA,USD,https://www.verastem.com,Healthcare,Biotechnology,Biopharma,Biotech,Ordinary Share,,,,,,
VTEX,NYSE,NYQ,NYSE,ADR/Cross-listed,Primary listing likely in Cayman Islands,2021,KYG9470A1022,BBG011M1L5H6,BBG011M1L5H6,BBG011M1L6B0,1793663,VTEX,Cayman Islands,United States,CYM,USD,https://vtex.com,Technology,Software - Application,SaaS,,Ordinary Share,,,,,,
VTGN,NASDAQ,NCM,NasdaqCM,Primary,,2011,US92840H2022,BBG000BB33L9,BBG000BB33L9,BBG001S67BH3,1411685,Vistagen Therapeutics Inc,United States,United States,USA,USD,https://www.vistagen.com,Healthcare,Biotechnology,Biopharma,Biotech,Ordinary Share,,,,,,
VTR,NYSE,NYQ,NYSE,Primary,,,US92276F1003,BBG000FRVHB9,BBG000FRVHB9,BBG001S9T7M6,740260,Ventas Inc,United States,United States,USA,USD,https://www.ventasreit.com,Real Estate,REIT - Healthcare Facilities,Real Estate,Healthcare Real Estate,Ordinary Share,,,,ORQTRC074CWLT3DKHT41,,
VTRS,NASDAQ,NMS,NasdaqGS,Primary,,,US92556V1061,BBG00Y4RQNH4,BBG00Y4RQNH4,BBG00Y52JV51,1792044,Viatris Inc,United States,United States,USA,USD,https://www.viatris.com,Healthcare,Drug Manufacturers - Specialty & Generic,Biopharma,Specialty & Generic Pharma,Ordinary Share,,,,254900ZZTSW7NL773X71,,Y
VTVT,NASDAQ,NCM,NasdaqCM,Primary,,2015,US9183852048,BBG009DT9XJ0,BBG009DT9XJ0,BBG009DT9XK8,1641489,vTv Therapeutics Inc,United States,United States,USA,USD,https://vtvtherapeutics.com,Healthcare,Biotechnology,Biopharma,Biotech,Ordinary Share,,,,549300WQE5EI9R35SE66,,
VXRT,OQX,OQX,OTC Markets OTCQX,,,,US92243A2006,BBG000DR0RZ7,BBG000DR0RZ7,BBG001S8PRQ4,72444,Vaxart Inc,United States,,USA,USD,https://vaxart.com,Healthcare,Biotechnology,Biopharma,Biotech,Ordinary Share,,,,,,
VYGR,NASDAQ,NMS,NasdaqGS,Primary,,2015,US92915B1061,BBG005ZSY233,BBG005ZSY233,BBG005ZSY242,1640266,Voyager Therapeutics Inc,United States,United States,USA,USD,https://www.voyagertherapeutics.com,Healthcare,Biotechnology,Biopharma,Biotech,Ordinary Share,,,,54930082S4XVR0ZWCC74,,
VYNE,NASDAQ,NCM,NasdaqCM,Primary,,2018,US92941V3087,BBG00H5W8GM8,BBG00H5W8GM8,BBG00H5W8GN7,1566044,Vyne Therapeutics Inc,United States,United States,USA,USD,https://vynetherapeutics.com,Healthcare,Biotechnology,Biopharma,Biotech,Ordinary Share,,,,,,
WAT,NYSE,NYQ,NYSE,Primary,,,,BBG000FQRVM3,BBG000FQRVM3,BBG001S8MDG9,1000697,Waters Corp,United States,United States,USA,USD,https://www.waters.com,Healthcare,Diagnostics & Research,MedTech,Life Science Tools,Ordinary Share,,,,,,Y
WAY,NASDAQ,NMS,NasdaqGS,Primary,,2024,US9467841055,BBG01JRQSDB9,BBG01JRQSDB9,BBG01JRQSF60,1990354,Waystar Holding Corp,United States,United States,USA,USD,https://www.waystar.com,Healthcare,Health Information Services,Healthcare Services,HIT,Ordinary Share,,,,,,Y
WDAY,NASDAQ,NMS,NasdaqGS,Primary,,2012,US98138H1014,BBG000VC0T95,BBG000VC0T95,BBG001T21KQ7,1327811,"Workday, Inc.",United States,United States,USA,USD,https://www.workday.com,Technology,Software - Application,Tech,,Ordinary Share,,,,549300J0DYC0N31V7G13,,
WELL,NYSE,NYQ,NYSE,Primary,,,US95040Q1040,BBG000BKY1G5,BBG000BKY1G5,BBG001S5RTQ4,766704,Welltower Inc,United States,United States,USA,USD,https://www.welltower.com,Real Estate,REIT - Healthcare Facilities,Real Estate,Healthcare Real Estate,Ordinary Share,,,,T6IZ0MBEG5ACZDTR7D06,,
WHWK,NASDAQ,NCM,NasdaqCM,Primary,,2018,,BBG002WN7DT2,BBG002WN7DT2,BBG002WN7DV9,1422142,Whitehawk Therapeutics Inc,United States,United States,USA,USD,https://ir.whitehawktx.com,Healthcare,Biotechnology,Biopharma,Biotech,Ordinary Share,,,,,,
WK,NYSE,NYQ,NYSE,Primary,,2014,US98139A1051,BBG007BVZ8H9,BBG007BVZ8H9,BBG007BVZ8J7,1445305,Workiva Inc,United States,United States,USA,USD,https://www.workiva.com,Technology,Software - Application,SaaS,,Ordinary Share,,,,529900RTOQ8GRWHY1O58,,
WMT,NASDAQ,NMS,NasdaqGS,Primary,,,US9311421039,BBG000BWXBC2,BBG000BWXBC2,BBG001S5XH92,104169,Walmart Inc,United States,United States,USA,USD,https://www.walmart.com,Consumer Defensive,Discount Stores,Consumer,,Ordinary Share,,,,Y87794H0US1R65VBXU25,,Y
WST,NYSE,NYQ,NYSE,Primary,,,US9553061055,BBG000BX24N8,BBG000BX24N8,BBG001S5XK22,105770,West Pharmaceutical Services Inc,United States,United States,USA,USD,https://www.westpharma.com,Healthcare,Medical Instruments & Supplies,MedTech,Packaging,Ordinary Share,,,,5493007NKRGM1RJQ1P16,,Y
WVE,NASDAQ,NGM,NasdaqGM,ADR/Cross-listed,Primary listing likely in Singapore,2015,SG9999014716,BBG00B642V54,BBG00B642V54,BBG00B642V63,1631574,Wave Life Sciences Ltd,Singapore,United States,SGP,USD,https://wavelifesciences.com,Healthcare,Biotechnology,Biopharma,Biotech,Ordinary Share,,,,,,
XBIO,NASDAQ,NCM,NasdaqCM,Primary,,2016,US9840156023,BBG0028WJXC0,BBG0028WJXC0,BBG0028WJY38,1534525,Xenetic Biosciences Inc,United States,United States,USA,USD,https://www.xeneticbio.com,Healthcare,Biotechnology,Biopharma,Biotech,Ordinary Share,,,,5493002WV0KYX8JXAH52,,
XBIT,NASDAQ,NMS,NasdaqGS,Primary,,2015,CA98400H1029,BBG0081S8D39,BBG0081S8D39,BBG0081S8D48,1626878,XBiotech Inc,United States,United States,USA,USD,https://www.xbiotech.com,Healthcare,Biotechnology,Biopharma,Biotech,Ordinary Share,,,,,,
XENE,NASDAQ,NGM,NasdaqGM,ADR/Cross-listed,Primary listing likely in Canada,2014,CA98420N1050,BBG0073DM784,BBG0073DM784,BBG002VBMLS5,1582313,Xenon Pharmaceuticals Inc,Canada,United States,CAN,USD,https://www.xenon-pharma.com,Healthcare,Biotechnology,Biopharma,Biotech,Ordinary Share,,,,,,
XERS,NASDAQ,NMS,NasdaqGS,Primary,,2018,US98422E1038,BBG012V1MG52,BBG012V1MG52,BBG012V1MG61,1867096,Xeris Biopharma Holdings Inc,United States,United States,USA,USD,https://www.xerispharma.com,Healthcare,Biotechnology,Biopharma,Biotech,Ordinary Share,,,,,,
XFOR,NASDAQ,NCM,NasdaqCM,Primary,,2017,US98420X2027,BBG001J1CYH8,BBG001J1CYH8,BBG001TCY1B7,1501697,X4 Pharmaceuticals Inc,United States,United States,USA,USD,https://www.x4pharma.com,Healthcare,Biotechnology,Biopharma,Biotech,Ordinary Share,,,,549300R0UFVPXWP86U94,,
XLO,NASDAQ,NCM,NasdaqCM,Primary,,2021,US98422T1007,BBG00M4D4X92,BBG00M4D4X92,BBG00M4D4XC8,1840233,Xilio Therapeutics Inc,United States,United States,USA,USD,https://xiliotx.com,Healthcare,Biotechnology,Biopharma,Biotech,Ordinary Share,,,,,,
XNCR,NASDAQ,NGM,NasdaqGM,Primary,,2013,US98401F1057,BBG0026ZG4W0,BBG0026ZG4W0,BBG0026ZG4X9,1326732,Xencor Inc,United States,United States,USA,USD,https://www.xencor.com,Healthcare,Biotechnology,Biopharma,Biotech,Ordinary Share,,,,,,
XRAY,NASDAQ,NMS,NasdaqGS,Primary,,,US24906P1093,BBG000BX57K1,BBG000BX57K1,BBG001S5XLV8,818479,DENTSPLY SIRONA Inc.,United States,United States,USA,USD,https://www.dentsplysirona.com,Healthcare,Medical Instruments & Supplies,MedTech,Dental,Ordinary Share,,,,9NHEHR1SOZCYXDO8HO28,,Y
YEXT,NYSE,NYQ,NYSE,Primary,,2017,US98585N1063,BBG001MKZGY7,BBG001MKZGY7,BBG001V12329,1614178,Yext Inc,United States,United States,USA,USD,https://www.yext.com,Technology,Software - Infrastructure,SaaS,,Ordinary Share,,,,5299008ZQSBBVH7K0589,,
YPSN,SIX,EBS,Swiss,Primary,,2004,,BBG000BTC786,BBG000BTC786,BBG001SC15W2,,Ypsomed Holding AG,Switzerland,Switzerland,CHE,CHF,https://www.ypsomed.com,Healthcare,Medical Instruments & Supplies,MedTech,Packaging,,,,,,,Y
ZBH,NYSE,NYQ,NYSE,Primary,,,,BBG000BKPL53,BBG000BKPL53,BBG001S7DQJ9,1136869,"Zimmer Biomet Holdings, Inc",United States,United States,USA,USD,https://www.zimmerbiomet.com,Healthcare,Medical Devices,MedTech,Orthopedics,Ordinary Share,,,,,,Y
ZBIO,NASDAQ,NMS,NasdaqGS,Primary,,2024,US98937L1052,BBG01J1MG9D6,BBG01J1MG9D6,BBG01J1MG9F4,1953926,Zenas Biopharma Inc,United States,United States,USA,USD,https://zenasbio.com,Healthcare,Biotechnology,Biopharma,Biotech,Ordinary Share,,,,,,
ZEAL.CO,OMX Copenhagen,CPH,Copenhagen,Primary,,2010,,BBG0018JWYS7,BBG000KSQJR6,BBG001SPVN33,,Zealand Pharma A/S,Denmark,Denmark,DNK,DKK,https://www.zealandpharma.com,Healthcare,Biotechnology,Biopharma,Biotech,Ordinary Share,,,,,,
ZETA,NYSE,NYQ,NYSE,Primary,,2021,US98956A1051,BBG010FXVQ98,BBG010FXVQ98,BBG010FXVQB5,1851003,Zeta Global Holdings Corp,United States,United States,USA,USD,https://www.zetaglobal.com,Technology,Software - Infrastructure,SaaS,,Ordinary Share,,,,,,
ZLAB,NASDAQ,NGM,NasdaqGM,ADR/Cross-listed,Primary listing likely in China,2017,,BBG00HFX3N90,BBG00HFX3N90,BBG00HFX3P04,1704292,Zai Lab Ltd - ADR,China,United States,CHN,USD,https://www.zailaboratory.com,Healthcare,Biotechnology,Biopharma,Biotech,,,,,,,
ZM,NASDAQ,NMS,NasdaqGS,Primary,,2019,,BBG0042V6JM8,BBG0042V6JM8,BBG0042V6JN7,1585521,"Zoom Communications, Inc.",United States,United States,USA,USD,https://www.zoom.com,Technology,Software - Application,Tech,,Ordinary Share,,,,,,
ZNTL,NASDAQ,NGM,NasdaqGM,Primary,,2020,US98943L1070,BBG00R2K8TF5,BBG00R2K8TF5,BBG00R2K8TG4,1725160,Zentalis Pharmaceuticals Inc,United States,United States,USA,USD,https://zentalis.com,Healthcare,Biotechnology,Biopharma,Biotech,Ordinary Share,,,,,,
ZOMDF,OTC,PNK,OTC Markets OTCPK,Primary,,2017,,BBG00DGZC7Y0,BBG00DGZC7Y0,BBG004H67DQ5,1684144,Zomedica Corp.,United States,United States,USA,USD,https://www.zomedica.com,Healthcare,Medical Devices,Biopharma,,,,,,,,
ZS,NASDAQ,NMS,NasdaqGS,Primary,,2018,US98980G1022,BBG003338H34,BBG003338H34,BBG003338H61,1713683,"Zscaler, Inc.",United States,United States,USA,USD,https://www.zscaler.com,Technology,Software - Infrastructure,Tech,,Ordinary Share,,,,529900MZ0RTK1BWRNF46,,
ZTS,NYSE,NYQ,NYSE,Primary,,2013,US98978V1035,BBG0039320N9,BBG0039320N9,BBG0039320P7,1555280,Zoetis Inc.,United States,United States,USA,USD,https://www.zoetis.com,Healthcare,Drug Manufacturers - Specialty & Generic,Healthcare Services,Animal Health,Ordinary Share,,,,549300HD9Q1LOC9KLJ48,,Y
ZURA,NASDAQ,NCM,NasdaqCM,Primary,,2023,KYG9TY5A1016,BBG011FJXV49,BBG011FJXV49,BBG011FJXVZ5,1855644,Zura Bio Ltd,United States,United States,USA,USD,https://zurabio.com,Healthcare,Biotechnology,Biopharma,Biotech,Ordinary Share,,,,549300LQXD6M2MIQFN24,,
ZVRA,NASDAQ,NMS,NasdaqGS,Primary,,2015,US4884452065,BBG0026ZG1F5,BBG0026ZG1F5,BBG0026ZG1G4,1434647,Zevra Therapeutics Inc,United States,United States,USA,USD,https://www.zevra.com,Healthcare,Biotechnology,Biopharma,Biotech,Ordinary Share,,,,254900CU6T74V18Y1W18,,
ZYDUSLIFE.NS,NSE,NSI,NSE,Primary,,,INE010B01027,,,,,Zydus Lifesciences Limited,India,India,IND,INR,https://zyduslife.com,Healthcare,Drug Manufacturers - Specialty & Generic,Biopharma,Specialty & Generic Pharma,Ordinary Share,,,,335800R9O14ORBXLPN13,,
ZYME,NASDAQ,NMS,NasdaqGS,Primary,,2017,US98985Y1082,BBG019XSYC89,BBG019XSYC89,BBG019XSYC98,1937653,Zymeworks Inc,United States,United States,USA,USD,https://www.zymeworks.com,Healthcare,Biotechnology,Biopharma,Biotech,Ordinary Share,,,,,,
JAN,NYSE,NYQ,NYSE,Primary,,2026,US4710241096,BBG020PSLYJ0,BBG020PSLYJ0,BBG020PSLZG0,2100805,Janus Living Inc,United States,United States,USA,USD,https://www.janusliving.com,Real Estate,REIT - Healthcare Facilities,Healthcare Services,Healthcare Real Estate,Ordinary Share,2026-03-19,2026-06-17,2026-09-15,,Senior Housing REIT,
HTFL,NASDAQ,NMS,NasdaqGS,Primary,,2025,US42238D1072,BBG0026ZJ2M2,BBG0026ZJ2M2,BBG0026ZJ2N1,1464521,"HeartFlow, Inc.",United States,United States,USA,USD,https://www.heartflow.com,Healthcare,Medical - Healthcare Information Services,MedTech,Diagnostics,Ordinary Share,,,,,AI,Y
BLLN,NASDAQ,NMS,NasdaqGS,Primary,,2025,US0901681058,BBG00NR7JXT0,BBG00NR7JXT0,BBG00NR7JXV7,2070849,"BillionToOne, Inc.",United States,United States,USA,USD,https://www.billiontoone.com,Healthcare,Medical - Diagnostics & Research,MedTech,Diagnostics,Ordinary Share,,,,,,Y
AZTA,NASDAQ,NMS,NasdaqGS,Primary,,2000,,BBG000DX9JV7,BBG000DX9JV7,BBG001S8F1B8,933974,"Azenta, Inc.",United States,United States,USA,USD,https://www.azenta.com,Healthcare,Medical Instruments & Supplies,MedTech,Life Science Tools,Ordinary Share,,,,,,Y
RGEN,NASDAQ,NMS,NasdaqGS,Primary,,1986,,BBG000BS48J3,BBG000BS48J3,BBG001S5VNT9,730272,Repligen Corporation,United States,United States,USA,USD,https://www.repligen.com,Healthcare,Medical Instruments & Supplies,MedTech,Life Science Tools,Ordinary Share,,,,,Bioprocessing,Y
STMN.SW,SIX,SWX,SIX Swiss Exchange,Primary,,1998,CH1175448666,BBG000C1Y6Q4,BBG000C1Y6Q4,BBG001SBSDZ5,,Straumann Holding AG,Switzerland,Switzerland,CHE,CHF,https://www.straumann.com,Healthcare,Medical Instruments & Supplies,MedTech,Dental,Ordinary Share,,,,50670046ML5FVIM60Z37,,Y
VCYT,NASDAQ,NMS,NasdaqGS,Primary,,2013,US92337F1075,BBG001J2M542,BBG001J2M542,BBG001TSQWW0,1384101,"Veracyte, Inc.",United States,United States,USA,USD,https://www.veracyte.com,Healthcare,Diagnostics & Research,MedTech,Diagnostics,Ordinary Share,,,,529900ESWZRHXOW27Z37,,Y
NVCR,NASDAQ,NMS,NasdaqGS,Primary,Primary listing likely in Switzerland,2015,JE00BYSS4X48,BBG009XW8PY2,BBG009XW8PY2,BBG009XW8QY0,1645113,Novocure Limited,United States,United States,USA,USD,https://www.novocure.com,Healthcare,Medical Devices,MedTech,Diversified MedTech,Ordinary Share,,,,213800YPP55UMHWA4826,,Y
LMRI,NASDAQ,NMS,NasdaqGS,Primary,,2025,US5502491062,BBG01YLK99T6,BBG01YLK99T6,BBG01YLK9BQ4,2071288,Lumexa Imaging Holdings Inc,United States,United States,USA,USD,https://www.lumexaimaging.com,Healthcare,Medical - Devices,Healthcare Services,Imaging,Ordinary Share,,,,,,Y
YSS,NYSE,NYQ,NYSE,Primary,,2026,US9870841007,BBG01YLLYSD1,BBG01YLLYSD1,BBG01YLLYTF7,2086587,York Space Systems Inc,United States,United States,USA,USD,https://www.yorkspacesystems.com,Technology,Communication Equipment,Tech,Space / Satellite Manufacturing,Ordinary Share,2026-01-28,2026-04-28,2026-07-27,,,
NHP,NASDAQ,NGS,NASDAQ Global Select,Primary,,2026,US42226B5012,BBG021RVZ035,BBG021RVZ035,BBG021RVZ197,1561032,National Healthcare Properties Inc,United States,United States,USA,USD,https://nhpreit.com,Real Estate,REIT - Healthcare Facilities,Healthcare Services,Healthcare Real Estate,Ordinary Share,2026-04-21,2026-07-20,2026-10-18,549300Z2NSUGF5NF2Y30,Senior Housing REIT,
LULU,NASDAQ,NMS,NasdaqGS,Primary,Primary listing likely in Canada,2007,US5500211090,BBG000R8ZVD1,BBG000R8ZVD1,BBG001STBM75,1397187,Lululemon Athletica Inc.,United States,United States,USA,USD,https://corporate.lululemon.com,Consumer Cyclical,Apparel - Retail,Consumer,,Ordinary Share,,,,549300D9GZ4BMLDW5T40,,
BE,NYSE,NYQ,NYSE,Primary,,2018,US0937121079,BBG00L4SB0Y7,BBG000N7KBZ3,BBG001T53509,1664703,Bloom Energy Corporation,United States,United States,USA,USD,https://www.bloomenergy.com,Industrials,Electrical Equipment & Parts,Energy,,Ordinary Share,,,,549300XB5J9BFW5JXV97,,
BRO,NYSE,NYQ,NYSE,Primary,,1981,US1152361010,BBG000BWSGF4,BBG000BWSGF4,BBG001S5XFN0,79282,Brown & Brown Inc.,United States,United States,USA,USD,https://www.bbrown.com,Financial Services,Insurance - Brokers,Financials,,Ordinary Share,,,,549300PC8KTJ71XKFY89,,
CPRT,NASDAQ,NMS,NasdaqGS,Primary,,1994,US2172041061,BBG000BM9RH1,BBG000BM9RH1,BBG001S7MTB1,900075,Copart Inc.,United States,United States,USA,USD,https://www.copart.com,Industrials,Specialty Business Services,Industrials,,Ordinary Share,,,,549300KVYX3JWMYEHU61,,
FI,NYSE,NYQ,NYSE,Primary,,1986,US3377381088,BBG000BJKQW0,BBG000BJKPG0,BBG001S5R6Q4,798354,Fiserv Inc.,United States,United States,USA,USD,https://www.fiserv.com,Technology,Information Technology Services,Financials,,Ordinary Share,,,,GI7UBEJLXYLGR2C7GV83,,
KRC,NYSE,NYQ,NYSE,Primary,,1997,US49427F1084,BBG000BLMZ99,BBG000BLMXN8,BBG001S9BHB5,1025996,Kilroy Realty Corporation,United States,United States,USA,USD,https://www.kilroyrealty.com,Real Estate,REIT - Office,Healthcare Services,Healthcare Real Estate,Ordinary Share,,,,549300CXXI18B214UN80,,
Q,NYSE,NYQ,NYSE,Primary,,2025,US74743L1008,BBG01TRL73S5,BBG01TRL73S5,BBG01TRL7564,2058873,Qnity Electronics Inc.,United States,United States,USA,USD,https://www.qnityelectronics.com,Technology,Semiconductors,Tech,,Ordinary Share,,,,,,
ULS,NYSE,NYQ,NYSE,Primary,,2024,US9037311076,BBG007N72M93,BBG007N72M93,BBG007N72MB0,1901440,UL Solutions Inc.,United States,United States,USA,USD,https://www.ul.com,Industrials,Specialty Business Services,Industrials,,Ordinary Share,,,,,,
MAIR,NYSE,NYQ,NYSE,Primary,,2026,US55658T1051,BBG020W40ST0,BBG020W40ST0,BBG020W40TR0,2098430,Madison Air Solutions Corporation,United States,United States,USA,USD,http://www.madisonair.com,Industrials,Industrial - Machinery,Tech,,Ordinary Share,2026-04-15,2026-07-14,2026-10-12,,,
ALMR,NASDAQ,NGM,NasdaqGM,Primary,,2026,US0109111056,BBG012FD22W7,BBG012FD22W7,BBG012FD22X6,2104204,"Alamar Biosciences, Inc.",United States,United States,USA,USD,www.alamarbio.com,Healthcare,Medical Devices,MedTech,Life Science Tools,Ordinary Share,2026-04-16,2026-07-15,2026-10-13,,,
KLRA,NASDAQ,NGM,NasdaqGM,Primary,,2026,US4829311020,BBG01Q3NQQJ1,BBG01Q3NQQJ1,BBG01Q3NQQK9,2096997,"Kailera Therapeutics, Inc.",United States,United States,USA,USD,www.kailera.com,Healthcare,Biotechnology,Biopharma,Biotech,Ordinary Share,2026-04-16,2026-07-15,2026-10-13,,,
ARXS,NASDAQ,NMS,NasdaqGS,Primary,,2026,US04339D1054,BBG0217MY2M3,BBG0217MY2M3,BBG0217MY3J5,2093536,"Arxis, Inc.",United States,United States,USA,USD,https://www.arxis.com,Industrials,Aerospace & Defense,Industrials,Aerospace & Defense Components,Ordinary Share,2026-04-15,2026-07-14,2026-10-12,,,
XE,NASDAQ,NMS,NASDAQ Global Select,Primary,,2026,US98386P1021,BBG005DX1RC7,BBG005DX1RC7,BBG005DX1RD6,2088896,"X-Energy, Inc.",United States,United States,USA,USD,https://www.x-energy.com,Industrials,Specialty Industrial Machinery,Energy,Clean Energy / Nuclear SMR,Ordinary Share,2026-04-23,2026-07-22,2026-10-20,,,
CBRS,NASDAQ,NMS,NasdaqGS,Primary,,2026,US15675D1037,BBG00FNFPQH4,BBG00FNFPQH4,BBG00FNFPQJ2,2021728,Cerebras Systems Inc.,United States,United States,USA,USD,https://www.cerebras.ai,Technology,Semiconductors,Tech,,Ordinary Share,2026-05-13,2026-08-11,2026-11-09,,AI Hardware,
MOBI,NASDAQ,NMS,NasdaqGS,Primary,,2026,US60705V1035,BBG021RYC5B4,BBG021RYC5B4,BBG021RYC6W9,1489993,"Mobia Medical, Inc.",United States,United States,USA,USD,https://www.mobia.com,Healthcare,Medical Devices,MedTech,Neuromodulation,Ordinary Share,2026-05-07,2026-08-05,2026-11-03,,Stroke Recovery,
HAWK,NYSE,NYQ,NYSE,Primary,,2026,US4202011056,BBG00FDMGFF6,BBG00FDMGFF6,BBG00FDMGR42,1750704,"HawkEye 360, Inc.",United States,United States,USA,USD,https://www.he360.com,Industrials,Aerospace & Defense,Industrials,Space Tech / Instrumentation,Ordinary Share,2026-05-06,2026-08-04,2026-11-02,,RF SIGINT,
FDXF,NYSE,NYQ,NYSE,Primary,,2026,US3143521058,BBG01ZPB91C4,BBG01ZPB91C4,BBG01ZPB92B3,2082247,FedEx Freight Corporation,United States,United States,USA,USD,https://www.fedex.com/en-us/freight.html,Industrials,Trucking,Industrials,,Ordinary Share,,,,,LTL,
FRVO,NASDAQ,NMS,NasdaqGS,Primary,,2026,US31556C1062,BBG017V3P2Q2,BBG017V3P2Q2,BBG017V3P2R1,1853868,Fervo Energy Co.,United States,United States,USA,USD,http://www.fervoenergy.com,Utilities,Regulated Electric,Energy,Clean Energy / Geothermal,Ordinary Share,2026-05-12,2026-08-10,2026-11-08,,,
OCTV,NASDAQ,NMS,NasdaqGS,Primary,Nasdaq Stockholm (OCTV SDB),2026,IE0003YHD8K8,BBG0219GQBH9,BBG0219GQBH9,BBG0219GQC69,2083632,Octave Intelligence plc,Sweden,United States,SWE,USD,https://www.octave.com,Technology,Software - Application,SaaS,Industrial / Design SaaS,Ordinary Share,,,,,EHS / CAD / ALI,
GMRS,NYSE,NYQ,NYSE,Primary,,2026,US38013D1063,BBG021RYLL92,BBG021RYLL92,BBG021RYLMP2,1898718,GMR Solutions Inc.,United States,United States,USA,USD,https://www.gmr.net,Healthcare,Medical Care Facilities,Healthcare Services,Emergency Medical Services,Ordinary Share,2026-05-12,2026-08-10,2026-11-08,,Patient Transport,
BXDC,NYSE,NYQ,NYSE,Primary,,2026,US09264B1070,BBG021LKSLX4,BBG021LKSLX4,BBG021LKSMZ0,2100161,Blackstone Digital Infrastructure Trust Inc.,United States,United States,USA,USD,https://www.blackstone.com,Real Estate,REIT - Specialty,Real Estate,Data Center REIT,Ordinary Share,2026-05-13,2026-08-11,2026-11-09,,Hyperscale,
SPCX,NASDAQ,NMS,NasdaqGS,Primary,,2026,,BBG000NQF3Z5,BBG000NQF3Z5,BBG001SQPN65,1181412,Space Exploration Technologies Corp.,United States,United States,USA,USD,https://www.spacex.com,Industrials,Aerospace & Defense,Tech,Aerospace & Space,Ordinary Share,2026-06-11,2026-09-09,2026-12-08,,,
INIO,NASDAQ,NMS,NasdaqGS,Primary,Primary listing likely in Germany,2026,,BBG01XNSQ6K5,BBG01XNSQ6K5,BBG01XNSQ6R8,2109150,INNIO Group,Austria,United States,AUT,USD,https://www.innio.com,Industrials,Specialty Industrial Machinery,Energy,Power Generation / Gas Engines,Ordinary Share,2026-06-03,2026-09-01,2026-11-30,,,
QNT,NASDAQ,NMS,NasdaqGS,Primary,,2026,,BBG0226GK954,BBG0226GK954,BBG0226GKB86,2110105,Quantinuum Inc.,United States,United States,USA,USD,https://www.quantinuum.com,Technology,Computer Hardware,Tech,Quantum Computing,Ordinary Share,2026-06-03,2026-09-01,2026-11-30,,,
WOOF,NASDAQ,NMS,NasdaqGS,Primary,,2021,US71601V1052,BBG00YFGTVN8,BBG00YFGTVN8,BBG00YFGTWH3,1826470,"Petco Health and Wellness Company, Inc.",United States,United States,USA,USD,https://corporate.petco.com,Consumer Cyclical,Specialty Retail,Consumer,Animal Health,Ordinary Share,,,,,,
CHWY,NYSE,NYQ,NYSE,Primary,,2019,US16679L1098,BBG00P19DKZ6,BBG00P19DKZ6,BBG00P19DLQ4,1766502,"Chewy, Inc.",United States,United States,USA,USD,https://www.chewy.com,Consumer Cyclical,Specialty Retail,Consumer,Animal Health,Ordinary Share,,,,,,
FRPT,NASDAQ,NGM,NasdaqGM,Primary,,2014,US3580391056,BBG001D0HB36,BBG001D0HB36,BBG001V04FM0,1611647,"Freshpet, Inc.",United States,United States,USA,USD,https://www.freshpet.com,Consumer Defensive,Packaged Foods,Consumer,Animal Health,Ordinary Share,,,,549300S4ZK8ZQ6HNPN59,,
TRUP,NASDAQ,NGM,NasdaqGM,Primary,,2014,US8982021060,BBG002BC7WC5,BBG002BC7WC5,BBG002BC7WF2,1371285,"Trupanion, Inc.",United States,United States,USA,USD,https://www.trupanion.com,Financial Services,Insurance - Specialty,Consumer,Animal Health,Ordinary Share,,,,549300J86GFKIDGMQP18,,
PETS,NASDAQ,NMS,NasdaqGS,Primary,,1999,US7163821066,BBG000BDYQR4,BBG000BDYQR4,BBG001S6TKF1,1040130,"PetMed Express, Inc.",United States,United States,USA,USD,https://www.1800petmeds.com,Healthcare,Medical - Pharmaceuticals,Consumer,Animal Health,Ordinary Share,,,,529900PGHW5ASJ1AZL48,,
CENTA,NASDAQ,NMS,NasdaqGS,Primary,,2007,US1535272058,BBG000KTYB56,BBG000KTYB56,BBG001SLHT35,887733,Central Garden & Pet Company,United States,United States,USA,USD,https://www.central.com,Consumer Defensive,Packaged Foods,Consumer,Animal Health,Ordinary Share,,,,5493004DVZLD37DJ0H83,,
SRTA,NASDAQ,NMS,NasdaqGS,Primary,,2019,US0926671043,BBG00Q3Q29N4,BBG00Q3Q29N4,BBG00Q3Q2BD0,1779128,"Strata Critical Medical, Inc.",United States,United States,USA,USD,http://www.stratacritical.com,Industrials,"Airlines, Airports & Air Services",Healthcare Services,Medical Logistics,Ordinary Share,,,,,,Y
TSM,NYSE,NYQ,NYSE,Primary,Primary listing likely in Taiwan,1997,US8740391003,BBG000BD8ZK0,BBG000BD8ZK0,BBG001S5WWW4,1046179,Taiwan Semiconductor Manufacturing Company Limited,Taiwan,United States,USA,USD,https://www.tsmc.com,Technology,Semiconductors,Tech,,Ordinary Share,,,,549300KB6NK5SBD14S87,,
UBER,NYSE,NYQ,NYSE,Primary,,2019,US90353T1007,BBG002B04MT8,BBG002B04MT8,BBG002B04MW4,1543151,"Uber Technologies, Inc.",United States,United States,USA,USD,https://www.uber.com,Technology,Software - Application,Tech,,Ordinary Share,,,,549300B2FTG34FILDR98,,
MICC,NYSE,NYQ,NYSE,Primary,Primary listing likely in Netherlands,2025,,BBG01YPM2LC6,BBG01YPM2LC6,BBG01TQ4TF76,2071668,The Magnum Ice Cream Company N.V.,Netherlands,United States,USA,USD,https://corporate.magnumicecream.com,Consumer Defensive,Packaged Foods,Consumer,,Ordinary Share,,,,,,
SKHY,NASDAQ,NMS,NasdaqGS,Primary,Primary listing likely in South Korea,2026,US78392B2060,BBG0238L5JS9,BBG0238L5JS9,BBG0238L5M11,2120882,SK hynix Inc.,South Korea,United States,USA,USD,https://www.skhynix.com,Technology,Semiconductors,Tech,Semiconductors / Memory,Ordinary Share,2026-07-09,2026-10-07,2027-01-05,988400XAIK6XISWQV045,,
BSP,NASDAQ,NMS,NasdaqGS,Primary,Primary listing likely in Italy,2026,IT0005717696,BBG0140C2LP7,BBG0140C2LP7,BBG0140C2LQ6,2004711,Bending Spoons S.p.A.,Italy,United States,USA,USD,http://bendingspoons.com,Technology,Software - Application,Tech,Software / Digital Roll-up,Ordinary Share,2026-06-30,2026-09-28,2026-12-27,8156003EE5CFCCBBEB31,,
PBLS,NASDAQ,NMS,NasdaqGS,Primary,,2026,US6989551014,BBG00KXR8FS7,BBG00KXR8FS7,BBG00KXR8FT6,1657677,"Parabilis Medicines, Inc.",United States,United States,USA,USD,http://www.parabilismed.com,Healthcare,Biotechnology,Biopharma,Biotech,Ordinary Share,2026-06-09,2026-09-07,2026-12-06,,,Y
2475.HK,HKEX,HKG,HKSE,Primary,Primary listing likely in China,2026,CNE100007QQ2,BBG023D07GT2,BBG0216P0173,BBG0216P0182,,"Luxshare Precision Industry Co., Ltd.",China,Hong Kong,HKG,HKD,https://www.luxshare-ict.com,Technology,"Hardware, Equipment & Parts",Tech,Consumer Electronics EMS,Ordinary Share,,,,,,
CSQR,NYSE,NYQ,NYSE,Primary,,2026,US22946R1014,BBG02317F9W3,BBG02317F9W3,BBG02317FC01,2105398,Csquare Inc.,United States,United States,USA,USD,http://www.csquare.com,Technology,Information Technology Services,Tech,Data Center / Digital Infrastructure,Ordinary Share,2026-07-15,2026-10-13,2027-01-11,,,
STDN,NYSE,NYQ,NYSE,Primary,,2026,US8536781003,BBG01R01YWF2,BBG01R01YWF2,BBG01R01YWG1,2086716,Standard Nuclear Inc.,United States,United States,USA,USD,http://www.standardnuclear.com,Energy,Uranium,Energy,Nuclear Fuel (TRISO),Ordinary Share,2026-07-15,2026-10-13,2027-01-11,,,
MBGL,NYSE,NYQ,NYSE,Primary,,2026,US60744M1062,BBG022G54330,BBG022G54330,BBG022G54385,2090312,Mobility Global Inc,United States,United States,USA,USD,https://www.mobilityglobal.com,Technology,Software - Infrastructure,Tech,Information Services / Auto Data,Ordinary Share,,,,2549005RG02MFEFPS959,,
RKLB,NASDAQ,NMS,NasdaqGS,Primary,,2020,US7731211089,BBG01V7JN3F3,BBG01V7JN3F3,BBG01V7JN489,1819994,"Rocket Lab USA, Inc.",United States,United States,USA,USD,https://rocketlabcorp.com,Industrials,Aerospace & Defense,Tech,Aerospace & Space,Ordinary Share,,,,254900B4DEYFZJ980A14,,
MANE,NYSE,NYQ,NYSE,Primary,,2026,US9229671048,BBG00Z1S1G39,BBG00Z1S1G39,BBG00Z1S1G48,1827635,"Veradermics, Incorporated",United States,United States,USA,USD,https://www.veradermics.com,Healthcare,Biotechnology,Biopharma,Biotech,Ordinary Share,2026-02-03,2026-05-04,2026-08-02,,,
KARD,NASDAQ,NGM,NasdaqGM,Primary,,2026,US4859251013,BBG01T3TSSM2,BBG01T3TSSM2,BBG01T3TSSN1,2123613,"Kardigan, Inc.",United States,United States,USA,USD,http://www.kardigan.bio,Healthcare,Biotechnology,Biopharma,Biotech,Ordinary Share,2026-06-17,2026-09-15,2026-12-14,,,Y
MWH,NASDAQ,NMS,NasdaqGS,Primary,,2026,US78475V1035,BBG01ZPFR6N2,BBG01ZPFR6N2,BBG01ZPFR7L2,2065636,"SOLV Energy, Inc.",United States,United States,USA,USD,https://www.solvenergy.com,Utilities,Utilities - Renewable,Energy,Renewables (Solar/Storage EPC),Ordinary Share,2026-02-10,2026-05-11,2026-08-09,,,
SNDK,NASDAQ,NMS,NasdaqGS,Primary,,2025,US80004C2008,BBG01R388JG1,BBG01R388JG1,BBG01R388JK6,2023554,Sandisk Corporation,United States,United States,USA,USD,http://www.sandisk.com,Technology,Computer Hardware,Tech,Semiconductors / Memory,Ordinary Share,,,,,,
FPS,NYSE,NYQ,NYSE,Primary,,2026,US34631F1021,BBG01ZJ9DR98,BBG01ZJ9DR98,BBG01ZJ9DSC2,2080126,"Forgent Power Solutions, Inc.",United States,United States,USA,USD,https://www.forgentpower.com,Industrials,Electrical Equipment & Parts,Industrials,Electrical Equipment,Ordinary Share,2026-02-04,2026-05-05,2026-08-03,,,
688825.SS,Shanghai STAR,SHH,Shanghai,Primary,,2026,,BBG00Y4ZCW72,BBG00Y4ZCW72,BBG00Y4ZCWN4,,CXMT Corp.,China,China,CHN,CNY,http://www.cxmt.com/en,Technology,Semiconductors,Tech,Semiconductors / Memory,,,,,,,
APMD,NASDAQ,NMS,NasdaqGS,Primary,,2026,US03770Y1073,BBG023ML25G9,BBG023ML25G9,BBG023ML26P7,1745648,"Apnimed, Inc.",United States,United States,USA,USD,https://apnimed.com,Healthcare,Biotechnology,Biopharma,Sleep,,2026-07-30,2026-10-28,2027-01-26,,,Y
MU,NASDAQ,NMS,NasdaqGS,Primary,,1984,US5951121038,BBG000C5Z1S3,BBG000C5Z1S3,BBG001S6P675,723125,"Micron Technology, Inc.",United States,United States,USA,USD,https://www.micron.com,Technology,Semiconductors,Tech,Semiconductors / Memory,,,,,B3DXGBC8GAIYWI2Z0172,,
AAPG,NASDAQ,NGM,NasdaqGM,ADR/Cross-listed,Primary listing likely in China,2025,,BBG01RJXM9C9,BBG01RJXM9C9,BBG01RJXMB89,2023311,Ascentage Pharma Group International,China,United States,USA,USD,https://www.ascentage.cn,Healthcare,Biotechnology,Biopharma,Biotech,,,,,,,
ABVC,NASDAQ,NCM,NasdaqCM,Primary,,2004,US00091F3047,BBG000Q844Z2,BBG000Q844Z2,BBG001SMCS49,1173313,"ABVC BioPharma, Inc.",United States,United States,USA,USD,https://www.abvcpharma.com,Healthcare,Biotechnology,Biopharma,Biotech,,,,,,,
ABVX,NASDAQ,NGM,NasdaqGM,ADR/Cross-listed,Primary listing likely in France,2023,US00370M1036,BBG01JLQNZ03,BBG01JLQNZ03,BBG01JLQNZV9,1956827,Abivax S.A.,France,United States,USA,USD,https://www.abivax.com,Healthcare,Biotechnology,Biopharma,Biotech,,,,,,,
ACB,NASDAQ,NCM,NasdaqCM,ADR/Cross-listed,Primary listing likely in Canada,2014,,BBG006SCSYG7,BBG006SCSYG7,BBG001SV77D1,1683541,Aurora Cannabis Inc.,Canada,United States,USA,USD,https://www.auroramj.com,Healthcare,Drug Manufacturers - Specialty & Generic,Biopharma,Specialty & Generic Pharma,,,,,,,
ACOG,NASDAQ,NCM,NasdaqCM,Primary,,2024,CA02074J5017,BBG011CJPRD0,BBG011CJPRD0,BBG00L7TXNM1,1655923,Alpha Cognition Inc,United States,United States,USA,USD,https://www.alphacognition.com,Healthcare,Biotechnology,Biopharma,Biotech,,,,,,,
ACTU,NASDAQ,NGM,NasdaqGM,Primary,,2024,US0050831009,BBG00NK7LK03,BBG00NK7LK03,BBG00NK7LK12,1652935,Actuate Therapeutics Inc,United States,United States,USA,USD,https://actuatetherapeutics.com,Healthcare,Biotechnology,Biopharma,Biotech,,,,,,,
ACXP,NASDAQ,NCM,NasdaqCM,Primary,,2021,US00510M2035,BBG01184DNJ4,BBG01184DNJ4,BBG01184DNK2,1736243,"Acurx Pharmaceuticals, Inc.",United States,United States,USA,USD,https://www.acurxpharma.com,Healthcare,Biotechnology,Biopharma,Biotech,,,,,5493006KI0IEUHE1UK56,,
AGMB,NASDAQ,NMS,NasdaqGS,ADR/Cross-listed,Primary listing likely in Belgium,2026,,BBG01ZPFZLR6,BBG01ZPFZLR6,BBG01ZPFZNN6,2020932,AgomAb Therapeutics N.V. American Depositary Shares,Belgium,United States,USA,USD,https://www.agomab.com,Healthcare,Biotechnology,Biopharma,Biotech,,2026-02-05,2026-05-06,2026-08-04,,,
AIMD,NASDAQ,NCM,NasdaqCM,Primary,,2021,US00902F4028,BBG000H6PLR4,BBG000H6PLR4,BBG001S965R0,1014763,"Ainos, Inc.",United States,United States,USA,USD,https://www.ainos.com,Technology,Scientific & Technical Instruments,Biopharma,Biotech,,,,,549300AX97HS3UDQ2Y10,,
AIXC,NASDAQ,NCM,NasdaqCM,Primary,,2015,,BBG008D03RS4,BBG008D03RS4,BBG008D03RT3,1460702,"AIxCrypto Holdings, Inc.",United States,United States,USA,USD,https://www.aixcrypto.ai,Technology,Software - Infrastructure,Biopharma,Specialty & Generic Pharma,,,,,,,
AKAN,NASDAQ,NCM,NasdaqCM,ADR/Cross-listed,Primary listing likely in Canada,2022,CA00971M7008,BBG013GQ5XT8,BBG013GQ5XT8,BBG013GQ5XV5,1888014,Akanda Corp.,Canada,United States,USA,USD,https://www.akandacorp.com,Healthcare,Drug Manufacturers - Specialty & Generic,Biopharma,Specialty & Generic Pharma,,,,,,,
AKTX,NASDAQ,NCM,NasdaqCM,Primary,,2014,US00972G4055,BBG003PMV495,BBG003PMV495,BBG003PMV510,1541157,"Akari Therapeutics, Plc",United States,United States,USA,USD,https://www.akaritx.com,Healthcare,Biotechnology,Biopharma,Biotech,,,,,2138001XURASAU3MEB68,,
ALGS,NASDAQ,NCM,NasdaqCM,Primary,,2020,US01626L2043,BBG00QX7QH68,BBG00QX7QH68,BBG00QX7QH77,1799448,"Aligos Therapeutics, Inc.",United States,United States,USA,USD,https://www.aligos.com,Healthcare,Biotechnology,Biopharma,Biotech,,,,,549300UU2UJIKJYX0S67,,
ALLR,NASDAQ,NCM,NasdaqCM,Primary,,2021,US0167445008,BBG012NXCZP8,BBG012NXCZP8,BBG012NXCZQ7,1860657,"Allarity Therapeutics, Inc.",United States,United States,USA,USD,https://www.allarity.com,Healthcare,Biotechnology,Biopharma,Biotech,,,,,,,
ALPS,NASDAQ,NGM,NasdaqGM,,,2025,KYG0231P1081,BBG0151PS6S6,BBG0151PS6S6,BBG0151PS6V2,2025774,Alps Group Inc,,United States,USA,USD,,,,Biopharma,Biotech,,,,,529900TD0MG2V2GGRC41,,
ALZN,NASDAQ,NCM,NasdaqCM,Primary,,2021,US02262M6057,BBG00ZMXG7M8,BBG00ZMXG7M8,BBG00ZMXG7N7,1677077,Alzamend Neuro Inc,United States,United States,USA,USD,https://www.alzamend.com,Healthcare,Biotechnology,Biopharma,Biotech,,,,,549300W6G6EUO4ZRIB82,,
APLM,NASDAQ,NCM,NasdaqCM,Primary,,2021,,BBG00DQ8QDQ0,BBG00DQ8QDQ0,BBG00DQ8QDR9,1944885,"Apollomics, Inc.",United States,United States,USA,USD,https://www.apollomicsinc.com,Healthcare,Biotechnology,Biopharma,Biotech,,,,,,,
APUS,NYSE American,ASE,NYSE American,Primary,,2025,US03771D2018,BBG01Q0T3D78,BBG01Q0T3D78,BBG01Q0T3FL7,1894525,"Apimeds Pharmaceuticals US, Inc",United States,United States,USA,USD,https://www.mindwavedao.com,Healthcare,Drug Manufacturers - Specialty & Generic,Biopharma,Biotech,,,,,,,
APVO,NASDAQ,NCM,NasdaqCM,Primary,,2016,US03835L7029,BBG009RRZ8C2,BBG009RRZ8C2,BBG009RRZ8D1,1671584,Aptevo Therapeutics Inc.,United States,United States,USA,USD,https://aptevotherapeutics.com,Healthcare,Biotechnology,Biopharma,Biotech,,,,,529900UTQOXOZBMZFN24,,
ARTL,NASDAQ,NCM,NasdaqCM,Primary,,2019,US04301G7060,BBG00793XCW0,BBG00793XCW0,BBG00793XCX9,1621221,"Artelo Biosciences, Inc.",United States,United States,USA,USD,https://artelobio.com,Healthcare,Biotechnology,Biopharma,Biotech,,,,,,,
ASBP,NASDAQ,NCM,NasdaqCM,Primary,,2022,US7389203057,BBG015STV133,BBG015STV133,BBG015STV142,1847345,"Aspire Biopharma Holdings, Inc.",United States,United States,USA,USD,https://aspirebiolabs.com,Healthcare,Biotechnology,Biopharma,Biotech,,,,,529900UC0AFER5IEH285,,
ASMB,NASDAQ,NMS,NasdaqGS,Primary,,2010,,BBG000R62Q06,BBG000R62Q06,BBG001T9BMW0,1426800,"Assembly Biosciences, Inc.",United States,United States,USA,USD,https://www.assemblybio.com,Healthcare,Biotechnology,Biopharma,Biotech,,,,,,,
ATHE,NASDAQ,NCM,NasdaqCM,ADR/Cross-listed,Primary listing likely in Australia,2003,,BBG000DK9TP0,BBG000DK9TP0,BBG001SHP8H6,1131343,Alterity Therapeutics Limited,Australia,United States,USA,USD,https://alteritytherapeutics.com,Healthcare,Biotechnology,Biopharma,Biotech,,,,,,,
ATTO,NASDAQ,NGM,NasdaqGM,Primary,,2026,US04987L1026,BBG01H3TV5J8,BBG01H3TV5J8,BBG01H3TV5L5,2058707,"Attovia Therapeutics, Inc.",United States,United States,USA,USD,https://www.attovia.com,Healthcare,Biotechnology,Biopharma,Biotech,,,,,,,
AVLN,NASDAQ,NMS,NasdaqGS,Primary,,2026,US05348Y1055,BBG003M9S3Z4,BBG003M9S3Z4,BBG003M9S400,1540171,Avalyn Pharma Inc. Common Stock,United States,United States,USA,USD,https://www.avalynpharma.com,Healthcare,Biotechnology,Biopharma,Biotech,,2026-04-29,2026-07-28,2026-10-26,,,
AVTX,NASDAQ,NCM,NasdaqCM,Primary,,2015,US05338F3064,BBG001QHW0Y8,BBG001QHW0Y8,BBG001V1GPQ9,1534120,"Avalo Therapeutics, Inc.",United States,United States,USA,USD,https://www.avalotx.com,Healthcare,Biotechnology,Biopharma,Biotech,,,,,549300GPK6FPJ3X8SZ39,,
AXSM,NASDAQ,NGM,NasdaqGM,Primary,,2015,US05464T1043,BBG00B6G7GL7,BBG00B6G7GL7,BBG00B6G7GM6,1579428,"Axsome Therapeutics, Inc.",United States,United States,USA,USD,https://www.axsome.com,Healthcare,Biotechnology,Biopharma,Biotech,,,,,549300EXGR0XLRJEIB95,,
BBLG,NASDAQ,NCM,NasdaqCM,Primary,,2021,US0980706008,BBG007GF2K51,BBG007GF2K51,BBG007GF2K79,1419554,Bone Biologics Corporation,United States,United States,USA,USD,https://www.bonebiologics.com,Healthcare,Biotechnology,Biopharma,Biotech,,,,,,,
BBOT,NASDAQ,NGM,NasdaqGM,Primary,,2024,US1079241022,BBG01L3GYF02,BBG01L3GYF02,BBG01L3GYF11,1869105,BridgeBio Oncology Therapeutics Inc.,United States,United States,USA,USD,https://bbotx.com,Healthcare,Biotechnology,Biopharma,Biotech,,,,,,,
BCDA,NASDAQ,NCM,NasdaqCM,Primary,,,US09060U6064,BBG000BTJTF3,BBG000BTJTF3,BBG001S72MS0,925741,"BioCardia, Inc.",United States,United States,USA,USD,https://www.biocardia.com,Healthcare,Biotechnology,Biopharma,Biotech,,,,,5493003EDBXRQRW22O75,,
BCTX,NASDAQ,NCM,NasdaqCM,ADR/Cross-listed,Primary listing likely in Canada,2012,CA1079303071,BBG0018783B6,BBG0018783B6,BBG001SMHR46,1610820,BriaCell Therapeutics Corp.,Canada,United States,USA,USD,https://briacell.com,Healthcare,Biotechnology,Biopharma,Biotech,,,,,,,
BDRX,NASDAQ,NCM,NasdaqCM,ADR/Cross-listed,Primary listing likely in United Kingdom,2015,US59564R8723,BBG00BLVW2R4,BBG00BLVW2R4,BBG00BLVW3G4,1643918,Biodexa Pharmaceuticals Plc,United Kingdom,United States,USA,USD,https://www.biodexapharma.com,Healthcare,Biotechnology,Biopharma,Biotech,,,,,549300GKR2G40H3QFY57,,
BDTX,NASDAQ,NMS,NasdaqGS,Primary,,2020,US09203E1055,BBG00MS4Y0W9,BBG00MS4Y0W9,BBG00MS4Y0X8,1701541,"Black Diamond Therapeutics, Inc.",United States,United States,USA,USD,https://www.blackdiamondtherapeutics.com,Healthcare,Biotechnology,Biopharma,Biotech,,,,,,,
BGM,NASDAQ,NCM,NasdaqCM,ADR/Cross-listed,Primary listing likely in China,2021,KYG7307E1237,BBG00QRWPVY9,BBG00QRWPVY9,BBG00QRWPWR5,1779578,BGM Group Ltd.,China,United States,USA,USD,https://www.bgmgroupltd.com,Healthcare,Drug Manufacturers - Specialty & Generic,Biopharma,Specialty & Generic Pharma,,,,,,,
BGMS,NASDAQ,NCM,NasdaqCM,ADR/Cross-listed,Primary listing likely in Malaysia,2004,,BBG000CT3XM2,BBG000CT3XM2,BBG001SGNL18,1130166,"Bio Green Med Solution, Inc.",Malaysia,United States,USA,USD,https://bgmsglobal.com,Industrials,Building Products & Equipment,Biopharma,Specialty & Generic Pharma,,,,,,,
BIOT,NASDAQ,NGM,NasdaqGM,ADR/Cross-listed,Primary listing likely in Japan,2026,KYG4860C1078,BBG023YGNVV0,BBG023YGNVV0,BBG023YGNX91,2072188,Instinct Bio Technical Co. Holdings Inc.,Japan,United States,USA,USD,https://instinct-biot.com,Consumer Defensive,Household & Personal Products,Biopharma,Biotech,,,,,,,
BIOTW,NASDAQ,NGM,NasdaqGM,ADR/Cross-listed,Primary listing likely in Japan,,,BBG023YHRFY6,BBG023YHRFY6,,2072188,Instinct Bio Technical Company Holdings Inc. Warrants,Japan,United States,USA,USD,https://instinct-biot.com,,,Biopharma,Biotech,,,,,,,
BIVI,NASDAQ,NCM,NasdaqCM,Primary,,2020,,BBG00548BTD6,BBG00548BTD6,BBG00548BTF4,1580149,BioVie Inc.,United States,United States,USA,USD,https://bioviepharma.com,Healthcare,Biotechnology,Biopharma,Biotech,,,,,,,
BMEA,NASDAQ,NMS,NasdaqGS,Primary,,2021,US09077A1060,BBG00YS4WDC9,BBG00YS4WDC9,BBG00YS4WDD8,1840439,"Biomea Fusion, Inc.",United States,United States,USA,USD,https://biomeafusion.com,Healthcare,Biotechnology,Biopharma,Biotech,,,,,,,
BOLT,NASDAQ,NCM,NasdaqCM,Primary,,2021,US0977022039,BBG00N8MY5V9,BBG00N8MY5V9,BBG00N8MY5W8,1641281,"Bolt Biotherapeutics, Inc.",United States,United States,USA,USD,https://www.boltbio.com,Healthcare,Biotechnology,Biopharma,Biotech,,,,,254900W0P77PQ6B8OY50,,
BRTX,NASDAQ,NCM,NasdaqCM,Primary,,2012,US0906556065,BBG000BNB165,BBG000BNB165,BBG001S90FP6,1505497,"BioRestorative Therapies, Inc.",United States,United States,USA,USD,https://www.biorestorative.com,Healthcare,Biotechnology,Biopharma,Biotech,,,,,549300I1PJXVT7ISIV91,,
BRVE,NASDAQ,NGM,NasdaqGM,Primary,,2026,US10567X1019,BBG01YCFNLC2,BBG01YCFNLC2,BBG01YCFNLV1,2131524,"Braveheart Bio, Inc.",United States,United States,USA,USD,https://www.braveheart.bio,Healthcare,Biotechnology,Biopharma,Biotech,,,,,,,
CADL,NASDAQ,NGM,NasdaqGM,Primary,,2021,US1374041093,BBG00N0D4Z71,BBG00N0D4Z71,BBG00N0D4Z80,1841387,"Candel Therapeutics, Inc.",United States,United States,USA,USD,https://www.candeltx.com,Healthcare,Biotechnology,Biopharma,Biotech,,,,,,,
CALC,NASDAQ,NCM,NasdaqCM,Primary,,2023,US38942Q2021,BBG0088HHJ97,BBG0088HHJ97,BBG0088HHJB4,1534133,"CalciMedica, Inc.",United States,United States,USA,USD,https://calcimedica.com,Healthcare,Biotechnology,Biopharma,Biotech,,,,,,,
CBUS,NASDAQ,NCM,NasdaqCM,Primary,,2017,US17166A1016,BBG00H1CJS11,BBG00H1CJS11,BBG00H1CJSR3,1705843,"Cibus, Inc.",United States,United States,USA,USD,https://www.cibus.com,Healthcare,Biotechnology,Biopharma,Biotech,,,,,,,
CDIO,NASDAQ,NCM,NasdaqCM,Primary,,2022,US14159C2026,BBG013P0VV65,BBG013P0VV65,BBG013P0VV74,1870144,"Cardio Diagnostics Holdings, Inc.",United States,United States,USA,USD,https://cdio.ai,Healthcare,Biotechnology,Biopharma,Biotech,,,,,529900E3UWQ6LHYRCK14,,
CDT,NASDAQ,NCM,NasdaqCM,Primary,,2022,US20678X6013,BBG015879ML2,BBG015879ML2,BBG015879NG6,1896212,CDT Equity Inc.,United States,United States,USA,USD,https://www.cdtequity.com,Healthcare,Biotechnology,Biopharma,Biotech,,,,,,,
CELC,NASDAQ,NCM,NasdaqCM,Primary,,2017,US15102K1007,BBG00HKBW045,BBG00HKBW045,BBG00HKBW054,1603454,Celcuity Inc.,United States,United States,USA,USD,https://www.celcuity.com,Healthcare,Biotechnology,Biopharma,Biotech,,,,,,,
CELZ,NASDAQ,NCM,NasdaqCM,Primary,,2015,US22529Y4089,BBG000BCFRJ4,BBG000BCFRJ4,BBG001S924N1,1187953,"Creative Medical Technology Holdings, Inc.",United States,United States,USA,USD,https://www.creativemedicaltechnology.com,Healthcare,Biotechnology,Biopharma,Biotech,,,,,,,
CGC,NASDAQ,NMS,NasdaqGS,ADR/Cross-listed,Primary listing likely in Canada,2014,,BBG0069FB082,BBG0069FB082,BBG001T6MH82,1737927,Canopy Growth Corporation,Canada,United States,USA,USD,https://www.canopygrowth.com,Healthcare,Drug Manufacturers - Specialty & Generic,Biopharma,Specialty & Generic Pharma,,,,,,,
CGEN,NASDAQ,NCM,NasdaqCM,ADR/Cross-listed,Primary listing likely in Israel,,IL0010852080,BBG000B9ZLB0,BBG000B9ZLB0,BBG001S5PQC7,1119774,Compugen Ltd.,Israel,United States,USA,USD,https://cgen.com,Healthcare,Biotechnology,Biopharma,Biotech,,,,,,,
CGTX,NASDAQ,NCM,NasdaqCM,Primary,,2021,US19243B1026,BBG001J2P8S7,BBG001J2P8S7,BBG001V0GFB9,1455365,"Cognition Therapeutics, Inc.",United States,United States,USA,USD,https://www.cogrx.com,Healthcare,Biotechnology,Biopharma,Biotech,,,,,,,
CIRC,NASDAQ,NGM,NasdaqGM,Primary,,2021,,BBG0074P1FJ9,BBG0074P1FJ9,BBG0074P1FK7,1605888,"Circle8 Group, Inc.",United States,United States,USA,USD,https://www.circle8group.com,Industrials,Staffing & Employment Services,Biopharma,Specialty & Generic Pharma,,,,,,,
CLDI,NYSE American,ASE,NYSE American,Primary,,2021,US3207035078,BBG012QFCL84,BBG012QFCL84,BBG012QFCL93,1855485,"Calidi Biotherapeutics, Inc.",United States,United States,USA,USD,https://www.calidibio.com,Healthcare,Biotechnology,Biopharma,Biotech,,,,,,,
CLGN,NASDAQ,NCM,NasdaqCM,ADR/Cross-listed,Primary listing likely in Israel,2018,,BBG008754R36,BBG008754R36,BBG008754SP0,1631487,CollPlant Biotechnologies Ltd.,Israel,United States,USA,USD,https://collplant.com,Healthcare,Biotechnology,Biopharma,Biotech,,,,,,,
CLNN,NASDAQ,NCM,NasdaqCM,Primary,,2018,US1856342019,BBG00X3GTK66,BBG00X3GTK66,BBG00X3GTK84,1822791,Clene Inc.,United States,United States,USA,USD,https://clene.com,Consumer Defensive,Packaged Foods,Biopharma,Biotech,,,,,,,
CLRB,NASDAQ,NCM,NasdaqCM,Primary,,2005,US15117F8804,BBG000G9WFQ5,BBG000G9WFQ5,BBG001SNWCK2,1279704,"Cellectar Biosciences, Inc.",United States,United States,USA,USD,https://www.cellectar.com,Healthcare,Biotechnology,Biopharma,Biotech,,,,,5493000NFZCRG7BYQV93,,
CLYM,NASDAQ,NGM,NasdaqGM,Primary,,2021,,BBG00ZNKL0K6,BBG00ZNKL0K6,BBG00ZNKL0L5,1768446,"Climb Bio, Inc.",United States,United States,USA,USD,https://climbbio.com,Healthcare,Biotechnology,Biopharma,Biotech,,,,,,,
CMMB,NASDAQ,NCM,NasdaqCM,ADR/Cross-listed,Primary listing likely in Israel,2019,US16385C2035,BBG00N0PMGK1,BBG00N0PMGK1,BBG00N0PMH92,1534248,Chemomab Therapeutics Ltd.,Israel,United States,USA,USD,https://www.chemomab.com,Healthcare,Biotechnology,Biopharma,Biotech,,,,,,,
CMND,NASDAQ,NCM,NasdaqCM,ADR/Cross-listed,Primary listing likely in Canada,2022,CA1850536006,BBG01237P3C8,BBG01237P3C8,BBG00KWY2X19,1892500,Clearmind Medicine Inc.,Canada,United States,USA,USD,https://www.clearmindmedicine.com,Healthcare,Biotechnology,Biopharma,Biotech,,,,,,,
CMPS,NASDAQ,NMS,NasdaqGS,ADR/Cross-listed,Primary listing likely in United Kingdom,2020,,BBG00X0VY2N1,BBG00X0VY2N1,BBG00X0VY3F8,1816590,COMPASS Pathways plc,United Kingdom,United States,USA,USD,https://compasspathways.com,Healthcare,Medical Care Facilities,Biopharma,Biotech,,,,,,,
CNSP,NASDAQ,NCM,NasdaqCM,Primary,,2019,US18978H5081,BBG00PM24T16,BBG00PM24T16,BBG00PM24TS7,1729427,"CNS Pharmaceuticals, Inc.",United States,United States,USA,USD,https://cnspharma.com,Healthcare,Biotechnology,Biopharma,Biotech,,,,,529900FDJ7WGF2Q7UN44,,
CNSY,NASDAQ,NGM,NasdaqGM,Primary,,,US72941H8060,BBG000C1Z086,BBG000C1Z086,BBG001SFQL35,1095981,"Cerenome, Inc.",United States,United States,USA,USD,https://cerenome.com,Healthcare,Biotechnology,Biopharma,Specialty & Generic Pharma,,,,,549300XD2PHUC73HMY31,,
CNTB,NASDAQ,NGM,NasdaqGM,Primary,,2021,KYG235491019,BBG00ZGYNJ49,BBG00ZGYNJ49,BBG00ZGYNJZ5,1835268,Connect Biopharma Holdings Limited,United States,United States,USA,USD,https://www.connectbiopharm.com,Healthcare,Biotechnology,Biopharma,Biotech,,,,,,,
CNXU,NASDAQ,NCM,NasdaqCM,Primary,,2026,US20715F1003,BBG0200TPJ04,BBG0200TPJ04,BBG0200TPK10,2066836,Conexeu Sciences Inc.,United States,United States,USA,USD,https://www.conexeu.com,Healthcare,Biotechnology,Biopharma,Biotech,,,,,,,
COAG,NASDAQ,NMS,NasdaqGS,Primary,,2026,US4234941031,BBG021LKFW00,BBG021LKFW00,BBG021LKFWY3,2114044,"Hemab Therapeutics Holdings, Inc. Common Stock",United States,United States,USA,USD,https://www.hemab.com,Healthcare,Biotechnology,Biopharma,Biotech,,2026-04-30,2026-07-29,2026-10-27,,,
CODX,NASDAQ,NCM,NasdaqCM,Primary,,2017,US1897632048,BBG004HTR2D1,BBG004HTR2D1,BBG004HTR2F9,1692415,"Co-Diagnostics, Inc.",United States,United States,USA,USD,https://co-dx.com,Healthcare,Medical Devices,Biopharma,Biotech,,,,,549300Z1JPESYWFM1R93,,
COSM,NASDAQ,NCM,NasdaqCM,ADR/Cross-listed,Primary listing likely in Greece,2010,US2214133058,BBG000QXZGP7,BBG000QXZGP7,BBG001T8QZQ4,1474167,Cosmos Health Inc.,Greece,United States,USA,USD,https://www.cosmoshealthinc.com,Healthcare,Medical Distribution,Biopharma,Specialty & Generic Pharma,,,,,549300NN5KFIEHPECJ85,,
CPHI,NYSE American,ASE,NYSE American,ADR/Cross-listed,Primary listing likely in China,2002,US16941T4013,BBG000MQB9Q7,BBG000MQB9Q7,BBG001SKGJF7,1106644,"China Pharma Holdings, Inc.",China,United States,USA,USD,https://www.chinapharmaholdings.com,Healthcare,Drug Manufacturers - Specialty & Generic,Biopharma,Specialty & Generic Pharma,,,,,529900B3Q0CRC8OASE20,,
CPIX,NASDAQ,NMS,NasdaqGS,Primary,,2009,US2307701092,BBG000R93GV7,BBG000R93GV7,BBG001STBRH3,1087294,Cumberland Pharmaceuticals Inc.,United States,United States,USA,USD,https://www.cumberlandpharma.com,Healthcare,Drug Manufacturers - Specialty & Generic,Biopharma,Specialty & Generic Pharma,,,,,,,
CRBU,NASDAQ,NMS,NasdaqGS,Primary,,2021,US1420381089,BBG008G28LJ5,BBG008G28LJ5,BBG008G28LH7,1619856,"Caribou Biosciences, Inc.",United States,United States,USA,USD,https://cariboubio.com,Healthcare,Biotechnology,Biopharma,Biotech,,,,,,,
CRDF,NASDAQ,NCM,NasdaqCM,Primary,,2004,US14147L1089,BBG000PXLKM7,BBG000PXLKM7,BBG001SLWWP7,1213037,"Cardiff Oncology, Inc.",United States,United States,USA,USD,https://www.cardiffoncology.com,Healthcare,Biotechnology,Biopharma,Biotech,,,,,549300AHOLZBHHYFWP04,,
CRDL,NASDAQ,NCM,NasdaqCM,ADR/Cross-listed,Primary listing likely in Canada,2019,CA14161Y2006,BBG00N2N8310,BBG00N2N8310,BBG00M0GNQ75,1702123,Cardiol Therapeutics Inc.,Canada,United States,USA,USD,https://www.cardiolrx.com,Healthcare,Drug Manufacturers - Specialty & Generic,Biopharma,Specialty & Generic Pharma,,,,,,,
CRON,NASDAQ,NGM,NasdaqGM,ADR/Cross-listed,Primary listing likely in Canada,2018,,BBG00D1PMS80,BBG00D1PMS80,BBG006G267X6,1656472,Cronos Group Inc.,Canada,United States,USA,USD,https://thecronosgroup.com,Healthcare,Drug Manufacturers - Specialty & Generic,Biopharma,Specialty & Generic Pharma,,,,,,,
CSBR,NASDAQ,NCM,NasdaqCM,Primary,,2007,US15870P3073,BBG000BYGPJ9,BBG000BYGPJ9,BBG001S5YHT9,771856,"Champions Oncology, Inc.",United States,United States,USA,USD,https://www.championsoncology.com,Healthcare,Biotechnology,Biopharma,Biotech,,,,,549300O8WKLP8QEG5U47,,
CTOR,NASDAQ,NCM,NasdaqCM,Primary,,2022,US17331Y1091,BBG01163HKY3,BBG01163HKY3,BBG01163HLS8,1851484,"Citius Oncology, Inc.",United States,United States,USA,USD,https://citiusonc.com/overview/default.aspx,Healthcare,Drug Manufacturers - Specialty & Generic,Biopharma,Specialty & Generic Pharma,,,,,,,
CUPR,NASDAQ,NCM,NasdaqCM,ADR/Cross-listed,Primary listing likely in Singapore,2025,KYG2592E1109,BBG01LW6FTB1,BBG01LW6FTB1,BBG01LW6FVX2,1995704,Cuprina Holdings (Cayman) Limited Class A Ordinary Shares,Singapore,United States,USA,USD,https://www.cuprina.com.sg,Healthcare,Medical Instruments & Supplies,Biopharma,Biotech,,,,,,,
CURX,NASDAQ,NCM,NasdaqCM,Primary,,2025,US23126K1060,BBG01QB818N7,BBG01QB818N7,BBG01QB818P5,2025942,Curanex Pharmaceuticals Inc Common Stock,United States,United States,USA,USD,https://www.curanexpharma.com,Healthcare,Biotechnology,Biopharma,Biotech,,,,,,,
CYPH,NASDAQ,NCM,NasdaqCM,Primary,,2017,,BBG00DQ929W6,BBG00DQ929W6,BBG00DQ929Z3,1509745,Cypherpunk Technologies Inc.,United States,United States,USA,USD,https://www.cypherpunk.com,Financial Services,Asset Management,Biopharma,Biotech,,,,,,,
DCOY,NASDAQ,NCM,NasdaqCM,Primary,,2015,US79400X6022,BBG00740LLD5,BBG00740LLD5,BBG00740LLF3,1615219,Decoy Therapeutics Inc.,United States,United States,USA,USD,https://decoytx.com,Healthcare,Biotechnology,Biopharma,Biotech,,,,,549300CLUMLZXIHU7X22,,
DFTX,NASDAQ,NMS,NasdaqGS,Primary,,2016,CA24477V1058,BBG00F13HYQ7,BBG00F13HYQ7,BBG001TCSL84,1813814,"Definium Therapeutics, Inc.",United States,United States,USA,USD,https://definiumtx.com,Healthcare,Biotechnology,Biopharma,Biotech,,,,,,,
DMAC,NASDAQ,NCM,NasdaqCM,Primary,,2012,CA25253X2077,BBG000LP4YD7,BBG000LP4YD7,BBG001SQ3K65,1401040,DiaMedica Therapeutics Inc.,United States,United States,USA,USD,https://www.diamedica.com,Healthcare,Biotechnology,Biopharma,Biotech,,,,,,,
DMRA,NASDAQ,NCM,NasdaqCM,Primary,,2020,KYG2646Y1044,BBG00XMLGWC5,BBG00XMLGWC5,BBG00XMLGWD4,1800315,"Damora Therapeutics, Inc.",United States,United States,USA,USD,https://www.damoratx.com,Healthcare,Biotechnology,Biopharma,Biotech,,,,,,,
DNTH,NASDAQ,NCM,NasdaqCM,Primary,,2018,US2528281080,BBG00FB2NPZ0,BBG00FB2NPZ0,BBG00FB2NQ15,1690585,"Dianthus Therapeutics, Inc.",United States,United States,USA,USD,https://dianthustx.com,Healthcare,Biotechnology,Biopharma,Biotech,,,,,549300Z3N6ODPCOFC890,,
DRMA,NASDAQ,NCM,NasdaqCM,Primary,,2021,US2498455045,BBG011DJT0X2,BBG011DJT0X2,BBG011DJT0Y1,1853816,"Dermata Therapeutics, Inc.",United States,United States,USA,USD,https://www.dermatarx.com,Healthcare,Biotechnology,Biopharma,Biotech,,,,,,,
DWTX,NASDAQ,NCM,NasdaqCM,Primary,,2020,,BBG00X0SZKJ2,BBG00X0SZKJ2,BBG00X0SZLB8,1818844,"Dogwood Therapeutics, Inc.",United States,United States,USA,USD,https://dwtx.com,Healthcare,Biotechnology,Biopharma,Biotech,,,,,,,
DYAI,NASDAQ,NCM,NasdaqCM,Primary,,2008,US26745T1016,BBG000L276R1,BBG000L276R1,BBG001SJV0D6,1213809,"Dyadic International, Inc.",United States,United States,USA,USD,https://www.dyadic.com,Healthcare,Biotechnology,Biopharma,Biotech,,,,,,,
EDSA,NASDAQ,NCM,NasdaqCM,ADR/Cross-listed,Primary listing likely in Canada,2010,CA27966L3065,BBG000R0LC72,BBG000R0LC72,BBG001SPM284,1540159,"Edesa Biotech, Inc.",Canada,United States,USA,USD,https://www.edesabiotech.com,Healthcare,Biotechnology,Biopharma,Biotech,,,,,,,
ELAB,NASDAQ,NCM,NasdaqCM,Primary,,2023,US73017P5089,BBG01JLC7VG4,BBG01JLC7VG4,BBG01JLC7VH3,1840563,PMGC Holdings Inc.,United States,United States,USA,USD,https://pmgcholdings.com,Healthcare,Biotechnology,Biopharma,Biotech,,,,,,,
ELOX,NASDAQ,NCM,NasdaqCM,Primary,,2026,US29014R3012,BBG000BGGWS3,BBG000BGGWS3,BBG001S799Q4,1035354,"Eloxx Pharmaceuticals, Inc.",United States,United States,USA,USD,https://www.eloxxpharma.com,Healthcare,Biotechnology,Biopharma,Biotech,,,,,549300UB28QGWJMFFA11,,
ELTX,NASDAQ,NCM,NasdaqCM,Primary,,2021,US28657F1030,BBG00444GM02,BBG00444GM02,BBG00444GM11,1601485,"Elicio Therapeutics, Inc.",United States,United States,USA,USD,https://elicio.com,Healthcare,Biotechnology,Biopharma,Biotech,,,,,254900EE2QKYD5SGI956,,
ELUT,NASDAQ,NCM,NasdaqCM,Primary,,2020,,BBG00BRBB838,BBG00BRBB838,BBG00BRBB847,1708527,Elutia Inc,United States,United States,USA,USD,https://elutia.com,Healthcare,Medical Devices,Biopharma,Biotech,,,,,,,
EMBC,NASDAQ,NMS,NasdaqGS,Primary,,2022,US29082K1051,BBG014L7D4G1,BBG014L7D4G1,BBG014L7D4H0,1872789,Embecta Corp.,United States,United States,USA,USD,https://www.embecta.com,Healthcare,Medical Instruments & Supplies,Biopharma,Specialty & Generic Pharma,,,,,549300RPG8GXVDHNXZ62,,
ENLV,NASDAQ,NCM,NasdaqCM,ADR/Cross-listed,Primary listing likely in Israel,2014,,BBG005ZL1Z86,BBG005ZL1Z86,BBG005ZL1Z95,1596812,Enlivex Therapeutics Ltd.,Israel,United States,USA,USD,https://www.enlivex.com,Healthcare,Biotechnology,Biopharma,Biotech,,,,,,,
ENVB,NASDAQ,NCM,NasdaqCM,Primary,,2015,US29405E5050,BBG000BBQ281,BBG000BBQ281,BBG001S5W660,890821,"Enveric Biosciences, Inc.",United States,United States,USA,USD,https://www.enveric.com,Healthcare,Biotechnology,Biopharma,Biotech,,,,,549300CATCWKUQ6G5854,,
EPRX,NASDAQ,NCM,NasdaqCM,ADR/Cross-listed,Primary listing likely in Canada,2024,CA29842P1053,BBG011CHM224,BBG011CHM224,BBG00Z83VS56,1581178,Eupraxia Pharmaceuticals Inc.,Canada,United States,USA,USD,https://www.eupraxiapharma.com,Healthcare,Biotechnology,Biopharma,Biotech,,,,,,,
ERNAW,NASDAQ,NCM,NasdaqCM,Primary,,,,BBG0202BSWT8,BBG0202BSWT8,,748592,Ernexa Therapeutics Inc. Warrants,United States,United States,USA,USD,https://www.ernexatx.com,,,Biopharma,Biotech,,,,,,,
ESLA,NASDAQ,NCM,NasdaqCM,Primary,,2021,US2975841048,BBG00ZDR7G05,BBG00ZDR7G05,BBG00ZDR7G14,1844417,"Estrella Immunopharma, Inc.",United States,United States,USA,USD,https://www.estrellabio.com,Healthcare,Biotechnology,Biopharma,Biotech,,,,,,,
ETON,NASDAQ,NGM,NasdaqGM,Primary,,2018,US29772L1089,BBG00H0KCMV1,BBG00H0KCMV1,BBG00H0KCMW0,1710340,"Eton Pharmaceuticals, Inc.",United States,United States,USA,USD,https://www.etonpharma.com,Healthcare,Drug Manufacturers - Specialty & Generic,Biopharma,Specialty & Generic Pharma,,,,,,,
EVAX,NASDAQ,NCM,NasdaqCM,ADR/Cross-listed,Primary listing likely in Denmark,2021,US29970R3030,BBG00YTSS733,BBG00YTSS733,BBG00YTSS7Z8,1828253,Evaxion Biotech A/S,Denmark,United States,USA,USD,https://evaxion.ai,Healthcare,Biotechnology,Biopharma,Biotech,,,,,,,
EVGN,NASDAQ,NCM,NasdaqCM,ADR/Cross-listed,Primary listing likely in Israel,2010,IL0011050551,BBG000TGYG90,BBG000TGYG90,BBG001SR80P1,1574565,Evogene Ltd.,Israel,United States,USA,USD,https://www.evogene.com,Healthcare,Biotechnology,Biopharma,Biotech,,,,,,,
EWTX,NASDAQ,NMS,NasdaqGS,Primary,,2021,US28036F1057,BBG00K4Y2H24,BBG00K4Y2H24,BBG00K4Y2H33,1710072,"Edgewise Therapeutics, Inc.",United States,United States,USA,USD,https://edgewisetx.com,Healthcare,Biotechnology,Biopharma,Biotech,,,,,,,
FBLG,NASDAQ,NCM,NasdaqCM,Primary,,2024,US31573L2043,BBG01K4MB400,BBG01K4MB400,BBG01K4MB4V6,1958777,"FibroBiologics, Inc. Common Stock",United States,United States,USA,USD,https://fibrobiologics.com,Healthcare,Biotechnology,Biopharma,Biotech,,,,,5493000KQEGHXVWRMZ92,,
FBRX,NASDAQ,NCM,NasdaqCM,Primary,,2017,US34962G2084,BBG001J2N4H0,BBG001J2N4H0,BBG001V0GC53,1419041,"Forte Biosciences, Inc.",United States,United States,USA,USD,https://www.fortebiorx.com,Healthcare,Biotechnology,Biopharma,Biotech,,,,,529900Z84WFDHPS3JP76,,
FENC,NASDAQ,NCM,NasdaqCM,Primary,,2017,,BBG000DTH814,BBG000DTH814,BBG001S69M23,1211583,Fennec Pharmaceuticals Inc.,United States,United States,USA,USD,https://www.fennecpharma.com,Healthcare,Biotechnology,Biopharma,Biotech,,,,,,,
FLNA,NASDAQ,NCM,NasdaqCM,Primary,,,,BBG000BK9YW3,BBG000BK9YW3,BBG001SCKXX9,1069530,"Filana Therapeutics, Inc.",United States,United States,USA,USD,https://www.filanatx.com,Healthcare,Biotechnology,Biopharma,Biotech,,,,,,,
FTH,NASDAQ,NCM,NasdaqCM,Primary,,2021,,BBG00V3M3TP5,BBG00V3M3TP5,BBG00V3M3TR3,1829802,"Faeth Therapeutics, Inc.",United States,United States,USA,USD,https://www.faeththerapeutics.com,Healthcare,Biotechnology,Biopharma,Biotech,,,,,,,
GANX,NASDAQ,NGM,NasdaqGM,Primary,,2021,US36269B1052,BBG00W7D7CJ9,BBG00W7D7CJ9,BBG00W7D7CK7,1819411,"Gain Therapeutics, Inc.",United States,United States,USA,USD,https://gaintherapeutics.com,Healthcare,Biotechnology,Biopharma,Biotech,,,,,,,
GOVX,NASDAQ,NCM,NasdaqCM,Primary,,2020,US3736787058,BBG000BGGJD8,BBG000BGGJD8,BBG001S6ZC26,832489,"GeoVax Labs, Inc.",United States,United States,USA,USD,https://www.geovax.com,Healthcare,Biotechnology,Biopharma,Biotech,,,,,549300KXK8Z4UZ4J7S86,,
GRDX,NASDAQ,NCM,NasdaqCM,ADR/Cross-listed,Primary listing likely in United Kingdom,2016,,BBG00DBBJ4T4,BBG00DBBJ4T4,BBG00DBBJ4V1,1604191,GridAI Technologies Corp.,United Kingdom,United States,USA,USD,https://www.grid-ai.com,Healthcare,Biotechnology,Biopharma,Biotech,,,,,,,
GRI,NASDAQ,NCM,NasdaqCM,Primary,,2021,US3622AW5029,BBG00XZQMLV6,BBG00XZQMLV6,BBG00XZQMLW5,1824293,"GRI Bio, Inc.",United States,United States,USA,USD,https://www.gribio.com,Healthcare,Biotechnology,Biopharma,Biotech,,,,,,,
GTBP,NASDAQ,NCM,NasdaqCM,Primary,,2018,US36254L3087,BBG000DHJ738,BBG000DHJ738,BBG001S80Y31,109657,"GT Biopharma, Inc.",United States,United States,USA,USD,https://www.gtbiopharma.com,Healthcare,Biotechnology,Biopharma,Biotech,,,,,549300HMPDDS7IM47Y18,,
GUTS,NASDAQ,NGM,NasdaqGM,Primary,,2024,US35168W1036,BBG002Y7NH72,BBG002Y7NH72,BBG002Y7NH81,1572616,"Fractyl Health, Inc.",United States,United States,USA,USD,https://fractyl.com,Healthcare,Biotechnology,Biopharma,Biotech,,,,,,,
HALO,NASDAQ,NMS,NasdaqGS,Primary,,2004,US40637H1095,BBG000CZ8W54,BBG000CZ8W54,BBG001SGX585,1159036,"Halozyme Therapeutics, Inc.",United States,United States,USA,USD,https://halozyme.com,Healthcare,Biotechnology,Biopharma,Biotech,,,,,529900242I3SV9AGM753,,
HCWB,NASDAQ,NCM,NasdaqCM,Primary,,2021,US40423R3030,BBG011769443,BBG011769443,BBG0117694Z9,1828673,HCW Biologics Inc.,United States,United States,USA,USD,https://www.hcwbiologics.com,Healthcare,Biotechnology,Biopharma,Biotech,,,,,5299008ZJ4RXXTN04Z97,,
HIND,NASDAQ,NCM,NasdaqCM,Primary,,2016,US92943X1046,BBG0036S6JY0,BBG0036S6JY0,BBG0036S6JZ9,1427570,"Vyome Holdings, Inc.",United States,United States,USA,USD,https://www.vyometx.com,Healthcare,Biotechnology,Biopharma,Biotech,,,,,,,
HKPD,NASDAQ,NCM,NasdaqCM,ADR/Cross-listed,Primary listing likely in Hong Kong,2025,,BBG01QK91KR4,BBG01QK91KR4,BBG01QK91LS1,2007702,"Cellyan Biotechnology Co., Ltd",Hong Kong,United States,USA,USD,https://www.9zt.hk,Healthcare,Medical Distribution,Biopharma,Specialty & Generic Pharma,,,,,,,
HLN,NYSE,NYQ,NYSE,ADR/Cross-listed,Primary listing likely in United Kingdom,2022,US4055521003,BBG018GZNCH6,BBG018GZNCH6,BBG018GZNDB0,1900304,Haleon plc,United Kingdom,United States,USA,USD,https://www.haleon.com,Healthcare,Drug Manufacturers - Specialty & Generic,Biopharma,Specialty & Generic Pharma,,,,,,,
HUMA,NASDAQ,NMS,NasdaqGS,Primary,,2020,US44486Q1031,BBG00XPPT7S7,BBG00XPPT7S7,BBG00XPPT7T6,1818382,"Humacyte, Inc.",United States,United States,USA,USD,https://www.humacyte.com,Healthcare,Biotechnology,Biopharma,Biotech,,,,,,,
HURA,NASDAQ,NCM,NasdaqCM,Primary,,2013,US8989201038,BBG001J7N7K8,BBG001J7N7K8,BBG001V0HK36,1498382,"TuHURA Biosciences, Inc.",United States,United States,USA,USD,https://www.tuhurabio.com,Healthcare,Biotechnology,Biopharma,Biotech,,,,,,,
HYFT,NASDAQ,NCM,NasdaqCM,Primary,,2002,CA6026871054,BBG000CR68W7,BBG000CR68W7,BBG001S60P25,1715925,MindWalk Holdings Corp.,United States,United States,USA,USD,https://www.mindwalkai.com,Healthcare,Biotechnology,Biopharma,Biotech,,,,,,,
IBO,NYSE American,ASE,NYSE American,Primary,,2024,US45259L2051,BBG01JFZG014,BBG01JFZG014,BBG01JFZG023,1834105,Impact BioMedical Inc.,United States,United States,USA,USD,https://www.impactbiomedinc.com,Healthcare,Biotechnology,Biopharma,Biotech,,,,,,,
ICCC,NASDAQ,NCM,NasdaqCM,Primary,,,,BBG000BLQ5Q2,BBG000BLQ5Q2,BBG001S5S3P1,811641,ImmuCell Corporation,United States,United States,USA,USD,https://immucell.com,Healthcare,Biotechnology,Biopharma,Biotech,,,,,,,
ICU,NASDAQ,NCM,NasdaqCM,Primary,,2021,,BBG00YVJVRK3,BBG00YVJVRK3,BBG00YVJVRL2,1831868,SeaStar Medical Holding Corporation,United States,United States,USA,USD,https://seastarmedical.com,Healthcare,Biotechnology,Biopharma,Biotech,,,,,,,
IGC,NYSE American,ASE,NYSE American,Primary,,2006,US45408X3089,BBG000NSSLY8,BBG000NSSLY8,BBG001SQQKX0,1326205,"IGC Pharma, Inc.",United States,United States,USA,USD,https://igcpharma.com,Healthcare,Biotechnology,Biopharma,Biotech,,,,,,,
IKT,NASDAQ,NCM,NasdaqCM,Primary,,2020,US45719W2052,BBG005TP2339,BBG005TP2339,BBG005TP2348,1750149,"Inhibikase Therapeutics, Inc.",United States,United States,USA,USD,https://www.inhibikase.com,Healthcare,Biotechnology,Biopharma,Biotech,,,,,549300066CFEWOA17F12,,
IMCC,NASDAQ,NCM,NasdaqCM,ADR/Cross-listed,Primary listing likely in Canada,2020,CA44969Q4060,BBG00TZRCZB5,BBG00TZRCZB5,BBG00QRNL954,1792030,IM Cannabis Corp.,Canada,United States,USA,USD,https://imcannabis.com,Healthcare,Drug Manufacturers - Specialty & Generic,Biopharma,Specialty & Generic Pharma,,,,,,,
IMRN,NASDAQ,NCM,NasdaqCM,ADR/Cross-listed,Primary listing likely in Australia,2017,,BBG000LZD9X8,BBG000LZD9X8,BBG001T0C840,1660046,Immuron Limited,Australia,United States,USA,USD,https://www.immuron.com.au,Healthcare,Biotechnology,Biopharma,Biotech,,,,,,,
INAB,NASDAQ,NCM,NasdaqCM,Primary,,2021,US45674E2081,BBG00XX9K1M2,BBG00XX9K1M2,BBG00XX9K2G7,1740279,"IN8bio, Inc.",United States,United States,USA,USD,https://in8bio.com,Healthcare,Biotechnology,Biopharma,Biotech,,,,,549300H68IVCRKSGSL94,,
INDP,NASDAQ,NCM,NasdaqCM,Primary,,2015,US45339J2042,BBG00ZNLVBC8,BBG00ZNLVBC8,BBG00ZNLVBD7,1857044,"Indaptus Therapeutics, Inc.",United States,United States,USA,USD,https://indaptusrx.com,Healthcare,Biotechnology,Biopharma,Biotech,,,,,,,
INM,NASDAQ,NCM,NasdaqCM,ADR/Cross-listed,Primary listing likely in Canada,2014,CA4576377002,BBG000BT4589,BBG000BT4589,BBG001SDV3N2,1728328,InMed Pharmaceuticals Inc.,Canada,United States,USA,USD,https://www.inmedpharma.com,Healthcare,Drug Manufacturers - Specialty & Generic,Biopharma,Biotech,,,,,,,
IPSC,NASDAQ,NCM,NasdaqCM,Primary,,2021,US15673T1007,BBG00PM8N5W0,BBG00PM8N5W0,BBG00PM8N5Y8,1850119,"Century Therapeutics, Inc.",United States,United States,USA,USD,https://www.centurytx.com,Healthcare,Biotechnology,Biopharma,Biotech,,,,,,,
IRD,NASDAQ,NCM,NasdaqCM,Primary,,2005,,BBG000BT34Q3,BBG000BT34Q3,BBG001SC04V7,1228627,"Opus Genetics, Inc.",United States,United States,USA,USD,https://opusgtx.com,Healthcare,Biotechnology,Biopharma,Biotech,,,,,,,
JBIO,NASDAQ,NCM,NasdaqCM,Primary,,2021,,BBG00WGHZFH4,BBG00WGHZFH4,BBG00WGHZFJ2,1798749,"Jade Biosciences, Inc.",United States,United States,USA,USD,https://jadebiosciences.com,Healthcare,Biotechnology,Biopharma,Biotech,,,,,,,
JUNS,NASDAQ,NCM,NasdaqCM,Primary,,2024,US48208B2034,BBG0130XFNK0,BBG0130XFNK0,BBG0130XFPG0,1679628,"Jupiter Neurosciences, Inc.",United States,United States,USA,USD,https://jupiterneurosciences.com,Healthcare,Biotechnology,Biopharma,Biotech,,,,,,,
KAPA,NYSE American,ASE,NYSE American,Primary,,2024,US48301N1046,BBG01JLR1R85,BBG01JLR1R85,BBG01JLR1S38,1962011,"Kairos Pharma, Ltd.",United States,United States,USA,USD,https://kairospharma.com,Healthcare,Biotechnology,Biopharma,Biotech,,,,,,,
KLRS,NASDAQ,NGM,NasdaqGM,Primary,,2020,US4829291065,BBG00P80SH34,BBG00P80SH34,BBG00P80SH43,1754068,Kalaris Therapeutics Inc,United States,United States,USA,USD,https://kalaristx.com,Healthcare,Biotechnology,Biopharma,Biotech,,,,,,,
KPRX,NASDAQ,NCM,NasdaqCM,Primary,,2015,US49721T5074,BBG0083Y1PH9,BBG0083Y1PH9,BBG0083Y1Q78,1372514,"Kiora Pharmaceuticals, Inc.",United States,United States,USA,USD,https://www.kiorapharma.com,Healthcare,Biotechnology,Biopharma,Biotech,,,,,549300395G8DB8ZFV365,,
KTTA,NASDAQ,NCM,NasdaqCM,Primary,,2021,US70261F2020,BBG01018ZGY8,BBG01018ZGY8,BBG01018ZHS3,1841330,Pasithea Therapeutics Corp.,United States,United States,USA,USD,https://www.pasithea.com,Healthcare,Biotechnology,Biopharma,Biotech,,,,,,,
KZIA,NASDAQ,NCM,NasdaqCM,ADR/Cross-listed,Primary listing likely in Australia,,,BBG000KC7878,BBG000KC7878,BBG001SCPMJ4,1075880,Kazia Therapeutics Ltd ADR,Australia,United States,USA,USD,https://www.kaziatherapeutics.com,Healthcare,Biotechnology,Biopharma,Biotech,,,,,,,
LABT,NASDAQ,NCM,NasdaqCM,Primary,,2026,US51255A2015,BBG01ZK61BH1,BBG01ZK61BH1,BBG01ZK61CF1,2079272,Lakewood-Amedex Biotherapeutics Inc. Common Stock,United States,United States,USA,USD,https://lakewoodamedex.com,Healthcare,Biotechnology,Biopharma,Biotech,,2026-04-23,2026-07-22,2026-10-20,,,
LBRX,NASDAQ,NGM,NasdaqGM,Primary,,2025,US50180M1080,BBG00XNP5MQ4,BBG00XNP5MQ4,BBG00XNP5MR3,1691082,LB Pharmaceuticals Inc Common Stock,United States,United States,USA,USD,https://lbpharma.us,Healthcare,Biotechnology,Biopharma,Biotech,,,,,,,
LEXX,NASDAQ,NCM,NasdaqCM,ADR/Cross-listed,Primary listing likely in Canada,2021,US52886N4060,BBG000JQHT18,BBG000JQHT18,BBG001SBJ1Q1,1348362,Lexaria Bioscience Corp.,Canada,United States,USA,USD,https://lexariabioscience.com,Healthcare,Biotechnology,Biopharma,Biotech,,,,,,,
LFMD,NASDAQ,NGM,NasdaqGM,Primary,,2008,US53216B1044,BBG000CMD5D7,BBG000CMD5D7,BBG001S5Z6Z5,948320,"LifeMD, Inc.",United States,United States,USA,USD,https://lifemd.com,Healthcare,Health Information Services,Biopharma,Specialty & Generic Pharma,,,,,,,
LGND,NASDAQ,NGM,NasdaqGM,Primary,,,,BBG000BKF014,BBG000BKF014,BBG001S8CH99,886163,Ligand Pharmaceuticals Incorporated,United States,United States,USA,USD,https://www.ligand.com,Healthcare,Biotechnology,Biopharma,Biotech,,,,,,,
LIMN,NASDAQ,NGM,NasdaqGM,Primary,,2025,US53271X1081,BBG01HVYG111,BBG01HVYG111,BBG01HVYG120,1971387,"Liminatus Pharma, Inc. Class A Common Stock",United States,United States,USA,USD,https://liminatuspharma.com,Healthcare,Biotechnology,Biopharma,Biotech,,,,,,,
LITS,NASDAQ,NCM,NasdaqCM,Primary,,2003,,BBG000BSGT68,BBG000BSGT68,BBG001SBWG10,1262104,"Lite Strategy, Inc.",United States,United States,USA,USD,https://www.litestrategy.com,Healthcare,Biotechnology,Biopharma,Biotech,,,,,,,
LSTA,NASDAQ,NCM,NasdaqCM,Primary,,,US1280583022,BBG000BNVDR4,BBG000BNVDR4,BBG001SBTRW6,320017,"Lisata Therapeutics, Inc.",United States,United States,USA,USD,https://www.lisata.com,Healthcare,Biotechnology,Biopharma,Biotech,,,,,5493002287F62M3EGQ04,,
MBIO,NASDAQ,NCM,NasdaqCM,Primary,,2017,US62818Q3020,BBG00FXTN420,BBG00FXTN420,BBG00FXTN439,1680048,"Mustang Bio, Inc.",United States,United States,USA,USD,https://www.mustangbio.com,Healthcare,Biotechnology,Biopharma,Biotech,,,,,5493004W0VC1DPECQ779,,
MBRX,NASDAQ,NCM,NasdaqCM,Primary,,2016,US60855D4088,BBG00B9T47L9,BBG00B9T47L9,BBG00B9T47N7,1659617,"Moleculin Biotech, Inc.",United States,United States,USA,USD,https://moleculin.com,Healthcare,Biotechnology,Biopharma,Biotech,,,,,549300IB1TLJZCHEO353,,
MDCX,NASDAQ,NCM,NasdaqCM,Primary,,2024,CA58471K2020,BBG01K9HNPW1,BBG01K9HNPW1,BBG01JPD08P6,1997296,Medicus Pharma Ltd. Common Stock,United States,United States,USA,USD,https://medicuspharma.com,Healthcare,Drug Manufacturers - General,Biopharma,Biotech,,,,,,,
MDXG,NASDAQ,NCM,NasdaqCM,Primary,,2008,US6024961012,BBG000RJ6FL5,BBG000RJ6FL5,BBG001STPW96,1376339,"MiMedx Group, Inc.",United States,United States,USA,USD,https://www.mimedx.com,Healthcare,Biotechnology,Biopharma,Biotech,,,,,,,
MENS,NASDAQ,NGM,NasdaqGM,ADR/Cross-listed,Primary listing likely in Taiwan,2025,,BBG01HZQMX71,BBG01HZQMX71,BBG01HZQMY60,1954488,Jyong Biotech Ltd. Ordinary Shares,Taiwan,United States,USA,USD,https://jyongbio.com,Healthcare,Biotechnology,Biopharma,Biotech,,,,,,,
MGX,NASDAQ,NMS,NasdaqGS,Primary,,2024,,BBG00Y5ZXS77,BBG00Y5ZXS77,BBG00Y5ZXS95,1785279,"Metagenomi, Inc. Common Stock",United States,United States,USA,USD,https://metagenomi.co,Healthcare,Biotechnology,Biopharma,Biotech,,,,,,,
MIRA,NASDAQ,NCM,NasdaqCM,Primary,,2023,US60458C1045,BBG01H8XP5F5,BBG01H8XP5F5,BBG01H8XP681,1904286,"MIRA Pharmaceuticals, Inc.",United States,United States,USA,USD,https://mirapharmaceuticals.com,Healthcare,Drug Manufacturers - General,Biopharma,Specialty & Generic Pharma,,,,,5493000N6HPDY7V7OR15,,
MLEC,NASDAQ,NCM,NasdaqCM,ADR/Cross-listed,Primary listing likely in Cayman Islands,2021,KYG6223S1259,BBG018Y8CWC9,BBG018Y8CWC9,BBG018Y8CWD8,1937737,Moolec Science S.A.,Cayman Islands,United States,USA,USD,https://www.moolecscience.com,Healthcare,Biotechnology,Biopharma,Biotech,,,,,,,
MRKR,NASDAQ,NCM,NasdaqCM,Primary,,2002,US57055L2060,BBG000GMZP09,BBG000GMZP09,BBG001SKLLN7,1094038,"Marker Therapeutics, Inc.",United States,United States,USA,USD,https://markertherapeutics.com,Healthcare,Biotechnology,Biopharma,Biotech,,,,,549300ZJ2JUDG0FI5Y49,,
MSLE,NASDAQ,NGM,NasdaqGM,ADR/Cross-listed,Primary listing likely in Canada,2012,CA80401L8033,BBG000VJM3C9,BBG000VJM3C9,BBG001SRK950,1421642,Satellos Bioscience Inc.,Canada,United States,USA,USD,https://satellos.com,Healthcare,Biotechnology,Biopharma,Biotech,,,,,,,
MTVA,NASDAQ,NCM,NasdaqCM,Primary,,2016,US64132R5037,BBG009YPPXR8,BBG009YPPXR8,BBG009YPPXS7,1638287,MetaVia Inc.,United States,United States,USA,USD,https://www.metaviatx.com,Healthcare,Biotechnology,Biopharma,Biotech,,,,,,,
NAGE,NASDAQ,NCM,NasdaqCM,Primary,,2008,,BBG000BG1J71,BBG000BG1J71,BBG001S9LSR3,1386570,Niagen Bioscience Inc,United States,United States,USA,USD,https://www.niagenbioscience.com,Healthcare,Biotechnology,Biopharma,Biotech,,,,,,,
NCEL,NASDAQ,NCM,NasdaqCM,ADR/Cross-listed,Primary listing likely in Switzerland,2021,,BBG00S2L23F4,BBG00S2L23F4,BBG00S2L2453,1783036,NewcelX Ltd.,Switzerland,United States,USA,USD,https://newcelx.com,Healthcare,Biotechnology,Biopharma,Biotech,,,,,,,
NEXR,NASDAQ,NCM,NasdaqCM,ADR/Cross-listed,Primary listing likely in Israel,2022,,BBG015HK85R5,BBG015HK85R5,BBG015HK86W7,1885408,Nexera Technologies Ltd,Israel,United States,USA,USD,https://nexera-tech.io,Consumer Cyclical,Internet Retail,Biopharma,Biotech,,,,,,,
NGEN,NASDAQ,NCM,NasdaqCM,ADR/Cross-listed,Primary listing likely in Canada,2019,CA64082X2032,BBG00NQ5C032,BBG00NQ5C032,BBG00MMMWGD3,1751912,NervGen Pharma Corp. Common stock,Canada,United States,USA,USD,https://nervgen.com,Healthcare,Biotechnology,Biopharma,Biotech,,,,,,,
NIKI,NASDAQ,NCM,NasdaqCM,Primary,,2018,US6539421023,BBG00LX0JFQ4,BBG00LX0JFQ4,BBG00LX0JGG3,1734005,"Niki BioSolutions, Inc.",United States,United States,USA,USD,https://www.aptorumgroup.com,Healthcare,Biotechnology,Biopharma,Biotech,,,,,984500B8DA8D2D9BFA46,,
NMAD,NASDAQ,NCM,NasdaqCM,Primary,,2007,,BBG000TC15T7,BBG000TC15T7,BBG001SZV9C2,1335105,"NOMAD Power Solutions, Inc.",United States,United States,USA,USD,https://nomadpower.com,Industrials,Electrical Equipment & Parts,Biopharma,Biotech,,,,,,,
NRSN,NASDAQ,NCM,NasdaqCM,ADR/Cross-listed,Primary listing likely in Israel,2021,IL0011809592,BBG0132WLB92,BBG0132WLB92,BBG0132WLC45,1875091,NeuroSense Therapeutics Ltd.,Israel,United States,USA,USD,https://www.neurosense-tx.com,Healthcare,Biotechnology,Biopharma,Biotech,,,,,,,
NRXS,NYSE American,ASE,NYSE American,Primary,,2023,US64134X2018,BBG01C9N12C3,BBG01C9N12C3,BBG01C9N1368,1933567,"NeurAxis, Inc.",United States,United States,USA,USD,https://neuraxis.com,Healthcare,Biotechnology,Biopharma,Biotech,,,,,,,
NSRX,NYSE American,ASE,NYSE American,ADR/Cross-listed,Primary listing likely in Israel,2025,IL0012181553,BBG01W00P7X8,BBG01W00P7X8,BBG01W00P8Y5,2029039,Nasus Pharma Ltd.,Israel,United States,USA,USD,https://www.nasuspharma.com,Healthcare,Drug Manufacturers - General,Biopharma,Specialty & Generic Pharma,,,,,,,
NTHI,NASDAQ,NGM,NasdaqGM,Primary,,2025,US64051A1016,BBG01KPDB522,BBG01KPDB522,BBG01KPDB5X8,1979414,"Neonc Technologies Holdings, Inc.",United States,United States,USA,USD,https://www.neonc.com,Healthcare,Biotechnology,Biopharma,Biotech,,,,,,,
NTRB,NASDAQ,NCM,NasdaqCM,Primary,,2021,US67092M2089,BBG00GSMQF58,BBG00GSMQF58,BBG00GSMQF67,1676047,Nutriband Inc.,United States,United States,USA,USD,https://www.nutriband.com,Healthcare,Biotechnology,Biopharma,Biotech,,,,,549300OZV3WLQQWOD724,,
NXTC,NASDAQ,NMS,NasdaqGS,Primary,,2019,US65343E2072,BBG00BTH5153,BBG00BTH5153,BBG00BTH5162,1661059,"NextCure, Inc.",United States,United States,USA,USD,https://www.nextcure.com,Healthcare,Biotechnology,Biopharma,Biotech,,,,,549300Y5PR6RJR1STI24,,
OBX,NASDAQ,NGM,NasdaqGM,Primary,,2026,US67448A1060,BBG02451DLZ2,BBG02451DLZ2,BBG02451DM26,2130606,Obsidian Therapeutics Inc.,United States,United States,USA,USD,https://obsidiantx.com,Healthcare,Biotechnology,Biopharma,Biotech,,,,,,,
ODTX,NASDAQ,NCM,NasdaqCM,Primary,,2026,US67613T1043,BBG0135WDLY8,BBG0135WDLY8,BBG0135WDLZ7,1882782,"Odyssey Therapeutics, Inc.",United States,United States,USA,USD,https://odysseytx.com,Healthcare,Biotechnology,Biopharma,Biotech,,2026-05-07,2026-08-05,2026-11-03,,,
OGI,NASDAQ,NMS,NasdaqGS,ADR/Cross-listed,Primary listing likely in Canada,2019,CA68617J1003,BBG0071L00W0,BBG0071L00W0,BBG002003J54,1620737,Organigram Global Inc.,Canada,United States,USA,USD,https://www.organigram.ca,Healthcare,Drug Manufacturers - Specialty & Generic,Biopharma,Specialty & Generic Pharma,,,,,,,
ONCO,NASDAQ,NCM,NasdaqCM,Primary,,2022,US68237Q4010,BBG00PNSYQJ2,BBG00PNSYQJ2,BBG00PNSYQK0,1782107,"Onconetix, Inc.",United States,United States,USA,USD,https://www.onconetix.com,Healthcare,Biotechnology,Biopharma,Biotech,,,,,,,
OPK,NASDAQ,NMS,NasdaqGS,Primary,,,US68375N1037,BBG000N49069,BBG000N49069,BBG001SD4254,944809,"OPKO Health, Inc.",United States,United States,USA,USD,https://www.opko.com,Healthcare,Diagnostics & Research,Biopharma,Biotech,,,,,529900A4S2D4OGOJLL02,,
OPTH,NASDAQ,NCM,NasdaqCM,ADR/Cross-listed,Primary listing likely in Canada,2026,CA68405H3080,BBG00ZVWX8F7,BBG00ZVWX8F7,BBG00ZF257B8,2027329,Optimi Health Corp.,Canada,United States,USA,USD,https://www.optimihealth.ca,Healthcare,Drug Manufacturers - Specialty & Generic,Biopharma,Specialty & Generic Pharma,,,,,,,
ORGO,NASDAQ,NCM,NasdaqCM,Primary,,2017,US68621F1021,BBG00FGGD295,BBG00FGGD295,BBG00FGGD311,1661181,Organogenesis Holdings Inc.,United States,United States,USA,USD,https://organogenesis.com,Healthcare,Drug Manufacturers - Specialty & Generic,Biopharma,Specialty & Generic Pharma,,,,,549300RLC2O821TU6941,,
ORKA,NASDAQ,NGM,NasdaqGM,Primary,,,US6876041087,BBG000BWNN28,BBG000BWNN28,BBG001SB1GL2,907654,"Oruka Therapeutics, Inc.",United States,United States,USA,USD,https://orukatx.com,Healthcare,Biotechnology,Biopharma,Biotech,,,,,,,
OSRH,NASDAQ,NCM,NasdaqCM,Primary,,2023,US68840D1028,BBG01752PPQ2,BBG01752PPQ2,BBG01752PQK6,1840425,"OSR Holdings, Inc.",United States,United States,USA,USD,https://osr-holdings.com,Healthcare,Biotechnology,Biopharma,Biotech,,,,,,,
PALI,NASDAQ,NCM,NasdaqCM,Primary,,2007,US6963894026,BBG000QG4DJ2,BBG000QG4DJ2,BBG001SS4KZ8,1357459,"Palisade Bio, Inc.",United States,United States,USA,USD,https://www.palisadebio.com,Healthcare,Biotechnology,Biopharma,Biotech,,,,,549300W6LIDX3I5XXT34,,
PAVS,NASDAQ,NCM,NasdaqCM,Primary,,2019,KYG4289N1557,BBG00NKKLBG7,BBG00NKKLBG7,BBG00NKKLC66,1751876,Paranovus Entertainment Technology Ltd.,United States,United States,USA,USD,https://pavs.ai,Consumer Defensive,Packaged Foods,Biopharma,Specialty & Generic Pharma,,,,,549300GBRO0XJ6KQYM11,,
PBM,NASDAQ,NCM,NasdaqCM,ADR/Cross-listed,Primary listing likely in Canada,2021,,BBG01L71H227,BBG01L71H227,BBG01L71H3Y0,1985062,Psyence Biomedical Ltd.,Canada,United States,USA,USD,https://psyencebiomed.com,Healthcare,Biotechnology,Biopharma,Biotech,,,,,,,
PCRX,NASDAQ,NMS,NasdaqGS,Primary,,2011,,BBG0018FQNS6,BBG0018FQNS6,BBG001S77N12,1396814,"Pacira BioSciences, Inc.",United States,United States,USA,USD,https://www.pacira.com,Healthcare,Drug Manufacturers - Specialty & Generic,Biopharma,Specialty & Generic Pharma,,,,,,,
PCSA,NASDAQ,NCM,NasdaqCM,Primary,,2014,US74275C4033,BBG003MN5ZP8,BBG003MN5ZP8,BBG003MN60F5,1533743,"Processa Pharmaceuticals, Inc.",United States,United States,USA,USD,https://www.processapharmaceuticals.com,Healthcare,Biotechnology,Biopharma,Biotech,,,,,529900A51HZIE4XJB960,,
PLRZ,NASDAQ,NCM,NasdaqCM,ADR/Cross-listed,Primary listing likely in Israel,2024,IL0011814113,BBG0194GNB18,BBG0194GNB18,BBG0194GNBX3,1893645,Polyrizon Ltd.,Israel,United States,USA,USD,https://www.polyrizon-biotech.com,Healthcare,Biotechnology,Biopharma,Biotech,,,,,,,
PLUR,NASDAQ,NCM,NasdaqCM,ADR/Cross-listed,Primary listing likely in Israel,2003,US72942G2030,BBG000DQX509,BBG000DQX509,BBG001S8QJB7,1158780,Pluri Inc.,Israel,United States,USA,USD,https://www.pluri-biotech.com,Healthcare,Biotechnology,Biopharma,Biotech,,,,,529900OZKMF7JGZMYM81,,
PLYX,NASDAQ,NCM,NasdaqCM,Primary,,2026,US73110F1003,BBG01ZPFWW22,BBG01ZPFWW22,BBG01ZPFWWC1,2075320,"Polaryx Therapeutics, Inc. Common Stock",United States,United States,USA,USD,https://polaryx.com,Healthcare,Biotechnology,Biopharma,Biotech,,,,,529900HOCSZB5SQ6D467,,
PMCB,NASDAQ,NCM,NasdaqCM,Primary,,2013,US71715X2036,BBG000BBVY94,BBG000BBVY94,BBG001S69496,1157075,"PharmaCyte Biotech, Inc.",United States,United States,USA,USD,https://pharmacyte.com,Healthcare,Biotechnology,Biopharma,Biotech,,,,,,,
PMN,NASDAQ,NCM,NasdaqCM,ADR/Cross-listed,Primary listing likely in Canada,2007,CA74346M5054,BBG000R0MF47,BBG000R0MF47,BBG001SMDG62,1374339,"ProMIS Neurosciences, Inc.",Canada,United States,USA,USD,https://www.promisneurosciences.com,Healthcare,Biotechnology,Biopharma,Biotech,,,,,,,
POM,NASDAQ,NGM,NasdaqGM,ADR/Cross-listed,Primary listing likely in China,2025,US73181R2076,BBG01SVDF9S8,BBG01SVDF9S8,BBG01SVDFC10,1877971,POMDOCTOR Ltd,China,United States,USA,USD,https://www.7lk.com,Healthcare,Pharmaceutical Retailers,Biopharma,Specialty & Generic Pharma,,,,,,,
PPBT,NASDAQ,NCM,NasdaqCM,ADR/Cross-listed,Primary listing likely in Israel,2015,US74638P3073,BBG00B3L3T17,BBG00B3L3T17,BBG00B3L3T26,1614744,Purple Biotech Ltd.,Israel,United States,USA,USD,https://purple-biotech.com,Healthcare,Biotechnology,Biopharma,Biotech,,,,,5493008YRL2KK6TM3819,,
PTHS,NYSE American,ASE,NYSE American,Primary,,2024,US1711262048,BBG01C9YP5V5,BBG01C9YP5V5,BBG01C9YP6S7,1919246,Pelthos Therapeutics Inc.,United States,United States,USA,USD,https://pelthos.com,Healthcare,Biotechnology,Biopharma,Biotech,,,,,,,
PVLA,NASDAQ,NGM,NasdaqGM,Primary,,2015,US6979471090,BBG0055C3N57,BBG0055C3N57,BBG0055C3N66,1583648,"Palvella Therapeutics, Inc.",United States,United States,USA,USD,https://palvellatx.com,Healthcare,Biotechnology,Biopharma,Biotech,,,,,,,
PYPD,NASDAQ,NCM,NasdaqCM,ADR/Cross-listed,Primary listing likely in Israel,2020,IL0011326795,BBG002Q6KV39,BBG002Q6KV39,BBG002Q6KV48,1611842,PolyPid Ltd.,Israel,United States,USA,USD,https://www.polypid.com,Healthcare,Biotechnology,Biopharma,Biotech,,,,,,,
QNTM,NASDAQ,NCM,NasdaqCM,ADR/Cross-listed,Primary listing likely in Canada,2018,CA74764Y2050,BBG00L45SFK1,BBG00L45SFK1,BBG00L1C7XW0,1771885,Quantum BioPharma Ltd.,Canada,United States,USA,USD,https://www.quantumbiopharma.com,Healthcare,Biotechnology,Biopharma,Biotech,,,,,,,
QSI,NASDAQ,NGM,NasdaqGM,Primary,,2020,US74765K1051,BBG00X8RS963,BBG00X8RS963,BBG00X8RS972,1816431,Quantum-Si incorporated,United States,United States,USA,USD,https://www.quantum-si.com,Healthcare,Medical Devices,Biopharma,Biotech,,,,,,,
RADX,NASDAQ,NCM,NasdaqCM,ADR/Cross-listed,Primary listing likely in Australia,2024,US75041J1016,BBG01PT2ZTY8,BBG01PT2ZTY8,BBG01PT2ZVT9,1949257,Radiopharm Theranostics Limited,Australia,United States,USA,USD,https://www.radiopharmtheranostics.com,Healthcare,Biotechnology,Biopharma,Biotech,,,,,,,
RCUS,NYSE,NYQ,NYSE,Primary,,2018,US03969F1093,BBG00DQD26W3,BBG00DQD26W3,BBG00DQD2751,1724521,"Arcus Biosciences, Inc.",United States,United States,USA,USD,https://arcusbio.com,Healthcare,Biotechnology,Biopharma,Biotech,,,,,,,
REVB,NASDAQ,NCM,NasdaqCM,Primary,,2020,US76135L8046,BBG00WH4GBZ2,BBG00WH4GBZ2,BBG00WH4GC08,1810560,"Revelation Biosciences, Inc.",United States,United States,USA,USD,https://www.revbiosciences.com,Healthcare,Biotechnology,Biopharma,Biotech,,,,,549300UKS15BEXENY615,,
RLYB,NASDAQ,NCM,NasdaqCM,Primary,,2021,US75120L2097,BBG011PFKF54,BBG011PFKF54,BBG011PFKG07,1739410,Rallybio Corporation,United States,United States,USA,USD,https://www.rallybio.com,Healthcare,Biotechnology,Biopharma,Biotech,,,,,,,
RNAZ,NASDAQ,NCM,NasdaqCM,Primary,,2021,US89357L5012,BBG00ZGYHV03,BBG00ZGYHV03,BBG00ZGYHVW8,1829635,"TransCode Therapeutics, Inc.",United States,United States,USA,USD,https://www.transcodetherapeutics.com,Healthcare,Biotechnology,Biopharma,Biotech,,,,,,,
RNXT,NASDAQ,NCM,NasdaqCM,Primary,,2021,US75989R1077,BBG005XWWZK6,BBG005XWWZK6,BBG005XWWZL5,1574094,"RenovoRx, Inc.",United States,United States,USA,USD,https://renovorx.com,Healthcare,Biotechnology,Biopharma,Biotech,,,,,,,
SABS,NASDAQ,NCM,NasdaqCM,Primary,,2021,US78397T2024,BBG00YHY0G24,BBG00YHY0G24,BBG00YHY0GX0,1833214,"SAB Biotherapeutics, Inc.",United States,United States,USA,USD,https://www.sab.bio,Healthcare,Biotechnology,Biopharma,Biotech,,,,,,,
SBFM,NASDAQ,NCM,NasdaqCM,Primary,,2022,US8677818093,BBG000RVLVB7,BBG000RVLVB7,BBG001SVBT66,1402328,"Sunshine Biopharma, Inc.",United States,United States,USA,USD,https://sunshinebiopharma.com,Healthcare,Drug Manufacturers - Specialty & Generic,Biopharma,Specialty & Generic Pharma,,,,,5299005Y64EHRQDQ2Q25,,
SCNI,NASDAQ,NCM,NasdaqCM,ADR/Cross-listed,Primary listing likely in Israel,2015,US09073Q3039,BBG007TGL1R2,BBG007TGL1R2,BBG007TGL3Q9,1611747,Scinai Immunotherapeutics Ltd.,Israel,United States,USA,USD,https://www.scinai.com,Healthcare,Biotechnology,Biopharma,Biotech,,,,,,,
SCTX,NASDAQ,NGM,NasdaqGM,Primary,,2026,US8110331092,BBG00RR3PF94,BBG00RR3PF94,BBG00RR3PFD9,1853921,Scribe Therapeutics Inc.,United States,United States,USA,USD,https://www.scribetx.com,Healthcare,Biotechnology,Biopharma,Biotech,,2026-07-23,2026-10-21,2027-01-19,,,
SDEV,NYSE American,ASE,NYSE American,Primary,,2007,,BBG000PVPJT3,BBG000PVPJT3,BBG001SQYBY0,1389545,Stablecoin Development Corp.,United States,United States,USA,USD,https://stabledev.com,Financial Services,Asset Management,Biopharma,Specialty & Generic Pharma,,,,,,,
SEER,NASDAQ,NMS,NasdaqGS,Primary,,2020,US81578P1066,BBG00HPLTRR8,BBG00HPLTRR8,BBG00HPLTRS7,1726445,"Seer, Inc.",United States,United States,USA,USD,https://seer.bio,Healthcare,Biotechnology,Biopharma,Biotech,,,,,,,
SGP,NASDAQ,NMS,NasdaqGS,Primary,,2026,US85220G1094,BBG01HDDMDS5,BBG01HDDMDS5,BBG01HDDMDT4,1778922,"SpyGlass Pharma, Inc. Common Stock",United States,United States,USA,USD,https://www.spyglasspharma.com,Healthcare,Biotechnology,Biopharma,Biotech,,2026-02-05,2026-05-06,2026-08-04,,,
SHPH,NASDAQ,NCM,NasdaqCM,Primary,,2022,US8256935003,BBG017Z2NFJ1,BBG017Z2NFJ1,BBG017Z2NGC6,1757499,"Shuttle Pharmaceuticals Holdings, Inc.",United States,United States,USA,USD,https://www.shuttlepharma.com,Healthcare,Drug Manufacturers - Specialty & Generic,Biopharma,Specialty & Generic Pharma,,,,,,,
SILO,NASDAQ,NCM,NasdaqCM,Primary,,2021,US82711P3001,BBG002D1DZ06,BBG002D1DZ06,BBG002D1DZR7,1514183,"Silo Pharma, Inc.",United States,United States,USA,USD,https://silopharma.com,Healthcare,Biotechnology,Biopharma,Biotech,,,,,,,
SLBT,NASDAQ,NGM,NasdaqGM,ADR/Cross-listed,Primary listing likely in Taiwan,2025,,BBG022Q187Y1,BBG022Q187Y1,BBG022Q188W1,2070534,SL Science Holding Ltd,Taiwan,United States,USA,USD,https://www.sl-bio.com,Healthcare,Biotechnology,Biopharma,Biotech,,,,,,,
SLXN,NASDAQ,NCM,NasdaqCM,ADR/Cross-listed,Primary listing likely in Israel,2021,KYG1281K1489,BBG01PBJB8C6,BBG01PBJB8C6,BBG01PBJB8F3,2022416,Silexion Therapeutics Ltd.,Israel,United States,USA,USD,https://silexion.com,Healthcare,Biotechnology,Biopharma,Biotech,,,,,,,
SPRC,NASDAQ,NCM,NasdaqCM,ADR/Cross-listed,Primary listing likely in Israel,2021,IL0010951403,BBG012BTGSV5,BBG012BTGSV5,BBG001SPR7B4,1611746,SciSparc Ltd.,Israel,United States,USA,USD,https://scisparc.com,Healthcare,Biotechnology,Biopharma,Biotech,,,,,,,
SPTX,NASDAQ,NMS,NasdaqGS,Primary,,2026,US81221K1088,BBG01MBY86J1,BBG01MBY86J1,BBG01MBY86L8,2042347,"Seaport Therapeutics, Inc. Common Stock",United States,United States,USA,USD,https://www.seaporttx.com,Healthcare,Biotechnology,Biopharma,Biotech,,2026-04-30,2026-07-29,2026-10-27,,,
SRZN,NASDAQ,NCM,NasdaqCM,Primary,,2021,US86889P2083,BBG00XY94S95,BBG00XY94S95,BBG00XY94SB2,1824893,"Surrozen, Inc.",United States,United States,USA,USD,https://www.surrozen.com,Healthcare,Biotechnology,Biopharma,Biotech,,,,,,,
SXTC,NASDAQ,NCM,NasdaqCM,ADR/Cross-listed,Primary listing likely in China,2019,VGG2161P1650,BBG00JF23165,BBG00JF23165,BBG00JF231Y4,1723980,"China SXT Pharmaceuticals, Inc.",China,United States,USA,USD,https://www.sxtchina.com,Healthcare,Drug Manufacturers - Specialty & Generic,Biopharma,Specialty & Generic Pharma,,,,,5493006HSPECSOT1UH87,,
SXTP,NASDAQ,NCM,NasdaqCM,Primary,,2023,US83006G5009,BBG00NXBJGQ4,BBG00NXBJGQ4,BBG00NXBJGR3,1946563,"60 Degrees Pharmaceuticals, Inc.",United States,United States,USA,USD,https://www.60degreespharma.com,Healthcare,Biotechnology,Biopharma,Biotech,,,,,,,
TAOX,NASDAQ,NCM,NasdaqCM,Primary,,2020,US87167T3005,BBG00YG4Q0S0,BBG00YG4Q0S0,BBG00YG4Q1N3,1571934,TAO Synergies Inc.,United States,United States,USA,USD,https://taosynergies.com,Financial Services,Capital Markets,Biopharma,Biotech,,,,,,,
TENX,NASDAQ,NCM,NasdaqCM,Primary,,,US88032L6056,BBG000BJ6R36,BBG000BJ6R36,BBG001S78GM3,34956,"Tenax Therapeutics, Inc.",United States,United States,USA,USD,https://www.tenaxthera.com,Healthcare,Biotechnology,Biopharma,Biotech,,,,,549300J03O6B1IJ2B606,,
TKNO,NASDAQ,NGM,NasdaqGM,Primary,,2021,US02080L1026,BBG00201BVN6,BBG00201BVN6,BBG00201BVP4,1850902,"Alpha Teknova, Inc.",United States,United States,USA,USD,https://www.teknova.com,Healthcare,Drug Manufacturers - Specialty & Generic,Biopharma,Specialty & Generic Pharma,,,,,,,
TOVX,NYSE American,ASE,NYSE American,Primary,,2006,US87164U5083,BBG000BV6QX8,BBG000BV6QX8,BBG001S77L07,894158,"Theriva Biologics, Inc.",United States,United States,USA,USD,https://therivabio.com,Healthcare,Biotechnology,Biopharma,Biotech,,,,,529900RVC1I52VWB3G55,,
TRAW,NASDAQ,NCM,NasdaqCM,Primary,,2013,US68232V8845,BBG000R338X6,BBG000R338X6,BBG001T921M7,1130598,"Traws Pharma, Inc.",United States,United States,USA,USD,https://www.trawspharma.com,Healthcare,Biotechnology,Biopharma,Biotech,,,,,549300BRAR7BTG2PIY51,,
TRAX,NASDAQ,NMS,NasdaqGS,Primary,,2026,US3371851029,BBG020RF4QV8,BBG020RF4QV8,BBG020RF4R28,2091349,First Tracks Biotherapeutics Inc,United States,United States,USA,USD,https://www.firsttracksbio.com,Healthcare,Biotechnology,Biopharma,Biotech,,,,,529900CGIGKN4R5RO925,,
TRLV,NYSE,NYQ,NYSE,Primary,,2018,CA89788C1041,BBG00M3PMKD9,BBG00M3PMKD9,BBG002VKN6C4,1754195,Trulieve Cannabis Corp.,United States,United States,USA,USD,https://www.trulieve.com,Healthcare,Drug Manufacturers - Specialty & Generic,Biopharma,Specialty & Generic Pharma,,,,,,,
TVRD,NASDAQ,NCM,NasdaqCM,Primary,,2014,US1407553072,BBG001J2QYS9,BBG001J2QYS9,BBG001V0GHL4,1346830,"Tvardi Therapeutics, Inc.",United States,United States,USA,USD,https://tvarditherapeutics.com,Healthcare,Biotechnology,Biopharma,Biotech,,,,,549300COVOY41P0GZ881,,
UNCY,NASDAQ,NCM,NasdaqCM,Primary,,2021,US90466Y2028,BBG01163JG34,BBG01163JG34,BBG01163JH05,1766140,"Unicycive Therapeutics, Inc.",United States,United States,USA,USD,https://unicycive.com,Healthcare,Biotechnology,Biopharma,Biotech,,,,,,,
UPC,NASDAQ,NCM,NasdaqCM,ADR/Cross-listed,Primary listing likely in China,2021,KYG9442G1385,BBG00WRF65K6,BBG00WRF65K6,BBG00WRF66B4,1809616,Universe Pharmaceuticals Inc.,China,United States,USA,USD,https://www.universe-pharmacy.com,Healthcare,Drug Manufacturers - Specialty & Generic,Biopharma,Specialty & Generic Pharma,,,,,,,
VCRE,NASDAQ,NCM,NasdaqCM,ADR/Cross-listed,Primary listing likely in Sweden,2026,US92581R1041,BBG023F21HG4,BBG023F21HG4,BBG023F21NT7,2124403,Vicore Pharma Holding AB,Sweden,United States,USA,USD,https://www.vicorepharma.com,Healthcare,Biotechnology,Biopharma,Biotech,,,,,,,
VIR,NASDAQ,NMS,NasdaqGS,Primary,,2019,US92764N1028,BBG00H2QQ8T5,BBG00H2QQ8T5,BBG00H2QQ8V2,1706431,"Vir Biotechnology, Inc.",United States,United States,USA,USD,https://www.vir.bio,Healthcare,Biotechnology,Biopharma,Biotech,,,,,,,
VIVS,NASDAQ,NCM,NasdaqCM,Primary,,2012,,BBG001M8GFD0,BBG001M8GFD0,BBG001V10TP9,1497253,"VivoSim Labs, Inc.",United States,United States,USA,USD,https://vivosim.ai,Healthcare,Biotechnology,Biopharma,Biotech,,,,,,,
VRAX,NASDAQ,NCM,NasdaqCM,ADR/Cross-listed,Primary listing likely in United Kingdom,2022,KYG9495L1335,BBG0166WT3L7,BBG0166WT3L7,BBG0166WT4F2,1885827,Virax Biolabs Group Limited,United Kingdom,United States,USA,USD,https://viraxbiolabs.com,Healthcare,Biotechnology,Biopharma,Biotech,,,,,,,
VRXA,NASDAQ,NGM,NasdaqGM,ADR/Cross-listed,Primary listing likely in Germany,2024,CH1476899161,BBG022W868B4,BBG022W868B4,BBG022W86986,2079109,Veraxa Biotech Holding AG,Germany,United States,USA,USD,https://www.veraxa.com,Healthcare,Biotechnology,Biopharma,Biotech,,,,,,,
VRXAW,NASDAQ,NCM,NasdaqCM,ADR/Cross-listed,Primary listing likely in Germany,,,BBG022W8D265,BBG022W8D265,,2079109,Veraxa Biotech AG,Germany,United States,USA,USD,https://www.veraxa.com,,,Biopharma,Biotech,,,,,,,
XCUR,NASDAQ,NCM,NasdaqCM,Primary,,2018,US30205M3097,BBG00GTJCSB4,BBG00GTJCSB4,BBG00GTJCSC3,1698530,"Exicure, Inc.",United States,United States,USA,USD,https://www.exicuretx.com,Healthcare,Biotechnology,Biopharma,Biotech,,,,,549300IMD6I0V06I2Z87,,
XRTX,NASDAQ,NCM,NasdaqCM,ADR/Cross-listed,Primary listing likely in Canada,2021,CA98420Q4051,BBG00KVK0YG4,BBG00KVK0YG4,BBG009J96Z06,1729214,XORTX Therapeutics Inc.,Canada,United States,USA,USD,https://www.xortx.com,Healthcare,Biotechnology,Biopharma,Biotech,,,,,,,
XTLB,NASDAQ,NCM,NasdaqCM,ADR/Cross-listed,Primary listing likely in Israel,2005,US98386D4060,BBG000F1JVP4,BBG000F1JVP4,BBG001SKMNX1,1023549,XTL Biopharmaceuticals Ltd.,Israel,United States,USA,USD,https://www.xtlbio.com,Healthcare,Biotechnology,Biopharma,Biotech,,,,,,,
YARW,NASDAQ,NCM,NasdaqCM,Primary,,2018,US92941V4077,BBG00H5W8GM8,BBG00H5W8GM8,BBG00H5W8GN7,1566044,Yarrow Bioscience Inc,United States,United States,USA,USD,https://www.yarrowbioscience.com,Healthcare,Biotechnology,Biopharma,Biotech,,,,,,,
YCBD,NYSE American,ASE,NYSE American,Primary,,2017,US12482W4087,BBG00J3H4KT7,BBG00J3H4KT7,BBG00J3H4LJ6,1644903,"cbdMD, Inc.",United States,United States,USA,USD,https://www.cbdmd.com,Healthcare,Drug Manufacturers - Specialty & Generic,Biopharma,Specialty & Generic Pharma,,,,,,,
YDES,NASDAQ,NGM,NasdaqGM,ADR/Cross-listed,Primary listing likely in Taiwan,2025,KYG983011076,BBG01WYPL1N4,BBG01WYPL1N4,BBG01WYPL1P2,2011674,YD Bio Limited Ordinary Shares,Taiwan,United States,USA,USD,https://www.ydesgroup.com,Healthcare,Biotechnology,Biopharma,Biotech,,,,,,,
ZYBT,NASDAQ,NCM,NasdaqCM,ADR/Cross-listed,Primary listing likely in China,2025,KYG989MS1016,BBG01KY0HFQ6,BBG01KY0HFQ6,BBG01KY0HGL9,1975641,Zhengye Biotechnology Holding Limited,China,United States,USA,USD,https://www.jlzybio.com,Healthcare,Drug Manufacturers - Specialty & Generic,Biopharma,Specialty & Generic Pharma,,,,,,,
3308.HK,HKEX,HKG,HKSE,Primary,Primary listing likely in China,2026,CNE100007SR6,BBG023WNR7R1,BBG023WNR7Q2,BBG023WNR7V6,,"Zhongji Innolight Co., Ltd. Class H",China,Hong Kong,HKG,HKD,https://www.zj-innolight.com,Technology,Communication Equipment,Tech,Optical Interconnect,,,,,,,
AAOI,NASDAQ,NGM,NasdaqGM,Primary,,2013,US03823U1025,BBG000D6VW15,BBG000D6VW15,BBG001SG47G4,1158114,"Applied Optoelectronics, Inc.",United States,United States,USA,USD,https://www.ao-inc.com,Technology,Communication Equipment,Tech,Optical Interconnect,,,,,,,
ALAB,NASDAQ,NMS,NasdaqGS,Primary,,2024,US04626A1034,BBG00TDKHW99,BBG00TDKHW99,BBG00TDKHWK6,1736297,"Astera Labs, Inc.",United States,United States,USA,USD,https://www.asteralabs.com,Technology,Semiconductors,Tech,Semiconductors / Connectivity,,,,,,,
ANET,NYSE,NYQ,NYSE,Primary,,2014,US0404132054,BBG000N2HDY5,BBG000N2HDY5,BBG001T51KQ0,1596532,"Arista Networks, Inc.",United States,United States,USA,USD,https://www.arista.com,Technology,Computer Hardware,Tech,Networking,,,,,,,
BLSM,NASDAQ,NGM,NasdaqGM,Primary,,2026,US0951301003,BBG00ZHSKKM1,BBG00ZHSKKM1,BBG00ZHSKKN0,1839970,"BlossomHill Therapeutics, Inc.",United States,United States,USA,USD,http://www.bhtherapeutics.com,Healthcare,Biotechnology,Biopharma,Biotech (Oncology),,2026-08-06,2026-11-04,2027-02-02,,,
CIEN,NYSE,NYQ,NYSE,Primary,,1997,US1717793095,BBG000BP1152,BBG000BP1152,BBG001S61J73,936395,Ciena Corporation,United States,United States,USA,USD,https://www.ciena.com,Technology,Communication Equipment,Tech,Optical Interconnect,,,,,,,
COHR,NYSE,NYQ,NYSE,Primary,,1987,US19247G1076,BBG000BLW102,BBG000BLW102,BBG001S5S6N6,820318,Coherent Corp.,United States,United States,USA,USD,https://www.coherent.com,Technology,"Hardware, Equipment & Parts",Tech,Optical Interconnect,,,,,,,
CRDO,NASDAQ,NMS,NasdaqGS,Primary,Primary listing likely in Cayman Islands,2022,KYG254571055,BBG00T68J2G0,BBG00T68J2G0,BBG00T68J2H9,1807794,Credo Technology Group Holding Ltd,Cayman Islands,United States,USA,USD,https://credosemi.com,Technology,Semiconductors,Tech,Semiconductors / Connectivity,,,,,,,
FN,NYSE,NYQ,NYSE,Primary,Primary listing likely in Cayman Islands,2010,KYG3323L1005,BBG000HBFQP5,BBG000HBFQP5,BBG001SP57F4,1408710,Fabrinet,Cayman Islands,United States,USA,USD,https://www.fabrinet.com,Technology,"Hardware, Equipment & Parts",Tech,Optical Interconnect,,,,,,,
JMKE,NYSE,NYQ,NYSE,Primary,,2026,US47668J1025,BBG023GD5N81,BBG023GD5N81,BBG023GD5PS4,2127043,Jersey Mike's Subs Inc.,United States,United States,USA,USD,http://www.jerseymikes.com,Consumer Cyclical,Restaurants,Consumer,Restaurants,,2026-07-29,2026-10-27,2027-01-25,,,
LITE,NASDAQ,NMS,NasdaqGS,Primary,,2015,US55024U1097,BBG0073F9RT7,BBG0073F9RT7,BBG0073F9RS8,1633978,Lumentum Holdings Inc.,United States,United States,USA,USD,https://www.lumentum.com,Technology,Communication Equipment,Tech,Optical Interconnect,,,,,,,
LTGO,NASDAQ,NGM,NasdaqGM,Primary,,2026,US5179541033,BBG01LGT3SL3,BBG01LGT3SL3,BBG01LGT3SM2,2056611,Latigo Biotherapeutics Inc.,United States,United States,USA,USD,http://www.latigobio.com,Healthcare,Medical - Pharmaceuticals,Biopharma,Biotech (Pain),,,,,,,
MRVL,NASDAQ,NMS,NasdaqGS,Primary,,2000,US5738741041,BBG00ZXBJ153,BBG00ZXBJ153,BBG00ZXBJ162,1835632,"Marvell Technology, Inc.",United States,United States,USA,USD,https://www.marvell.com,Technology,Semiconductors,Tech,Semiconductors / Connectivity,,,,,,,
SECARE SS,OMX Stockholm,STO,Stockholm,Primary,,2016,,,,,,Swedencare AB,Sweden,Sweden,SWE,SEK,https://www.swedencare.com,Consumer Defensive,Packaged Foods,Healthcare Services,Animal Health,Ordinary Share,,,,,,Y
AVGO,NASDAQ,NMS,NasdaqGS,Primary,,2009,US11135F1012,BBG00KHY5S69,BBG00KHY5S69,BBG00KHY5SY8,1730168,Broadcom Inc.,United States,United States,USA,USD,https://www.broadcom.com,Technology,Semiconductors,Tech,Semiconductors / Connectivity,,,,,,,
GEV,NYSE,NYQ,NYSE,Primary,,2024,US36828A1016,BBG013G17W31,BBG013G17W31,BBG013G17W77,1996810,GE Vernova Inc.,United States,United States,USA,USD,https://www.gevernova.com,Utilities,Renewable Utilities,Industrials,Electrical Equipment,,,,,,,
005930.KS,KRX,KSC,KSE,Primary,,1975,KR7005930003,BBG000BCY2S8,BBG000BCY2S8,BBG001S6K037,,"Samsung Electronics Co., Ltd.",South Korea,South Korea,KOR,KRW,https://www.samsung.com,Technology,Consumer Electronics,Tech,Semiconductors / Memory,,,,,,,
WDC,NASDAQ,NMS,NasdaqGS,Primary,,1978,US9581021055,BBG000BWNFZ9,BBG000BWNFZ9,BBG001S5XD28,106040,Western Digital Corporation,United States,United States,USA,USD,https://www.westerndigital.com,Technology,Computer Hardware,Tech,Storage / HDD,,,,,,,
STX,NASDAQ,NMS,NasdaqGS,Primary,Primary listing likely in Singapore,2002,,BBG0113JGQF0,BBG0113JGQF0,BBG0113JGQG9,1137789,Seagate Technology Holdings plc,Singapore,United States,USA,USD,https://www.seagate.com,Technology,Computer Hardware,Tech,Storage / HDD,,,,,,,
VOGX,NASDAQ,NGM,NasdaqGM,Primary,,2026,US92859A1060,BBG023PKT418,BBG023PKT418,BBG023PKT5X0,1903784,Vogenx Inc.,United States,United States,USA,USD,https://www.vogenx.com,Healthcare,Biotechnology,Biopharma,Biotech,,,,,,,
BSEM,NASDAQ,NCM,NasdaqCM,Primary,,2015,US0906842002,BBG000JZMH09,BBG000JZMH09,BBG001SC0G68,1658678,"BioStem Technologies, Inc.",United States,United States,USA,USD,https://biostemtechnologies.com,Healthcare,Biotechnology,Biopharma,Biotech,,,,,,,
HONA,NASDAQ,NMS,NasdaqGS,Primary,,2026,US43849R1059,BBG020QYV152,BBG020QYV152,BBG020QYV2Q7,2089271,Honeywell Aerospace Inc,United States,United States,USA,USD,http://www.honeywellaerospace.com,Industrials,Aerospace & Defense,Industrials,Aerospace & Defense,,,,,,,
